# Captured with Scaniverse (https://scaniverse.com)
#
# Version: 5.1.0 (583)
# Mode: Speed (583)
# Unit: meter
# Latitude: 42.3371512
# Longitude: -71.0873613
# Elevation: 29.462122
# Rotation: 37.32315 deg

mtllib desk_drawer.mtl

v 0.55734 0.39135 0.14252
v 0.55990 0.39994 0.13951
v 0.56842 0.40151 0.15865
v 0.56306 0.41122 0.14314
v 0.56221 0.38969 0.15390
v 0.56018 0.41135 0.13830
v 0.57018 0.41052 0.15925
v 0.56764 0.39094 0.16613
v 0.56010 0.42221 0.13828
v 0.57380 0.41520 0.17131
v 0.55928 0.38135 0.15757
v 0.57277 0.40147 0.17330
v 0.57071 0.42054 0.15962
v 0.56459 0.38405 0.16760
v 0.57042 0.39135 0.17684
v 0.56486 0.43135 0.14926
v 0.57169 0.43115 0.16036
v 0.57488 0.40188 0.18679
v 0.56260 0.38135 0.16627
v 0.55923 0.43297 0.13922
v 0.57462 0.43224 0.17038
v 0.57717 0.44637 0.18520
v 0.55682 0.38459 0.16907
v 0.56327 0.38135 0.16957
v 0.57259 0.39144 0.18981
v 0.56445 0.44135 0.14988
v 0.57088 0.45019 0.15949
v 0.57535 0.43775 0.17451
v 0.57589 0.40141 0.20267
v 0.55138 0.38135 0.16933
v 0.56605 0.38165 0.18217
v 0.55746 0.44135 0.14234
v 0.57818 0.50264 0.18459
v 0.57919 0.45395 0.21462
v 0.55629 0.37727 0.16203
v 0.55201 0.39135 0.16839
v 0.55901 0.37593 0.17590
v 0.56925 0.38154 0.19984
v 0.57455 0.39126 0.20765
v 0.55486 0.45135 0.14621
v 0.56418 0.45135 0.15027
v 0.57098 0.46595 0.15890
v 0.57587 0.47890 0.17447
v 0.57867 0.47823 0.20038
v 0.57834 0.45181 0.20093
v 0.57784 0.40294 0.22630
v 0.56174 0.37528 0.18978
v 0.57276 0.38604 0.20923
v 0.57607 0.53294 0.17562
v 0.57875 0.48825 0.20103
v 0.57847 0.46135 0.20073
v 0.57848 0.46135 0.20102
v 0.57982 0.44081 0.23694
v 0.56446 0.37453 0.20366
v 0.57124 0.38135 0.22026
v 0.57554 0.39103 0.22318
v 0.56410 0.46131 0.15036
v 0.57073 0.50845 0.15880
v 0.57773 0.54802 0.18528
v 0.57859 0.47135 0.20110
v 0.57854 0.51797 0.20085
v 0.58005 0.40205 0.25117
v 0.57946 0.54479 0.23200
v 0.56232 0.37135 0.20684
v 0.56719 0.37667 0.21753
v 0.57821 0.39654 0.23699
v 0.57126 0.52968 0.15841
v 0.57671 0.58269 0.17475
v 0.57834 0.53721 0.20093
v 0.57852 0.52135 0.20066
v 0.58431 0.42728 0.30140
v 0.58026 0.51825 0.24120
v 0.56161 0.37353 0.22583
v 0.57135 0.38128 0.22992
v 0.57716 0.39164 0.23849
v 0.57858 0.58475 0.18352
v 0.57828 0.54135 0.20089
v 0.57840 0.53135 0.20084
v 0.57839 0.53135 0.20097
v 0.58273 0.45987 0.28997
v 0.58213 0.40161 0.28585
v 0.58183 0.48300 0.27324
v 0.58204 0.53895 0.25519
v 0.56087 0.37135 0.21329
v 0.57807 0.55469 0.20114
v 0.57828 0.54135 0.20102
v 0.58487 0.47758 0.32773
v 0.58808 0.42052 0.33993
v 0.58125 0.50495 0.27030
v 0.58228 0.55155 0.26630
v 0.57211 0.38197 0.24614
v 0.57810 0.56800 0.20108
v 0.57810 0.55135 0.20129
v 0.58917 0.43581 0.34596
v 0.57903 0.39028 0.27275
v 0.58496 0.40128 0.33081
v 0.58313 0.51087 0.30157
v 0.57952 0.56703 0.23947
v 0.58314 0.53906 0.28577
v 0.56041 0.37132 0.23712
v 0.57432 0.38218 0.26916
v 0.57816 0.57135 0.20081
v 0.57918 0.58527 0.23313
v 0.59036 0.47186 0.36753
v 0.58038 0.39340 0.28895
v 0.58094 0.39081 0.31503
v 0.58600 0.40005 0.37250
v 0.58939 0.42508 0.38636
v 0.58161 0.57451 0.28282
v 0.58313 0.55478 0.28531
v 0.56648 0.37403 0.25293
v 0.57829 0.58135 0.20090
v 0.57828 0.58135 0.20101
v 0.58670 0.51486 0.35385
v 0.59010 0.44452 0.36101
v 0.58496 0.51947 0.33577
v 0.57350 0.38070 0.28068
v 0.58324 0.39250 0.34220
v 0.58348 0.39171 0.35997
v 0.58453 0.54317 0.30115
v 0.55876 0.36558 0.24801
v 0.57834 0.58468 0.20093
v 0.59109 0.49373 0.38016
v 0.59038 0.43825 0.39207
v 0.56760 0.37135 0.27804
v 0.57470 0.38229 0.29587
v 0.57694 0.38248 0.31596
v 0.57820 0.38120 0.33202
v 0.58553 0.39131 0.39086
v 0.59052 0.40273 0.42862
v 0.58013 0.59761 0.25490
v 0.58396 0.56938 0.30999
v 0.55604 0.36709 0.23414
v 0.56149 0.36571 0.26189
v 0.57905 0.61279 0.21630
v 0.59132 0.49079 0.40196
v 0.58826 0.55326 0.37289
v 0.58565 0.54694 0.33689
v 0.56658 0.37166 0.29039
v 0.57221 0.36784 0.34945
v 0.57932 0.38302 0.35892
v 0.58125 0.38190 0.37953
v 0.58016 0.64100 0.23561
v 0.58359 0.59075 0.31286
v 0.55761 0.37135 0.23180
v 0.59119 0.50209 0.38964
v 0.59168 0.45133 0.41743
v 0.55699 0.36122 0.28689
v 0.56885 0.37200 0.30699
v 0.57326 0.37194 0.33313
v 0.58113 0.37187 0.40953
v 0.58839 0.39091 0.42355
v 0.58069 0.64835 0.25097
v 0.58038 0.61680 0.25587
v 0.57908 0.64237 0.20341
v 0.59123 0.54384 0.41562
v 0.59093 0.56286 0.39890
v 0.59199 0.48752 0.41628
v 0.55916 0.36162 0.29778
v 0.56785 0.36149 0.34450
v 0.57489 0.37144 0.36752
v 0.57915 0.37304 0.39167
v 0.58987 0.39139 0.43530
v 0.59153 0.39532 0.45148
v 0.58082 0.65881 0.25081
v 0.58309 0.61449 0.30128
v 0.58013 0.70229 0.20045
v 0.58806 0.63294 0.35738
v 0.59333 0.61027 0.41461
v 0.59534 0.50986 0.46257
v 0.56392 0.36160 0.32124
v 0.56891 0.36048 0.36621
v 0.57474 0.36141 0.40348
v 0.58430 0.37815 0.42484
v 0.58961 0.38108 0.45122
v 0.59387 0.46628 0.45013
v 0.58153 0.66480 0.27167
v 0.58081 0.65850 0.25108
v 0.58094 0.66630 0.25086
v 0.58320 0.62135 0.30057
v 0.58507 0.66673 0.31824
v 0.57924 0.66506 0.18929
v 0.58100 0.70274 0.22777
v 0.59231 0.54434 0.43594
v 0.55858 0.35152 0.35595
v 0.57170 0.36142 0.39009
v 0.57759 0.36182 0.41726
v 0.58144 0.37135 0.41985
v 0.58601 0.37099 0.44661
v 0.59170 0.40512 0.46559
v 0.58353 0.65135 0.30079
v 0.58101 0.67135 0.25075
v 0.58338 0.63135 0.30103
v 0.58337 0.63135 0.30068
v 0.58033 0.71933 0.18875
v 0.58157 0.71398 0.25710
v 0.58128 0.69816 0.25036
v 0.59249 0.57855 0.43828
v 0.59134 0.63985 0.39175
v 0.58902 0.66135 0.36437
v 0.59495 0.48136 0.46148
v 0.59574 0.54662 0.47395
v 0.56185 0.35124 0.38673
v 0.56458 0.35185 0.39676
v 0.57473 0.36135 0.40359
v 0.57747 0.36156 0.41780
v 0.58240 0.36392 0.44465
v 0.59270 0.39074 0.46628
v 0.58873 0.37129 0.45982
v 0.59246 0.43960 0.46734
v 0.58350 0.64135 0.30077
v 0.58354 0.65692 0.30080
v 0.58110 0.68135 0.25062
v 0.58102 0.67253 0.25108
v 0.58350 0.64135 0.30086
v 0.57892 0.68114 0.18206
v 0.58033 0.74662 0.19031
v 0.57988 0.77426 0.21931
v 0.59458 0.62595 0.43347
v 0.59391 0.64709 0.42273
v 0.58914 0.67459 0.36418
v 0.58896 0.65135 0.36447
v 0.59488 0.49359 0.48116
v 0.59543 0.52298 0.48068
v 0.56771 0.35135 0.41063
v 0.58009 0.36026 0.45052
v 0.59293 0.38125 0.46618
v 0.59203 0.40135 0.46750
v 0.59346 0.42290 0.47635
v 0.58353 0.65135 0.30081
v 0.58358 0.66135 0.30074
v 0.58109 0.68135 0.25096
v 0.57960 0.72075 0.17806
v 0.57902 0.73997 0.17933
v 0.58117 0.69135 0.25102
v 0.58257 0.78595 0.27111
v 0.59624 0.60603 0.48155
v 0.59577 0.64805 0.47248
v 0.59248 0.67669 0.40123
v 0.58908 0.66639 0.36475
v 0.58931 0.69349 0.36439
v 0.58897 0.65135 0.36467
v 0.59344 0.45650 0.47611
v 0.59418 0.47507 0.47690
v 0.59597 0.55691 0.49050
v 0.56981 0.35174 0.41756
v 0.57276 0.35153 0.44044
v 0.59718 0.38065 0.47843
v 0.59277 0.37135 0.47565
v 0.58019 0.35621 0.46720
v 0.59430 0.40959 0.47670
v 0.59684 0.39298 0.47794
v 0.58371 0.67135 0.30054
v 0.58358 0.66135 0.30082
v 0.57894 0.70135 0.17724
v 0.57911 0.78109 0.20021
v 0.57851 0.77133 0.18225
v 0.58305 0.72261 0.28107
v 0.59609 0.66893 0.46122
v 0.59389 0.69782 0.42872
v 0.58927 0.68569 0.36480
v 0.58895 0.72546 0.35929
v 0.59464 0.48135 0.48155
v 0.59620 0.50958 0.48974
v 0.59600 0.53736 0.49000
v 0.57532 0.35135 0.46392
v 0.58574 0.36241 0.47111
v 0.59601 0.39984 0.47837
v 0.60084 0.42135 0.49026
v 0.59512 0.44716 0.48046
v 0.58371 0.67135 0.30091
v 0.58389 0.68437 0.30071
v 0.57610 0.70434 0.16505
v 0.57579 0.73135 0.16885
v 0.57912 0.77601 0.18950
v 0.57638 0.76490 0.17518
v 0.58248 0.81092 0.23717
v 0.58802 0.78553 0.34879
v 0.59800 0.65745 0.50286
v 0.59388 0.67684 0.42841
v 0.59392 0.70135 0.42823
v 0.59492 0.46135 0.48114
v 0.59470 0.47135 0.48146
v 0.59715 0.49264 0.49131
v 0.59737 0.54135 0.49541
v 0.59117 0.37161 0.48661
v 0.59803 0.38135 0.47918
v 0.58253 0.36177 0.48079
v 0.57346 0.35268 0.47471
v 0.60060 0.41234 0.49257
v 0.59951 0.39971 0.49224
v 0.60134 0.43509 0.49012
v 0.58385 0.68135 0.30100
v 0.57416 0.69084 0.16369
v 0.57589 0.72136 0.16459
v 0.57018 0.73884 0.15938
v 0.57979 0.79507 0.18995
v 0.56807 0.75173 0.15796
v 0.57913 0.79552 0.18188
v 0.58054 0.81136 0.19938
v 0.58567 0.81123 0.29852
v 0.59764 0.61963 0.50326
v 0.59471 0.68144 0.44246
v 0.59401 0.71135 0.42869
v 0.59319 0.72709 0.41338
v 0.59791 0.47845 0.49066
v 0.59789 0.52765 0.49456
v 0.59674 0.55441 0.49597
v 0.59703 0.38135 0.49056
v 0.59857 0.39135 0.47954
v 0.60178 0.42135 0.49374
v 0.60406 0.45131 0.49529
v 0.57227 0.70135 0.15617
v 0.57225 0.71135 0.15619
v 0.56780 0.78119 0.15780
v 0.57745 0.79677 0.17611
v 0.58305 0.82128 0.21222
v 0.58575 0.82097 0.26292
v 0.58826 0.81223 0.33644
v 0.59789 0.58537 0.50319
v 0.59916 0.62405 0.50945
v 0.59401 0.71135 0.42829
v 0.60217 0.46132 0.49380
v 0.60471 0.48186 0.50251
v 0.60428 0.50502 0.50331
v 0.60543 0.53118 0.50834
v 0.60210 0.54591 0.50602
v 0.58542 0.37495 0.49446
v 0.59404 0.40192 0.50033
v 0.59924 0.39135 0.49204
v 0.60321 0.43135 0.49471
v 0.59479 0.40999 0.50163
v 0.60417 0.44135 0.49535
v 0.57206 0.69135 0.15647
v 0.57194 0.72135 0.15665
v 0.56431 0.74135 0.15008
v 0.58149 0.81135 0.19100
v 0.58112 0.81516 0.17877
v 0.58299 0.82135 0.20406
v 0.58470 0.82132 0.23415
v 0.58551 0.82135 0.25393
v 0.58839 0.82142 0.30355
v 0.58889 0.82108 0.31407
v 0.59998 0.60623 0.50912
v 0.59562 0.72358 0.45316
v 0.59409 0.72135 0.42856
v 0.59409 0.72135 0.42835
v 0.60504 0.47135 0.50194
v 0.60669 0.52096 0.50891
v 0.59932 0.56492 0.50506
v 0.57324 0.36072 0.48648
v 0.58861 0.38135 0.49694
v 0.59189 0.39135 0.49915
v 0.59751 0.42135 0.50292
v 0.60538 0.46135 0.50142
v 0.60535 0.45135 0.50147
v 0.56719 0.69135 0.14578
v 0.57133 0.67880 0.15810
v 0.56632 0.71135 0.14709
v 0.56533 0.72135 0.14856
v 0.56462 0.73135 0.14961
v 0.56299 0.76126 0.15214
v 0.58396 0.82134 0.19256
v 0.57018 0.79783 0.15930
v 0.57514 0.81041 0.16844
v 0.58664 0.82781 0.20651
v 0.58998 0.83102 0.22017
v 0.58924 0.82791 0.25644
v 0.58911 0.82412 0.29249
v 0.58953 0.82091 0.32733
v 0.60569 0.47135 0.50842
v 0.60658 0.48215 0.50893
v 0.60739 0.51135 0.50956
v 0.60749 0.53135 0.51622
v 0.60742 0.54135 0.51633
v 0.60723 0.55135 0.51660
v 0.58027 0.38251 0.50151
v 0.57987 0.40000 0.50550
v 0.59995 0.43135 0.50456
v 0.58835 0.42587 0.50861
v 0.60222 0.44344 0.50609
v 0.56537 0.67142 0.14879
v 0.56704 0.70135 0.14602
v 0.56275 0.78054 0.15243
v 0.58286 0.82113 0.17998
v 0.59195 0.83258 0.19839
v 0.59000 0.83135 0.20877
v 0.59160 0.83197 0.23443
v 0.58651 0.82440 0.24256
v 0.59201 0.83135 0.25232
v 0.59224 0.83123 0.25860
v 0.59184 0.82689 0.30637
v 0.59545 0.83168 0.29631
v 0.59561 0.83135 0.30076
v 0.59457 0.82872 0.32025
v 0.59416 0.73135 0.42846
v 0.60442 0.46135 0.50756
v 0.60742 0.50135 0.50958
v 0.60740 0.52135 0.51636
v 0.60691 0.56135 0.51709
v 0.58022 0.38725 0.50357
v 0.58428 0.41135 0.50608
v 0.60315 0.45135 0.50671
v 0.58962 0.83119 0.18434
v 0.59494 0.83791 0.21208
v 0.59618 0.84146 0.22801
v 0.59178 0.83135 0.24610
v 0.59710 0.83135 0.31647
v 0.59767 0.83135 0.32233
v 0.59679 0.46464 0.51441
v 0.59993 0.48135 0.51660
v 0.60161 0.49135 0.51772
v 0.60344 0.50135 0.51895
v 0.60506 0.51486 0.52009
v 0.60618 0.53135 0.52079
v 0.60728 0.54135 0.52153
v 0.60665 0.57504 0.51760
v 0.60844 0.55272 0.52222
v 0.57565 0.42075 0.50929
v 0.59278 0.44553 0.51126
v 0.59962 0.45135 0.51000
v 0.58204 0.83109 0.16740
v 0.59750 0.84169 0.18999
v 0.59732 0.84135 0.20163
v 0.59640 0.84135 0.23716
v 0.59482 0.83542 0.24814
v 0.59674 0.84108 0.24939
v 0.60045 0.84148 0.29340
v 0.59644 0.83135 0.30946
v 0.59742 0.83346 0.29807
v 0.59899 0.83159 0.33391
v 0.58161 0.45016 0.51364
v 0.57567 0.83387 0.15134
v 0.59217 0.84132 0.17712
v 0.59611 0.84134 0.21203
v 0.59676 0.85169 0.23344
v 0.60109 0.84134 0.30054
v 0.60014 0.83536 0.31195
v 0.60287 0.83773 0.32582
v 0.59059 0.49632 0.52170
v 0.59355 0.51463 0.52479
v 0.60122 0.52963 0.52559
v 0.60179 0.55135 0.52989
v 0.60932 0.57135 0.52290
v 0.57248 0.82135 0.15586
v 0.59899 0.85125 0.19026
v 0.59706 0.85134 0.21076
v 0.59690 0.85145 0.25344
v 0.60244 0.84151 0.31344
v 0.59938 0.53955 0.52841
v 0.60344 0.56135 0.53100
v 0.56515 0.82135 0.14882
v 0.59287 0.85169 0.17523
v 0.59873 0.85135 0.20258
v 0.60158 0.85099 0.30556
v 0.59597 0.56359 0.53326
v 0.60526 0.57135 0.53222
v 0.59745 0.86013 0.18999
v 0.59678 0.86135 0.20127
v 0.59483 0.86160 0.24814
v 0.59550 0.86158 0.26281
v 0.59885 0.86310 0.30534
v 0.59144 0.87033 0.19869
v 0.59400 0.87022 0.28430
v 0.59205 0.87293 0.26990
v 0.59523 0.87135 0.30128
v 0.58911 0.87832 0.29249
v 0.59693 0.87126 0.31525
v 0.58783 0.88135 0.30368
v 0.59002 0.88113 0.30897
v 0.58565 0.88135 0.29766
v 0.59439 0.88096 0.32003
v 0.57990 0.89135 0.30621
v 0.58354 0.88331 0.30080
v 0.58802 0.89181 0.31549
v 0.59844 0.87135 0.32285
v 0.59291 0.89135 0.32272
v 0.59880 0.88135 0.33187
v 0.57795 0.91006 0.30916
v 0.59173 0.90135 0.32448
v 0.58440 0.91135 0.31745
v 0.60130 0.88980 0.33679
v 0.57778 0.92135 0.30937
v 0.59100 0.91135 0.32555
v 0.59759 0.91091 0.33430
v 0.58412 0.92135 0.31786
v 0.57796 0.92385 0.30910
v 0.59090 0.93155 0.32658
v 0.58389 0.93135 0.31821
v 0.57829 0.93135 0.30852
v 0.59166 0.94135 0.32458
v 0.58375 0.94112 0.31482
v 0.57897 0.94135 0.30760
v 0.58626 0.94536 0.31467
v 0.57047 0.93135 0.30232
v 0.58141 0.95128 0.30405
v 0.59457 0.94843 0.32025
v 0.56966 0.92778 0.30352
v 0.57137 0.94135 0.30097
v 0.58933 0.95135 0.31011
v 0.60287 0.94988 0.32582
v 0.56493 0.95135 0.29263
v 0.59184 0.95409 0.30637
v 0.59688 0.95135 0.31681
v 0.56694 0.95487 0.28964
v 0.57735 0.95519 0.29634
v 0.60014 0.95368 0.31195
v 0.59742 0.95742 0.29807
v 0.60572 0.95593 0.30365
v 0.61160 0.95260 0.32097
v 0.61609 0.95418 0.31159
v 0.61309 0.95719 0.29214
v 0.60336 0.95901 0.28676
v 0.61414 0.95987 0.27317
v 0.61972 0.96001 0.26487
v 0.62530 0.95918 0.25656
v 0.61914 0.95135 0.24779
v 0.62333 0.94126 0.24327
v 0.60902 0.94129 0.24751
v 0.62241 0.93239 0.24206
v 0.61708 0.92135 0.23900
v 0.61984 0.91616 0.22881
v 0.62542 0.91953 0.22051
v 0.61154 0.91648 0.22323
v 0.61416 0.92162 0.21223
v 0.61510 0.92403 0.20125
v 0.59758 0.92335 0.20326
v 0.60739 0.92445 0.19526
v 0.59576 0.92501 0.18984
v 0.61167 0.92650 0.18718
v 0.62555 0.92677 0.18445
v 0.29788 0.56050 0.17022
v 0.29834 0.57686 0.16952
v 0.29812 0.59135 0.16975
v 0.29796 0.60135 0.16998
v 0.29792 0.61135 0.17005
v 0.29791 0.53394 0.17001
v 0.29735 0.62135 0.17090
v 0.30181 0.51753 0.18608
v 0.30107 0.55816 0.18377
v 0.30229 0.58804 0.18204
v 0.30274 0.60949 0.18098
v 0.29728 0.64104 0.17104
v 0.30292 0.63133 0.18070
v 0.29565 0.65135 0.17343
v 0.30325 0.51625 0.19608
v 0.30353 0.56892 0.19670
v 0.30465 0.59351 0.19667
v 0.30259 0.64135 0.18103
v 0.29475 0.66135 0.17478
v 0.30500 0.62634 0.19752
v 0.30297 0.64428 0.18467
v 0.29472 0.68186 0.17480
v 0.30218 0.65135 0.18165
v 0.30422 0.51990 0.21062
v 0.30447 0.56457 0.21554
v 0.30900 0.64485 0.25925
v 0.30203 0.66482 0.18214
v 0.29406 0.70695 0.17589
v 0.30343 0.47910 0.21878
v 0.30870 0.61793 0.26000
v 0.30500 0.66444 0.20320
v 0.30205 0.69038 0.18158
v 0.30748 0.53087 0.26069
v 0.30896 0.63161 0.26125
v 0.30327 0.68728 0.18472
v 0.30251 0.73675 0.18144
v 0.29433 0.73135 0.17539
v 0.30724 0.49278 0.27649
v 0.31082 0.61314 0.29860
v 0.30519 0.68430 0.19508
v 0.30392 0.72648 0.18537
v 0.29506 0.74135 0.17430
v 0.31315 0.54964 0.35521
v 0.31139 0.58922 0.31084
v 0.31112 0.64746 0.29715
v 0.30716 0.69925 0.21931
v 0.30601 0.72859 0.19401
v 0.30658 0.76125 0.18847
v 0.31260 0.59438 0.33097
v 0.31152 0.60135 0.31082
v 0.31175 0.62135 0.31087
v 0.30759 0.73461 0.20413
v 0.30285 0.75135 0.18064
v 0.29647 0.75135 0.17221
v 0.31405 0.64019 0.34314
v 0.31141 0.59135 0.31138
v 0.31161 0.61135 0.31089
v 0.31170 0.61801 0.31095
v 0.31191 0.63135 0.31063
v 0.30802 0.76906 0.20573
v 0.30397 0.76135 0.17898
v 0.31618 0.58840 0.38555
v 0.31152 0.60135 0.31121
v 0.31176 0.62135 0.31098
v 0.31201 0.64135 0.31048
v 0.29832 0.75681 0.16945
v 0.30303 0.76135 0.17261
v 0.30777 0.77316 0.18828
v 0.31162 0.61135 0.31107
v 0.31528 0.53968 0.39964
v 0.31716 0.63568 0.38426
v 0.31193 0.63135 0.31110
v 0.31203 0.64260 0.31069
v 0.30638 0.77308 0.17524
v 0.31783 0.57148 0.43033
v 0.32316 0.62809 0.46933
v 0.30191 0.76135 0.16411
v 0.30623 0.77135 0.16272
v 0.32061 0.59075 0.46835
v 0.32525 0.68313 0.48638
v 0.31795 0.46045 0.45442
v 0.32502 0.66135 0.48839
v 0.29560 0.76373 0.15557
v 0.30390 0.76439 0.16115
v 0.31381 0.46477 0.39228
v 0.32014 0.51094 0.48424
v 0.32189 0.60450 0.49340
v 0.32500 0.64952 0.48829
v 0.32511 0.67135 0.48825
v 0.31573 0.41040 0.42555
v 0.31852 0.46056 0.48275
v 0.32076 0.55617 0.49692
v 0.32371 0.62419 0.48686
v 0.32503 0.65135 0.48855
v 0.32503 0.66135 0.48855
v 0.32524 0.67523 0.48877
v 0.31336 0.41109 0.38663
v 0.31776 0.40365 0.44373
v 0.31832 0.41635 0.45863
v 0.32035 0.52784 0.49742
v 0.32621 0.65305 0.51385
v 0.32121 0.58094 0.51152
v 0.32761 0.71558 0.52082
v 0.31200 0.45141 0.36558
v 0.31641 0.40152 0.42597
v 0.31795 0.41383 0.47131
v 0.31795 0.47036 0.49785
v 0.31897 0.54135 0.50858
v 0.32484 0.63940 0.51198
v 0.31971 0.55546 0.50973
v 0.32153 0.60033 0.51110
v 0.32658 0.67100 0.51339
v 0.31131 0.47182 0.34650
v 0.31101 0.41556 0.35091
v 0.31390 0.40150 0.38292
v 0.31942 0.39148 0.43814
v 0.31919 0.39780 0.46068
v 0.31853 0.40135 0.47214
v 0.31728 0.42320 0.48308
v 0.31651 0.44717 0.49436
v 0.31572 0.48459 0.50761
v 0.31804 0.52549 0.50749
v 0.32199 0.61567 0.51069
v 0.32249 0.64135 0.52299
v 0.31382 0.56135 0.52921
v 0.31857 0.59343 0.51997
v 0.32715 0.68304 0.52087
v 0.29560 0.82705 0.15557
v 0.31840 0.39123 0.41714
v 0.31753 0.40118 0.48312
v 0.31708 0.41118 0.48322
v 0.31374 0.45298 0.50520
v 0.31525 0.46974 0.50596
v 0.31668 0.50687 0.50742
v 0.31278 0.52239 0.51662
v 0.31491 0.54131 0.51793
v 0.31888 0.61598 0.52118
v 0.32050 0.63135 0.52164
v 0.32416 0.65128 0.52412
v 0.31461 0.55135 0.52183
v 0.31436 0.57714 0.52958
v 0.32483 0.66644 0.52453
v 0.32621 0.67135 0.52250
v 0.32660 0.69317 0.52558
v 0.32033 0.39136 0.45944
v 0.32307 0.38135 0.42700
v 0.31996 0.39121 0.47688
v 0.31406 0.41135 0.49323
v 0.31490 0.42173 0.49413
v 0.31141 0.44115 0.50829
v 0.31277 0.47451 0.51648
v 0.31270 0.49531 0.51647
v 0.31252 0.51135 0.51629
v 0.31560 0.63135 0.53040
v 0.31715 0.64135 0.53144
v 0.31329 0.55135 0.52885
v 0.31594 0.56135 0.53778
v 0.31415 0.59135 0.52943
v 0.31425 0.60135 0.52950
v 0.32602 0.68135 0.52536
v 0.32398 0.38054 0.45024
v 0.32235 0.38333 0.43857
v 0.31861 0.39135 0.48424
v 0.31359 0.40135 0.49291
v 0.31222 0.43135 0.50404
v 0.31216 0.45135 0.51605
v 0.31259 0.46135 0.51633
v 0.31187 0.50632 0.52596
v 0.31273 0.54135 0.52463
v 0.31506 0.62135 0.53004
v 0.31840 0.65135 0.53229
v 0.31831 0.66410 0.53370
v 0.31637 0.55135 0.53713
v 0.31554 0.57135 0.53838
v 0.31491 0.58128 0.53930
v 0.31466 0.61135 0.52977
v 0.32127 0.68135 0.53421
v 0.32381 0.38135 0.46364
v 0.32323 0.38135 0.43725
v 0.32152 0.38135 0.48619
v 0.30872 0.40135 0.50169
v 0.30963 0.41135 0.50230
v 0.31196 0.42135 0.50386
v 0.31125 0.43135 0.50890
v 0.31191 0.44135 0.51588
v 0.31450 0.46535 0.52199
v 0.31329 0.48707 0.52376
v 0.31100 0.52138 0.52728
v 0.31130 0.53079 0.52727
v 0.31246 0.62135 0.54034
v 0.31375 0.64005 0.54116
v 0.31495 0.65135 0.53925
v 0.31694 0.54135 0.53629
v 0.31275 0.54135 0.52849
v 0.32449 0.56135 0.54298
v 0.32349 0.57590 0.54484
v 0.31383 0.59282 0.54124
v 0.31306 0.60085 0.54121
v 0.32254 0.69434 0.53499
v 0.32508 0.37865 0.45244
v 0.32286 0.38190 0.47375
v 0.32933 0.37183 0.42956
v 0.31504 0.39135 0.49389
v 0.31209 0.42135 0.50765
v 0.31578 0.44135 0.52009
v 0.31518 0.45135 0.52098
v 0.31234 0.51135 0.52821
v 0.31272 0.61135 0.54051
v 0.31270 0.63135 0.54050
v 0.31549 0.66135 0.53845
v 0.32592 0.54485 0.54071
v 0.31575 0.67135 0.54255
v 0.31766 0.68853 0.54372
v 0.32976 0.37198 0.44446
v 0.33079 0.37131 0.46176
v 0.32831 0.37404 0.44206
v 0.32956 0.37172 0.43136
v 0.32002 0.38190 0.49674
v 0.31409 0.39250 0.50492
v 0.31240 0.40135 0.50719
v 0.31234 0.41135 0.50728
v 0.31829 0.42135 0.51635
v 0.31660 0.43243 0.51890
v 0.32312 0.46135 0.52709
v 0.32174 0.47543 0.52903
v 0.31972 0.49939 0.53241
v 0.31816 0.52135 0.53448
v 0.31748 0.53135 0.53550
v 0.31304 0.61135 0.54211
v 0.31267 0.62135 0.54266
v 0.31269 0.63135 0.54262
v 0.31499 0.65135 0.54204
v 0.31505 0.66135 0.54208
v 0.32836 0.56122 0.54329
v 0.32195 0.59133 0.54678
v 0.32124 0.60103 0.54802
v 0.29444 0.87135 0.17523
v 0.32874 0.37344 0.44285
v 0.32996 0.37169 0.44517
v 0.33023 0.37135 0.44608
v 0.32917 0.37238 0.43214
v 0.31975 0.41135 0.51417
v 0.32454 0.44302 0.52429
v 0.31849 0.63135 0.55192
v 0.31842 0.64135 0.55202
v 0.32776 0.52718 0.53803
v 0.33881 0.60058 0.55153
v 0.29539 0.87135 0.17953
v 0.31659 0.39135 0.50698
v 0.32052 0.40135 0.51303
v 0.32719 0.42135 0.52104
v 0.32625 0.43135 0.52248
v 0.33098 0.49479 0.53427
v 0.32015 0.61135 0.54945
v 0.31919 0.62135 0.55087
v 0.31868 0.65135 0.55164
v 0.31765 0.66135 0.55318
v 0.34677 0.55873 0.54505
v 0.34546 0.58401 0.55043
v 0.29896 0.88018 0.16980
v 0.30316 0.88135 0.18019
v 0.32424 0.38135 0.50749
v 0.32870 0.40135 0.51878
v 0.32803 0.41135 0.51978
v 0.33715 0.43263 0.52528
v 0.32879 0.63135 0.55452
v 0.32770 0.64135 0.55615
v 0.32690 0.65164 0.55735
v 0.33009 0.61381 0.55242
v 0.29594 0.89137 0.15588
v 0.32210 0.38646 0.51068
v 0.32134 0.39135 0.51181
v 0.32946 0.39135 0.51766
v 0.33699 0.42135 0.52438
v 0.34710 0.45884 0.52979
v 0.34843 0.51580 0.53828
v 0.34046 0.63560 0.55729
v 0.30390 0.88705 0.16115
v 0.33040 0.38704 0.51625
v 0.34164 0.49244 0.53485
v 0.33475 0.63135 0.55531
v 0.34788 0.65259 0.56060
v 0.32449 0.67401 0.56070
v 0.33606 0.67132 0.56171
v 0.35687 0.54672 0.54393
v 0.36323 0.57693 0.54964
v 0.37677 0.55356 0.54528
v 0.35241 0.58860 0.55174
v 0.38202 0.58150 0.55067
v 0.40211 0.56356 0.54512
v 0.36374 0.61037 0.55646
v 0.42758 0.58738 0.54718
v 0.35181 0.62287 0.55727
v 0.39142 0.61217 0.55696
v 0.46602 0.56042 0.54060
v 0.37798 0.62279 0.55911
v 0.44121 0.60068 0.54887
v 0.42018 0.61590 0.55443
v 0.36425 0.65282 0.56198
v 0.40735 0.62851 0.55816
v 0.45347 0.61780 0.55081
v 0.38584 0.65471 0.56271
v 0.50254 0.59979 0.54480
v 0.41415 0.64917 0.56127
v 0.37760 0.69215 0.56838
v 0.44162 0.66016 0.56097
v 0.49960 0.64737 0.55272
v 0.41476 0.66991 0.56410
v 0.49053 0.67323 0.55849
v 0.43807 0.68320 0.56545
v 0.55106 0.68772 0.55598
v 0.43335 0.71685 0.57034
v 0.48036 0.71953 0.56733
v 0.38984 0.71728 0.57247
v 0.53349 0.73431 0.56639
v 0.40719 0.73936 0.57547
v 0.45579 0.77594 0.57757
v 0.57559 0.71719 0.56081
v 0.41949 0.78682 0.58156
v 0.49702 0.80151 0.57952
v 0.54104 0.79109 0.57578
v 0.40120 0.77578 0.58112
v 0.45406 0.81478 0.58347
v 0.59333 0.78431 0.57167
v 0.38822 0.79332 0.58524
v 0.40830 0.82641 0.58897
v 0.43152 0.85133 0.58982
v 0.48970 0.85058 0.58653
v 0.51678 0.85077 0.58570
v 0.38975 0.80709 0.58799
v 0.58833 0.83829 0.57934
v 0.37782 0.81135 0.58913
v 0.37215 0.83535 0.59267
v 0.39663 0.85154 0.59371
v 0.48640 0.86114 0.58638
v 0.50787 0.86164 0.58593
v 0.55461 0.85082 0.58368
v 0.40863 0.86126 0.59119
v 0.42976 0.86129 0.58945
v 0.58460 0.85115 0.58113
v 0.36158 0.85138 0.59386
v 0.38840 0.86130 0.59194
v 0.45392 0.87233 0.58938
v 0.49933 0.87318 0.58746
v 0.55720 0.86090 0.58357
v 0.57490 0.86539 0.58184
v 0.36957 0.86189 0.59128
v 0.40039 0.87135 0.59140
v 0.41013 0.87111 0.59177
v 0.52088 0.88149 0.58747
v 0.54083 0.88094 0.58615
v 0.58858 0.86136 0.58018
v 0.37692 0.87135 0.59047
v 0.38836 0.87135 0.59157
v 0.42820 0.88155 0.59351
v 0.48979 0.88147 0.58938
v 0.58817 0.87131 0.57986
v 0.38714 0.88261 0.59501
v 0.41065 0.87994 0.59458
v 0.45256 0.88116 0.59163
v 0.47378 0.88140 0.59001
v 0.51901 0.90267 0.58612
v 0.54949 0.89230 0.58396
v 0.57353 0.88109 0.58251
v 0.41446 0.89269 0.59584
v 0.44636 0.89169 0.59241
v 0.46305 0.90363 0.59017
v 0.58813 0.88368 0.58093
v 0.38430 0.88885 0.59608
v 0.55619 0.90150 0.58358
v 0.57482 0.89259 0.58211
v 0.60156 0.88460 0.57786
v 0.58889 0.89134 0.58145
v 0.30778 0.66646 0.24409
v 0.30910 0.65348 0.26101
v 0.30915 0.66135 0.26094
v 0.30906 0.75342 0.24798
v 0.30916 0.66135 0.26105
v 0.30921 0.67135 0.26085
v 0.31071 0.74512 0.27170
v 0.30922 0.67135 0.26110
v 0.30933 0.68135 0.26066
v 0.30958 0.69802 0.26085
v 0.31082 0.79451 0.25021
v 0.30922 0.78065 0.22496
v 0.30936 0.68135 0.26119
v 0.30948 0.69135 0.26045
v 0.30998 0.78135 0.23752
v 0.31352 0.80700 0.30597
v 0.30849 0.78135 0.21242
v 0.30928 0.79237 0.22518
v 0.31657 0.76625 0.36051
v 0.31120 0.80609 0.25691
v 0.30924 0.78135 0.22493
v 0.30925 0.78135 0.22497
v 0.30900 0.81348 0.21753
v 0.31607 0.82122 0.34008
v 0.31039 0.82132 0.24116
v 0.31355 0.82135 0.30014
v 0.30856 0.79554 0.20823
v 0.31647 0.72153 0.36689
v 0.30929 0.79135 0.22486
v 0.31679 0.82135 0.35051
v 0.31423 0.82141 0.31269
v 0.31111 0.82135 0.25032
v 0.31407 0.82135 0.30741
v 0.31310 0.82114 0.29063
v 0.31690 0.69135 0.37467
v 0.31926 0.74660 0.40217
v 0.30879 0.82135 0.22561
v 0.31717 0.82135 0.35660
v 0.31111 0.83095 0.34726
v 0.31442 0.82537 0.32482
v 0.31171 0.82135 0.25713
v 0.30637 0.83002 0.24714
v 0.30830 0.83135 0.30866
v 0.31187 0.82140 0.26293
v 0.30897 0.83021 0.29707
v 0.31684 0.68135 0.37463
v 0.31692 0.70135 0.37468
v 0.31694 0.71271 0.37480
v 0.31924 0.79204 0.38486
v 0.30349 0.83120 0.23333
v 0.31763 0.82140 0.36314
v 0.31040 0.83135 0.34621
v 0.31170 0.82857 0.31095
v 0.30854 0.83135 0.31565
v 0.30990 0.83128 0.33194
v 0.30564 0.83135 0.25869
v 0.30421 0.83135 0.24569
v 0.30469 0.83135 0.24965
v 0.30749 0.83135 0.29928
v 0.31182 0.82509 0.27489
v 0.30720 0.83135 0.29588
v 0.31676 0.67135 0.37458
v 0.31685 0.68135 0.37501
v 0.31691 0.69135 0.37493
v 0.31693 0.71135 0.37469
v 0.31693 0.70135 0.37490
v 0.32227 0.76480 0.43836
v 0.31430 0.82908 0.36088
v 0.31130 0.83135 0.35887
v 0.30293 0.83923 0.34071
v 0.30929 0.83135 0.32137
v 0.30910 0.82872 0.26101
v 0.30340 0.83505 0.30537
v 0.30582 0.83135 0.26589
v 0.30687 0.83126 0.28249
v 0.31669 0.65721 0.37474
v 0.31868 0.82131 0.37589
v 0.32301 0.80737 0.43768
v 0.29807 0.83664 0.24156
v 0.31171 0.83135 0.36474
v 0.30600 0.83563 0.35530
v 0.30612 0.83353 0.31925
v 0.30229 0.84151 0.32572
v 0.30080 0.83469 0.25544
v 0.30019 0.84143 0.30315
v 0.30084 0.84135 0.30918
v 0.30642 0.83135 0.27126
v 0.30067 0.83768 0.29149
v 0.31675 0.66597 0.37519
v 0.32081 0.82146 0.40498
v 0.31702 0.82721 0.37476
v 0.32144 0.70214 0.43826
v 0.32426 0.82139 0.45240
v 0.30440 0.84135 0.36628
v 0.30132 0.84135 0.31602
v 0.29672 0.84151 0.25249
v 0.29761 0.84135 0.26019
v 0.30352 0.83319 0.26932
v 0.29896 0.84148 0.27664
v 0.31419 0.83135 0.39691
v 0.31273 0.83135 0.38115
v 0.32391 0.72160 0.47211
v 0.32569 0.81102 0.47672
v 0.32252 0.82121 0.42658
v 0.32158 0.82135 0.41395
v 0.31248 0.83135 0.37170
v 0.30203 0.85071 0.34884
v 0.29794 0.84135 0.26556
v 0.30038 0.85155 0.31438
v 0.31316 0.83135 0.38421
v 0.31500 0.83135 0.40954
v 0.32549 0.82134 0.46979
v 0.32207 0.82135 0.42105
v 0.32235 0.82649 0.43857
v 0.31690 0.83023 0.41081
v 0.30872 0.83389 0.36918
v 0.30521 0.84135 0.37441
v 0.29569 0.85126 0.24678
v 0.29781 0.84968 0.27810
v 0.30660 0.84148 0.39065
v 0.30860 0.83723 0.40524
v 0.30554 0.84135 0.37909
v 0.31145 0.83244 0.38306
v 0.32643 0.73050 0.50082
v 0.32798 0.78576 0.50321
v 0.32609 0.82135 0.47722
v 0.31925 0.83119 0.46054
v 0.31963 0.82872 0.42469
v 0.31667 0.83135 0.42909
v 0.31778 0.83141 0.44641
v 0.31546 0.83135 0.41295
v 0.31620 0.83135 0.42239
v 0.30140 0.86139 0.32692
v 0.30553 0.84698 0.38919
v 0.30012 0.86125 0.30380
v 0.32711 0.82139 0.48998
v 0.32682 0.82135 0.48572
v 0.32223 0.82984 0.47462
v 0.32005 0.83135 0.47316
v 0.31757 0.83135 0.43535
v 0.30188 0.86119 0.34188
v 0.30295 0.86142 0.36012
v 0.29872 0.86166 0.27651
v 0.30807 0.84141 0.41689
v 0.32906 0.80445 0.51547
v 0.32125 0.83135 0.48601
v 0.32044 0.83135 0.47729
v 0.31116 0.84085 0.45521
v 0.31392 0.83672 0.46905
v 0.31405 0.83355 0.43299
v 0.31031 0.84149 0.43909
v 0.31132 0.83499 0.41911
v 0.30451 0.87200 0.32145
v 0.30391 0.87039 0.33076
v 0.30285 0.87186 0.36098
v 0.29747 0.86330 0.24435
v 0.30067 0.86686 0.29149
v 0.32846 0.77902 0.51428
v 0.32829 0.82140 0.50153
v 0.32495 0.82825 0.48850
v 0.30874 0.84135 0.42296
v 0.30925 0.84135 0.42977
v 0.30295 0.87098 0.29480
v 0.30329 0.87135 0.35348
v 0.30531 0.88078 0.39147
v 0.29565 0.86098 0.22640
v 0.30103 0.87097 0.25512
v 0.30256 0.87248 0.27077
v 0.30814 0.85124 0.42697
v 0.32750 0.72918 0.52640
v 0.32768 0.82613 0.50237
v 0.32894 0.82138 0.51525
v 0.32194 0.83135 0.49297
v 0.31665 0.83480 0.48292
v 0.31036 0.85190 0.45353
v 0.31322 0.84144 0.48062
v 0.31204 0.88117 0.31047
v 0.30708 0.88730 0.41324
v 0.30028 0.87092 0.24233
v 0.32715 0.71135 0.52611
v 0.31387 0.84135 0.48706
v 0.30897 0.87818 0.29707
v 0.30028 0.87217 0.22002
v 0.30779 0.88101 0.24711
v 0.30975 0.88130 0.26038
v 0.30625 0.87649 0.28319
v 0.32401 0.71871 0.53641
v 0.32305 0.83135 0.49927
v 0.32399 0.83135 0.50787
v 0.31447 0.84135 0.49351
v 0.31277 0.85071 0.48867
v 0.31303 0.88135 0.29979
v 0.30365 0.87667 0.23326
v 0.30861 0.88135 0.24381
v 0.31127 0.88142 0.27515
v 0.31020 0.89370 0.45238
v 0.31937 0.83368 0.49680
v 0.32560 0.83135 0.51302
v 0.31091 0.87517 0.47585
v 0.31218 0.88140 0.28737
v 0.31728 0.88402 0.30265
v 0.30888 0.88141 0.22524
v 0.31637 0.84135 0.50683
v 0.31561 0.84135 0.50240
v 0.32210 0.83421 0.51068
v 0.31348 0.86138 0.50558
v 0.32379 0.88660 0.29332
v 0.30861 0.88135 0.23660
v 0.30756 0.88117 0.21105
v 0.32008 0.84135 0.51368
v 0.31383 0.85406 0.50500
v 0.31837 0.85135 0.51622
v 0.31650 0.86127 0.51896
v 0.32483 0.85535 0.52455
v 0.31494 0.87151 0.52104
v 0.32255 0.86135 0.52794
v 0.32644 0.85150 0.52519
v 0.32755 0.85792 0.53843
v 0.32606 0.84135 0.52272
v 0.32898 0.85181 0.53802
v 0.31925 0.86680 0.53285
v 0.32501 0.86135 0.53672
v 0.32731 0.84135 0.52622
v 0.31717 0.87132 0.53463
v 0.32502 0.86135 0.54220
v 0.32826 0.83135 0.52686
v 0.32865 0.84205 0.53856
v 0.31512 0.88103 0.53182
v 0.31865 0.87120 0.54769
v 0.32790 0.85135 0.55071
v 0.32742 0.83135 0.52069
v 0.32697 0.82456 0.54952
v 0.32530 0.86121 0.54826
v 0.32849 0.83051 0.53848
v 0.32870 0.82135 0.52716
v 0.31635 0.88149 0.55445
v 0.32494 0.85117 0.56027
v 0.32541 0.86143 0.55987
v 0.32860 0.79597 0.53902
v 0.32181 0.87119 0.56445
v 0.32352 0.84135 0.56233
v 0.32470 0.86516 0.56061
v 0.32634 0.78585 0.55027
v 0.32319 0.83120 0.56254
v 0.32332 0.85135 0.57173
v 0.32566 0.86135 0.57330
v 0.32752 0.77393 0.53755
v 0.32324 0.81722 0.55965
v 0.32312 0.84135 0.57159
v 0.32502 0.76859 0.54903
v 0.32341 0.78802 0.55966
v 0.32287 0.82135 0.56333
v 0.32467 0.83135 0.57264
v 0.32515 0.84135 0.57788
v 0.32614 0.86135 0.57640
v 0.32705 0.76072 0.53860
v 0.32074 0.75486 0.55787
v 0.32358 0.79192 0.56215
v 0.32306 0.81135 0.56305
v 0.32391 0.85135 0.57972
v 0.32642 0.74482 0.53760
v 0.32341 0.74902 0.54743
v 0.32297 0.78135 0.56318
v 0.32861 0.81135 0.57272
v 0.32702 0.82773 0.57495
v 0.33245 0.84135 0.58494
v 0.33175 0.86135 0.58598
v 0.32782 0.76135 0.52657
v 0.31884 0.74135 0.55667
v 0.32213 0.76899 0.56459
v 0.32981 0.79135 0.57093
v 0.32947 0.80135 0.57145
v 0.33445 0.83135 0.58195
v 0.33047 0.85135 0.58789
v 0.32776 0.74123 0.52654
v 0.32546 0.73135 0.53702
v 0.32115 0.74135 0.56589
v 0.32198 0.73709 0.54582
v 0.32141 0.75135 0.56550
v 0.32967 0.78135 0.57115
v 0.33771 0.80135 0.57711
v 0.33641 0.81656 0.57920
v 0.34265 0.84135 0.58769
v 0.34148 0.85135 0.58943
v 0.32070 0.73135 0.56656
v 0.31648 0.73102 0.55498
v 0.32913 0.76255 0.57181
v 0.33888 0.78791 0.57677
v 0.34371 0.82934 0.58497
v 0.31891 0.72135 0.54467
v 0.32947 0.74135 0.57145
v 0.32916 0.75135 0.57191
v 0.33832 0.77135 0.57620
v 0.34698 0.80906 0.58256
v 0.35233 0.84352 0.59122
v 0.31535 0.72135 0.55660
v 0.32978 0.72983 0.57039
v 0.31548 0.72135 0.55441
v 0.33861 0.76135 0.57577
v 0.34718 0.77081 0.57973
v 0.34716 0.79135 0.58097
v 0.35492 0.83051 0.58888
v 0.31853 0.70898 0.54462
v 0.32078 0.72135 0.56644
v 0.33771 0.74744 0.57412
v 0.35647 0.80135 0.58505
v 0.36356 0.84067 0.59284
v 0.31571 0.71135 0.55605
v 0.32166 0.71135 0.56514
v 0.35171 0.72416 0.57317
v 0.31587 0.70144 0.55557
v 0.35084 0.75286 0.57766
v 0.35823 0.78572 0.58301
v 0.36670 0.80634 0.58767
v 0.33953 0.71238 0.56876
v 0.31594 0.69156 0.55537
v 0.35683 0.77136 0.58169
v 0.32260 0.70135 0.56373
v 0.35866 0.71024 0.57154
v 0.36294 0.75405 0.57928
v 0.32353 0.69135 0.56235
v 0.36973 0.78400 0.58425
v 0.31635 0.67903 0.55505
v 0.33296 0.69007 0.56367
v 0.34444 0.69422 0.56680
v 0.37812 0.77567 0.58335
v 0.35457 0.69649 0.56853
v 0.37724 0.73128 0.57598
v 0.38989 0.76225 0.58026
v 0.31654 0.67135 0.55482
v 0.34817 0.67416 0.56467
v 0.60189 0.86137 0.32515
v 0.60327 0.86206 0.33812
v 0.60587 0.85014 0.34933
v 0.60006 0.87135 0.33000
v 0.60730 0.86582 0.39079
v 0.60205 0.87169 0.33736
v 0.60515 0.84137 0.33978
v 0.60342 0.87155 0.34437
v 0.60846 0.85148 0.38919
v 0.60677 0.84127 0.36438
v 0.60478 0.88198 0.35524
v 0.60748 0.84136 0.37666
v 0.60858 0.85182 0.39081
v 0.60360 0.89013 0.34383
v 0.60085 0.83159 0.34909
v 0.61096 0.88165 0.43985
v 0.60832 0.84135 0.38944
v 0.60951 0.85076 0.40903
v 0.60326 0.83168 0.37497
v 0.60547 0.83485 0.37576
v 0.60321 0.89528 0.34443
v 0.60811 0.89136 0.40892
v 0.61100 0.86323 0.43970
v 0.60819 0.84033 0.38963
v 0.60873 0.84161 0.39534
v 0.59557 0.82184 0.38002
v 0.60452 0.83130 0.38936
v 0.61070 0.90182 0.45138
v 0.61333 0.88285 0.48089
v 0.61128 0.84060 0.43255
v 0.60035 0.82661 0.38465
v 0.60504 0.91078 0.39815
v 0.61316 0.84137 0.47352
v 0.60706 0.83027 0.41470
v 0.59831 0.82135 0.40434
v 0.60928 0.91041 0.43684
v 0.61036 0.83239 0.44007
v 0.61091 0.83163 0.45572
v 0.59294 0.81110 0.39145
v 0.59432 0.81745 0.39236
v 0.60303 0.82124 0.44866
v 0.59435 0.81141 0.40443
v 0.59733 0.81978 0.40630
v 0.60522 0.82356 0.44787
v 0.59525 0.78859 0.42837
v 0.59482 0.81157 0.40942
v 0.59428 0.75869 0.42781
v 0.59789 0.81132 0.44197
v 0.59796 0.77583 0.47406
v 0.59419 0.73499 0.42841
v 0.59949 0.79773 0.47813
v 0.59416 0.73135 0.42839
v 0.59839 0.72211 0.47760
v 0.60130 0.79848 0.49904
v 0.59707 0.70034 0.46548
v 0.59942 0.74517 0.49344
v 0.59951 0.77704 0.49130
v 0.59818 0.71111 0.47661
v 0.59872 0.72454 0.49147
v 0.60113 0.78769 0.51974
v 0.59687 0.68529 0.46305
v 0.59753 0.70725 0.49602
v 0.59855 0.71654 0.50558
v 0.60071 0.75518 0.51749
v 0.60336 0.80115 0.52865
v 0.59613 0.67549 0.47914
v 0.60228 0.78284 0.52841
v 0.60444 0.81148 0.51701
v 0.59419 0.65504 0.42841
v 0.59995 0.73374 0.51626
v 0.60160 0.73462 0.52453
v 0.60547 0.78757 0.53897
v 0.60542 0.81062 0.53407
v 0.59409 0.66135 0.42857
v 0.59950 0.68861 0.51145
v 0.60015 0.71625 0.51684
v 0.60349 0.75367 0.53225
v 0.60524 0.80135 0.53750
v 0.60783 0.82135 0.52190
v 0.59409 0.66135 0.42834
v 0.59393 0.67135 0.42880
v 0.60226 0.71739 0.52449
v 0.60453 0.72756 0.53189
v 0.61153 0.76149 0.54857
v 0.60813 0.79741 0.54576
v 0.60861 0.81316 0.54702
v 0.60758 0.82854 0.53439
v 0.60804 0.82107 0.51407
v 0.60127 0.67842 0.51758
v 0.60289 0.69650 0.52243
v 0.61216 0.72658 0.54557
v 0.61493 0.77135 0.55894
v 0.61495 0.78496 0.55902
v 0.60846 0.82135 0.54642
v 0.61065 0.83135 0.52379
v 0.60226 0.66561 0.51901
v 0.60763 0.70800 0.53382
v 0.61283 0.71135 0.54414
v 0.61251 0.75135 0.54914
v 0.61430 0.76135 0.55989
v 0.61466 0.80659 0.55948
v 0.60888 0.83135 0.54670
v 0.61173 0.84426 0.52678
v 0.60293 0.63634 0.51874
v 0.60858 0.68349 0.53019
v 0.61428 0.71195 0.55024
v 0.61349 0.74135 0.54980
v 0.61436 0.77214 0.56253
v 0.61506 0.82818 0.55938
v 0.61556 0.79112 0.56324
v 0.60968 0.83135 0.54883
v 0.60964 0.84135 0.53516
v 0.61377 0.84165 0.50857
v 0.60638 0.61133 0.52076
v 0.61047 0.63783 0.52979
v 0.61287 0.68502 0.53759
v 0.61339 0.70135 0.54330
v 0.61397 0.70135 0.55012
v 0.61400 0.73135 0.55014
v 0.61301 0.75445 0.56161
v 0.61629 0.81504 0.56373
v 0.61024 0.84282 0.54771
v 0.61195 0.85135 0.53672
v 0.61373 0.85170 0.51383
v 0.61068 0.65238 0.52995
v 0.61065 0.62135 0.52946
v 0.60789 0.71135 0.55808
v 0.60924 0.72135 0.55899
v 0.61072 0.73135 0.55998
v 0.61214 0.74135 0.56093
v 0.61030 0.76124 0.56564
v 0.60754 0.78373 0.56992
v 0.61738 0.83135 0.56446
v 0.61474 0.84135 0.55924
v 0.61031 0.80307 0.57167
v 0.60796 0.60087 0.52181
v 0.61072 0.61135 0.52935
v 0.61187 0.62135 0.53666
v 0.61403 0.64135 0.53811
v 0.61552 0.65453 0.53923
v 0.61395 0.69135 0.54248
v 0.61322 0.69135 0.54962
v 0.60494 0.69374 0.55604
v 0.60202 0.75140 0.56598
v 0.61257 0.82135 0.57327
v 0.61704 0.84135 0.56422
v 0.61196 0.85127 0.54819
v 0.61048 0.61135 0.53573
v 0.61262 0.63135 0.53717
v 0.61483 0.67135 0.54117
v 0.61441 0.68135 0.54179
v 0.60233 0.71311 0.55929
v 0.59928 0.74063 0.56419
v 0.60507 0.80769 0.57372
v 0.61371 0.83135 0.57404
v 0.61658 0.85135 0.56392
v 0.61487 0.85135 0.55903
v 0.60899 0.59135 0.52268
v 0.61063 0.60135 0.52949
v 0.60918 0.60135 0.53486
v 0.60219 0.61554 0.54214
v 0.60556 0.63135 0.54447
v 0.60799 0.64135 0.54610
v 0.61035 0.65240 0.54765
v 0.61156 0.66568 0.54847
v 0.61237 0.68135 0.54905
v 0.60811 0.66991 0.55095
v 0.59747 0.65840 0.55072
v 0.61493 0.84135 0.57486
v 0.61476 0.85135 0.57474
v 0.61590 0.86135 0.55141
v 0.60951 0.58135 0.52303
v 0.60546 0.59266 0.53685
v 0.59090 0.70178 0.55771
v 0.60193 0.83913 0.57817
v 0.61200 0.86135 0.57289
v 0.61603 0.86135 0.56355
v 0.61598 0.86135 0.55739
v 0.61023 0.59135 0.53007
v 0.60774 0.58606 0.53388
v 0.59666 0.59126 0.53818
v 0.59747 0.64052 0.54726
v 0.57844 0.65723 0.55030
v 0.60314 0.85146 0.57890
v 0.56630 0.68227 0.55413
v 0.60201 0.85979 0.57811
v 0.60952 0.87135 0.57123
v 0.61569 0.87135 0.56332
v 0.59390 0.58151 0.53658
v 0.57488 0.59720 0.53965
v 0.55129 0.62680 0.54567
v 0.60438 0.87135 0.57466
v 0.59980 0.87135 0.57674
v 0.61023 0.88135 0.57170
v 0.58886 0.63877 0.36461
v 0.58889 0.64135 0.36457
v 0.58889 0.64135 0.36462
v 0.60751 0.93132 0.41004
v 0.60963 0.93088 0.43324
v 0.61011 0.94117 0.41578
v 0.61008 0.92113 0.44011
v 0.61075 0.94150 0.43963
v 0.61104 0.92137 0.45250
v 0.60979 0.93092 0.45238
v 0.61637 0.94882 0.43127
v 0.61046 0.94135 0.45139
v 0.61130 0.91135 0.45542
v 0.61364 0.94643 0.41739
v 0.61909 0.95025 0.44514
v 0.61159 0.92131 0.46647
v 0.61023 0.94128 0.45916
v 0.61922 0.95003 0.40909
v 0.62476 0.95138 0.41385
v 0.62318 0.95140 0.44832
v 0.61352 0.94735 0.45344
v 0.61272 0.91093 0.47219
v 0.61010 0.93118 0.47521
v 0.61213 0.92083 0.49090
v 0.61624 0.94934 0.46732
v 0.61059 0.94175 0.47556
v 0.62330 0.95070 0.38764
v 0.61423 0.90127 0.48882
v 0.61428 0.91060 0.50568
v 0.60950 0.93154 0.49664
v 0.60988 0.94135 0.48714
v 0.61991 0.95127 0.47954
v 0.61614 0.90247 0.51540
v 0.61276 0.92111 0.51217
v 0.61543 0.89133 0.50441
v 0.61005 0.93143 0.51150
v 0.60939 0.94115 0.49780
v 0.61339 0.94754 0.48950
v 0.61844 0.95153 0.50031
v 0.61602 0.88062 0.51100
v 0.61756 0.89137 0.51914
v 0.61661 0.90606 0.52690
v 0.60983 0.93142 0.53139
v 0.61508 0.87202 0.50407
v 0.61327 0.92131 0.52555
v 0.61012 0.94228 0.51206
v 0.62442 0.95482 0.50895
v 0.61448 0.85620 0.50132
v 0.61646 0.87083 0.52107
v 0.61962 0.89141 0.53208
v 0.61600 0.91862 0.53962
v 0.61690 0.95086 0.50350
v 0.61022 0.94135 0.52350
v 0.61462 0.86135 0.51441
v 0.62043 0.88136 0.53995
v 0.61851 0.90137 0.53930
v 0.61713 0.91150 0.53956
v 0.61706 0.95178 0.51904
v 0.61182 0.93126 0.54855
v 0.61046 0.94135 0.52973
v 0.61358 0.83667 0.48962
v 0.61483 0.86148 0.52490
v 0.61881 0.87182 0.53921
v 0.62109 0.89127 0.54799
v 0.61536 0.92130 0.55380
v 0.61216 0.94135 0.54514
v 0.61327 0.94722 0.52555
v 0.61102 0.94135 0.53609
v 0.61145 0.83143 0.46426
v 0.62065 0.88107 0.55224
v 0.61877 0.90374 0.55330
v 0.61784 0.91140 0.55328
v 0.61267 0.94135 0.54925
v 0.61316 0.92634 0.56210
v 0.61677 0.95135 0.52791
v 0.61859 0.95135 0.53557
v 0.61252 0.83140 0.48946
v 0.61249 0.83135 0.50094
v 0.61595 0.86225 0.53929
v 0.61856 0.87165 0.55340
v 0.62052 0.89135 0.55452
v 0.61748 0.91135 0.56452
v 0.61599 0.94844 0.53943
v 0.61225 0.93109 0.56208
v 0.62194 0.95155 0.54848
v 0.62157 0.95364 0.53113
v 0.60794 0.82529 0.46174
v 0.61067 0.82793 0.47562
v 0.61235 0.83128 0.51033
v 0.61679 0.88135 0.56406
v 0.61807 0.90135 0.56492
v 0.62039 0.95135 0.54238
v 0.61318 0.94130 0.56159
v 0.61872 0.94950 0.55331
v 0.61168 0.93135 0.57268
v 0.61410 0.92135 0.57430
v 0.60409 0.82135 0.45916
v 0.60457 0.82135 0.46676
v 0.60566 0.82096 0.48369
v 0.60730 0.82134 0.49850
v 0.61054 0.82584 0.51168
v 0.61794 0.89135 0.56483
v 0.61056 0.94135 0.57192
v 0.62200 0.95135 0.55551
v 0.61515 0.91135 0.57500
v 0.60495 0.82135 0.47178
v 0.61237 0.89135 0.57314
v 0.61438 0.90135 0.57449
v 0.61320 0.94135 0.56165
v 0.60798 0.93135 0.58224
v 0.60975 0.92135 0.58343
v 0.60003 0.81149 0.46832
v 0.59964 0.81441 0.45617
v 0.60237 0.81858 0.47005
v 0.60114 0.81150 0.48141
v 0.62186 0.95135 0.56657
v 0.62158 0.95124 0.56705
v 0.60308 0.94135 0.57894
v 0.60780 0.91135 0.58211
v 0.60021 0.81135 0.47325
v 0.60566 0.90219 0.58081
v 0.59738 0.92135 0.58507
v 0.60088 0.94135 0.57986
v 0.59736 0.93135 0.58510
v 0.59852 0.90861 0.58274
v 0.58639 0.87949 0.27862
v 0.58332 0.88135 0.27656
v 0.58270 0.88139 0.28495
v 0.57226 0.88375 0.28292
v 0.57809 0.88290 0.27304
v 0.57524 0.88472 0.29522
v 0.33684 0.39210 0.52021
v 0.33388 0.38078 0.51094
v 0.34425 0.38134 0.51170
v 0.33780 0.40135 0.52317
v 0.35208 0.39136 0.51863
v 0.33716 0.41135 0.52412
v 0.34259 0.40135 0.52444
v 0.35820 0.38121 0.51095
v 0.34887 0.40135 0.52463
v 0.37613 0.39170 0.51877
v 0.35994 0.40152 0.52354
v 0.34648 0.41141 0.52682
v 0.38056 0.38277 0.51157
v 0.36094 0.40549 0.52467
v 0.34587 0.42103 0.52629
v 0.38918 0.39221 0.51738
v 0.37503 0.39959 0.52310
v 0.36075 0.42119 0.52549
v 0.39502 0.38132 0.50908
v 0.38144 0.41149 0.52524
v 0.34692 0.43231 0.52682
v 0.36035 0.43469 0.52731
v 0.40227 0.39243 0.51551
v 0.39583 0.40105 0.52121
v 0.37255 0.42675 0.52593
v 0.40806 0.38019 0.50832
v 0.39624 0.41162 0.52460
v 0.36993 0.48266 0.53337
v 0.39695 0.37287 0.50178
v 0.41619 0.39108 0.51398
v 0.41253 0.40135 0.51903
v 0.42489 0.40954 0.52021
v 0.40451 0.43914 0.52712
v 0.38784 0.37566 0.50366
v 0.41213 0.37135 0.50218
v 0.41912 0.38135 0.50971
v 0.41882 0.42373 0.52441
v 0.36188 0.49971 0.53626
v 0.41894 0.44720 0.52748
v 0.42960 0.38376 0.51043
v 0.43744 0.41122 0.51917
v 0.37820 0.49837 0.53606
v 0.40037 0.49945 0.53556
v 0.42041 0.37238 0.50364
v 0.42617 0.40135 0.51715
v 0.43789 0.43445 0.52416
v 0.38362 0.51996 0.53913
v 0.43479 0.45360 0.52746
v 0.43642 0.37087 0.49993
v 0.43904 0.39829 0.51691
v 0.47610 0.42381 0.51674
v 0.42744 0.48661 0.53212
v 0.42754 0.36685 0.49717
v 0.44209 0.38188 0.50707
v 0.44050 0.39135 0.51376
v 0.45103 0.40120 0.51627
v 0.46736 0.40196 0.51437
v 0.48916 0.47248 0.52388
v 0.39878 0.51507 0.53749
v 0.38751 0.54047 0.54281
v 0.47268 0.50054 0.53045
v 0.42257 0.51574 0.53701
v 0.44379 0.36126 0.49076
v 0.44868 0.37134 0.49922
v 0.49164 0.40407 0.51292
v 0.50082 0.44329 0.51705
v 0.40244 0.53848 0.54150
v 0.46548 0.38092 0.50644
v 0.45287 0.39238 0.51330
v 0.48067 0.39097 0.51150
v 0.50161 0.41219 0.51322
v 0.51321 0.48357 0.52297
v 0.45364 0.54078 0.53873
v 0.45534 0.36177 0.49035
v 0.46541 0.37080 0.49872
v 0.46591 0.39055 0.51139
v 0.49950 0.39071 0.50845
v 0.52789 0.40183 0.50925
v 0.52514 0.51173 0.52703
v 0.52271 0.42709 0.51371
v 0.49666 0.53940 0.53488
v 0.47656 0.36411 0.49336
v 0.49412 0.38111 0.50573
v 0.51820 0.39564 0.50790
v 0.52043 0.41160 0.51187
v 0.54627 0.46839 0.51815
v 0.48021 0.38211 0.50799
v 0.50776 0.37980 0.50350
v 0.52946 0.39312 0.50530
v 0.54108 0.40180 0.50815
v 0.55973 0.51866 0.52611
v 0.54436 0.52679 0.52872
v 0.55964 0.45479 0.51533
v 0.52589 0.58786 0.54077
v 0.48559 0.37146 0.49999
v 0.49782 0.37135 0.50015
v 0.52221 0.38008 0.50040
v 0.54267 0.39135 0.50512
v 0.58345 0.51829 0.52605
v 0.55803 0.43195 0.51144
v 0.49128 0.36135 0.49195
v 0.51346 0.36905 0.49659
v 0.53443 0.38164 0.49964
v 0.54386 0.38337 0.50207
v 0.54938 0.39141 0.50563
v 0.57258 0.53909 0.52973
v 0.55070 0.58243 0.53823
v 0.48591 0.37135 0.49994
v 0.49965 0.36785 0.49742
v 0.52466 0.37135 0.49607
v 0.56593 0.39269 0.50538
v 0.58564 0.54335 0.53053
v 0.56857 0.40609 0.50777
v 0.49151 0.36135 0.49196
v 0.50810 0.36135 0.49106
v 0.51658 0.36135 0.49016
v 0.53523 0.37320 0.49656
v 0.55039 0.37012 0.49622
v 0.55858 0.37854 0.50109
v 0.50357 0.36135 0.49159
v 0.51088 0.35972 0.48881
v 0.51233 0.35897 0.48815
v 0.52776 0.36291 0.49083
v 0.50901 0.35972 0.48928
v 0.51855 0.35816 0.48722
v 0.52011 0.35810 0.48707
v 0.54105 0.36044 0.48987
v 0.55792 0.36954 0.49643
v 0.52795 0.35478 0.48442
v 0.57078 0.37207 0.49655
v 0.52965 0.35455 0.48424
v 0.53149 0.35226 0.48267
v 0.29851 0.95186 0.60244
v 0.30512 0.95264 0.60769
v 0.29779 0.96131 0.61399
v 0.30781 0.95135 0.60369
v 0.31264 0.96139 0.61275
v 0.31888 0.95134 0.60487
v 0.32496 0.96082 0.61125
v 0.33285 0.94773 0.60233
v 0.33970 0.96135 0.60985
v 0.34118 0.95694 0.60782
v 0.34875 0.95189 0.60313
v 0.35231 0.96135 0.60918
v 0.34616 0.94140 0.60050
v 0.35965 0.96135 0.60818
v 0.33345 0.93135 0.60139
v 0.36111 0.94129 0.59775
v 0.35505 0.95495 0.60509
v 0.33061 0.93135 0.60072
v 0.34667 0.93107 0.60006
v 0.35989 0.93137 0.59845
v 0.35737 0.95135 0.60165
v 0.37220 0.96134 0.60451
v 0.33903 0.91714 0.59422
v 0.37650 0.93052 0.59795
v 0.37219 0.95175 0.59930
v 0.36893 0.95533 0.60236
v 0.34845 0.92135 0.59699
v 0.38128 0.91588 0.59791
v 0.37971 0.94109 0.59616
v 0.38020 0.96135 0.60353
v 0.35015 0.91135 0.59445
v 0.35986 0.92135 0.59794
v 0.37194 0.91135 0.59789
v 0.39640 0.93135 0.59734
v 0.39669 0.93797 0.59691
v 0.39675 0.94979 0.59697
v 0.34160 0.90135 0.58925
v 0.36143 0.91126 0.59767
v 0.37700 0.90063 0.59695
v 0.39667 0.92135 0.59694
v 0.39726 0.94133 0.59602
v 0.39190 0.96145 0.60313
v 0.35198 0.89215 0.58998
v 0.36039 0.90515 0.59660
v 0.38429 0.90135 0.59744
v 0.39661 0.91135 0.59702
v 0.39672 0.92135 0.59694
v 0.39951 0.93165 0.59729
v 0.42028 0.94134 0.59425
v 0.39856 0.95135 0.59817
v 0.36300 0.89135 0.59326
v 0.39684 0.91135 0.59701
v 0.40999 0.95135 0.59802
v 0.40467 0.96011 0.60277
v 0.39560 0.89135 0.59618
v 0.39669 0.90136 0.59691
v 0.42908 0.95120 0.59513
v 0.42026 0.96139 0.60063
v 0.39668 0.90135 0.59691
v 0.42991 0.95627 0.59782
v 0.39669 0.90135 0.59691
v 0.44443 0.96141 0.59781
v 0.43277 0.96133 0.59889
v 0.30594 0.88135 0.19398
v 0.30635 0.88135 0.19893
v 0.31765 0.88441 0.19448
v 0.31467 0.88353 0.25271
v 0.32298 0.88398 0.25829
v 0.32025 0.88408 0.24441
v 0.31740 0.88343 0.26659
v 0.32013 0.88384 0.28047
v 0.46107 0.96163 0.59602
v 0.44629 0.95120 0.59335
v 0.47072 0.96110 0.59513
v 0.46085 0.95127 0.59052
v 0.47443 0.95030 0.58888
v 0.44535 0.94133 0.59172
v 0.45621 0.94135 0.58871
v 0.47604 0.95135 0.58998
v 0.46371 0.94135 0.58680
v 0.48267 0.95873 0.59444
v 0.47527 0.94135 0.58752
v 0.49441 0.96135 0.59490
v 0.43448 0.93159 0.59435
v 0.44703 0.93125 0.59269
v 0.46132 0.93147 0.58969
v 0.47129 0.94135 0.58679
v 0.48525 0.95135 0.59061
v 0.50115 0.96127 0.59482
v 0.47427 0.93441 0.58911
v 0.48918 0.94137 0.58815
v 0.49612 0.95131 0.59052
v 0.41589 0.91777 0.59568
v 0.44782 0.92132 0.59245
v 0.47401 0.92062 0.58982
v 0.51161 0.95139 0.58983
v 0.46026 0.92129 0.59074
v 0.49045 0.93065 0.58977
v 0.51130 0.94135 0.58712
v 0.51043 0.95013 0.58899
v 0.52850 0.95123 0.58909
v 0.53117 0.96142 0.59406
v 0.48963 0.91832 0.58938
v 0.40915 0.90135 0.59629
v 0.50642 0.91646 0.58782
v 0.51519 0.93144 0.58788
v 0.54328 0.94127 0.58590
v 0.53261 0.95514 0.59184
v 0.53455 0.95135 0.58894
v 0.54685 0.96190 0.59311
v 0.54079 0.93113 0.58702
v 0.54622 0.95136 0.58821
v 0.56147 0.94130 0.58458
v 0.56069 0.95038 0.58663
v 0.55519 0.93131 0.58580
v 0.57449 0.91663 0.58342
v 0.57458 0.93157 0.58516
v 0.57195 0.95135 0.58707
v 0.56862 0.95974 0.59216
v 0.57462 0.94135 0.58392
v 0.58116 0.96134 0.59131
v 0.59302 0.92136 0.58436
v 0.58838 0.94142 0.58254
v 0.57798 0.95135 0.58617
v 0.58507 0.93135 0.58547
v 0.59345 0.96135 0.59093
v 0.59421 0.93135 0.58503
v 0.58534 0.95135 0.58506
v 0.58254 0.95556 0.58924
v 0.59289 0.95135 0.58414
v 0.60375 0.96152 0.59110
v 0.59831 0.95135 0.58370
v 0.59642 0.95342 0.58651
v 0.61986 0.96130 0.59053
v 0.29396 0.91135 0.16652
v 0.29818 0.92313 0.16906
v 0.29581 0.93141 0.17303
v 0.31769 0.92878 0.17151
v 0.30327 0.94973 0.34143
v 0.30345 0.95135 0.32950
v 0.30889 0.94201 0.33303
v 0.30071 0.95135 0.34523
v 0.31182 0.94135 0.32308
v 0.30752 0.94135 0.34428
v 0.29497 0.95460 0.33585
v 0.31441 0.92835 0.32460
v 0.30780 0.95135 0.32038
v 0.31188 0.93135 0.33516
v 0.30333 0.95357 0.32306
v 0.30444 0.94145 0.35711
v 0.30914 0.93135 0.34537
v 0.31180 0.92078 0.33842
v 0.30568 0.93136 0.35559
v 0.30549 0.93124 0.36691
v 0.30534 0.92162 0.35626
v 0.30430 0.94135 0.36621
v 0.30784 0.93151 0.40087
v 0.30525 0.94134 0.37868
v 0.30042 0.94911 0.36360
v 0.30797 0.91083 0.40042
v 0.30315 0.94694 0.37748
v 0.29710 0.95151 0.36872
v 0.30929 0.91117 0.42571
v 0.30588 0.94141 0.39136
v 0.29715 0.95125 0.38638
v 0.29722 0.95135 0.36145
v 0.30970 0.93183 0.42898
v 0.30679 0.94108 0.40593
v 0.30968 0.92177 0.43356
v 0.30030 0.94956 0.39966
v 0.29664 0.95135 0.39720
v 0.31357 0.91426 0.49953
v 0.31270 0.93177 0.46314
v 0.30826 0.94145 0.42348
v 0.29714 0.95142 0.40450
v 0.31117 0.94130 0.45519
v 0.30302 0.94829 0.41354
v 0.31304 0.87444 0.50665
v 0.31524 0.93211 0.50039
v 0.31239 0.94105 0.47023
v 0.30847 0.94514 0.44129
v 0.30575 0.94725 0.42741
v 0.30047 0.95149 0.43150
v 0.31503 0.90924 0.51826
v 0.30562 0.95034 0.46347
v 0.31114 0.94135 0.45513
v 0.31440 0.88163 0.51840
v 0.31772 0.91835 0.55384
v 0.31316 0.94135 0.48058
v 0.30370 0.95135 0.46218
v 0.30420 0.95135 0.46559
v 0.30255 0.95135 0.45012
v 0.30273 0.95128 0.44970
v 0.29460 0.95326 0.44402
v 0.31820 0.93073 0.54323
v 0.31374 0.94135 0.48725
v 0.30835 0.94945 0.47735
v 0.30530 0.95135 0.47530
v 0.31699 0.89864 0.55611
v 0.31633 0.94113 0.51910
v 0.31917 0.92940 0.56868
v 0.31427 0.94135 0.49337
v 0.30702 0.95135 0.48850
v 0.30599 0.95135 0.48085
v 0.29732 0.95318 0.45789
v 0.30005 0.95303 0.47177
v 0.31837 0.90133 0.56986
v 0.31529 0.94139 0.50297
v 0.31676 0.94135 0.53118
v 0.31896 0.94122 0.56916
v 0.31107 0.94851 0.49122
v 0.29447 0.95399 0.48007
v 0.31855 0.89117 0.56975
v 0.31621 0.94135 0.51876
v 0.31708 0.94135 0.53609
v 0.31095 0.94987 0.52728
v 0.31910 0.92135 0.58094
v 0.31758 0.94141 0.54387
v 0.32012 0.93133 0.58524
v 0.31380 0.94697 0.50510
v 0.30793 0.95153 0.49617
v 0.30277 0.95274 0.48565
v 0.32185 0.89677 0.58280
v 0.31910 0.88026 0.56890
v 0.30838 0.95135 0.51351
v 0.30778 0.95135 0.53200
v 0.31902 0.91135 0.58089
v 0.29720 0.95383 0.49395
v 0.32439 0.88135 0.57901
v 0.32001 0.90135 0.58155
v 0.30836 0.95136 0.51323
v 0.31990 0.91135 0.58570
v 0.31941 0.92135 0.58642
v 0.33240 0.89135 0.58501
v 0.32120 0.90135 0.58375
v 0.32426 0.87135 0.57236
v 0.32456 0.92878 0.59662
v 0.33332 0.88135 0.58364
v 0.33005 0.90104 0.58855
v 0.32649 0.87135 0.57588
v 0.32735 0.91135 0.59253
v 0.32541 0.92135 0.59542
v 0.33352 0.87135 0.58335
v 0.34325 0.89135 0.58679
v 0.34275 0.87135 0.58754
v 0.34672 0.88130 0.58744
v 0.34183 0.86135 0.58891
v 0.35030 0.87157 0.58870
v 0.35362 0.88135 0.58930
v 0.35009 0.85956 0.59048
v 0.36434 0.88135 0.59127
v 0.36714 0.87138 0.58934
v 0.59703 0.92156 0.33419
v 0.59669 0.93138 0.33429
v 0.60111 0.91131 0.34673
v 0.60005 0.92230 0.34796
v 0.59729 0.93909 0.33413
v 0.59989 0.93426 0.34803
v 0.60200 0.92163 0.37308
v 0.60067 0.93135 0.36049
v 0.59848 0.94132 0.33430
v 0.60218 0.94135 0.34479
v 0.60321 0.94135 0.35015
v 0.60377 0.92130 0.39093
v 0.60099 0.93135 0.36448
v 0.60442 0.94135 0.35939
v 0.60559 0.94594 0.33970
v 0.61389 0.94821 0.34528
v 0.60340 0.93075 0.38015
v 0.60274 0.93875 0.36188
v 0.60238 0.93135 0.37368
v 0.60832 0.94512 0.35358
v 0.61120 0.95044 0.33079
v 0.60504 0.94135 0.36342
v 0.61680 0.94816 0.35942
v 0.60629 0.94072 0.37542
v 0.60980 0.94127 0.40291
v 0.61104 0.94554 0.36746
v 0.62213 0.95108 0.33413
v 0.62424 0.94989 0.35175
v 0.60722 0.94135 0.37694
v 0.60862 0.94110 0.38942
v 0.61377 0.94696 0.38133
v 0.61092 0.94331 0.40351
v 0.61649 0.94876 0.39521
v 0.29547 0.95013 0.19163
v 0.30105 0.94608 0.18333
v 0.30893 0.95107 0.19620
v 0.30818 0.95372 0.23312
v 0.30396 0.94135 0.17899
v 0.30935 0.94919 0.18890
v 0.30737 0.95270 0.21304
v 0.32596 0.95246 0.20078
v 0.32323 0.94917 0.18618
v 0.32868 0.95333 0.21393
v 0.29779 0.95472 0.25905
v 0.31381 0.94186 0.17926
v 0.33142 0.95120 0.19186
v 0.33140 0.95346 0.22781
v 0.32744 0.95419 0.25130
v 0.33758 0.95135 0.20068
v 0.33425 0.95245 0.20563
v 0.32874 0.94152 0.17778
v 0.33710 0.94686 0.18345
v 0.32583 0.95405 0.23611
v 0.33918 0.95142 0.21625
v 0.32246 0.95519 0.27697
v 0.33983 0.95032 0.19733
v 0.33908 0.95135 0.20887
v 0.33914 0.95132 0.23424
v 0.33413 0.95305 0.24169
v 0.33128 0.95380 0.26386
v 0.33194 0.93135 0.17321
v 0.34813 0.94339 0.20291
v 0.34004 0.94135 0.17908
v 0.34540 0.94497 0.18903
v 0.34255 0.94951 0.21121
v 0.34528 0.94702 0.22508
v 0.31042 0.95570 0.29528
v 0.33920 0.95141 0.24545
v 0.33936 0.95130 0.26959
v 0.34971 0.94124 0.21857
v 0.34788 0.94346 0.23955
v 0.29873 0.95582 0.31213
v 0.32936 0.95386 0.28470
v 0.34274 0.93245 0.17504
v 0.34902 0.94145 0.19200
v 0.34762 0.94135 0.18573
v 0.32211 0.95403 0.29568
v 0.34515 0.94836 0.26114
v 0.33648 0.95135 0.27940
v 0.35126 0.93253 0.18065
v 0.35545 0.93222 0.20815
v 0.34243 0.94957 0.24726
v 0.32640 0.95135 0.29673
v 0.33216 0.95135 0.28855
v 0.35823 0.92682 0.19605
v 0.31631 0.95154 0.30843
v 0.29929 0.95173 0.34926
v 0.30315 0.40151 0.21553
v 0.29978 0.41092 0.23914
v 0.30061 0.41047 0.21896
v 0.30226 0.40083 0.23443
v 0.29984 0.42283 0.22061
v 0.30234 0.40135 0.24443
v 0.29979 0.42119 0.23910
v 0.30812 0.39149 0.24410
v 0.30484 0.40159 0.26711
v 0.30132 0.41140 0.25572
v 0.30183 0.44610 0.24158
v 0.30896 0.39129 0.22494
v 0.30102 0.42150 0.25503
v 0.30329 0.44908 0.25903
v 0.30957 0.39141 0.26140
v 0.30352 0.40755 0.26932
v 0.30522 0.41132 0.28555
v 0.31078 0.39026 0.27447
v 0.30627 0.42321 0.29319
v 0.30755 0.47817 0.29267
v 0.30625 0.40150 0.28307
v 0.30819 0.41053 0.31915
v 0.31025 0.39135 0.28588
v 0.30742 0.40149 0.29748
v 0.30920 0.49203 0.31620
v 0.31703 0.38135 0.27839
v 0.30852 0.40129 0.31795
v 0.31153 0.50681 0.34896
v 0.30996 0.39251 0.29769
v 0.31120 0.39110 0.31089
v 0.31158 0.40132 0.34605
v 0.31137 0.50146 0.34679
v 0.31522 0.38167 0.28887
v 0.31130 0.39175 0.32323
v 0.31136 0.49135 0.34686
v 0.31138 0.50135 0.34729
v 0.31692 0.38026 0.30304
v 0.31576 0.38135 0.31367
v 0.31631 0.39078 0.38469
v 0.31138 0.48135 0.34729
v 0.31523 0.38179 0.32458
v 0.31709 0.37985 0.34196
v 0.31137 0.49135 0.34731
v 0.32156 0.37239 0.31624
v 0.31844 0.38099 0.36502
v 0.32317 0.37084 0.34463
v 0.32056 0.38258 0.39206
v 0.32469 0.37135 0.36334
v 0.32649 0.37161 0.37987
v 0.32264 0.38135 0.41467
v 0.32389 0.37247 0.36618
v 0.32834 0.37148 0.39380
v 0.32289 0.38135 0.41982
v 0.32248 0.38050 0.40251
v 0.32520 0.37735 0.41639
v 0.32952 0.37143 0.40990
v 0.32942 0.37135 0.40717
v 0.32950 0.37146 0.40999
v 0.32958 0.37157 0.41933
v 0.32959 0.37159 0.41962
v 0.32951 0.37144 0.40979
v 0.32961 0.37155 0.41945
v 0.32976 0.37135 0.42194
v 0.32958 0.37135 0.40977
v 0.53298 0.35317 0.48367
v 0.53365 0.35181 0.48268
v 0.54438 0.35135 0.48463
v 0.53568 0.35135 0.48274
v 0.55271 0.35079 0.48423
v 0.54790 0.34722 0.48165
v 0.54618 0.34766 0.48195
v 0.54217 0.34831 0.48111
v 0.29992 0.95355 0.50783
v 0.29980 0.95292 0.54388
v 0.30265 0.95291 0.52170
v 0.29707 0.95348 0.53000
v 0.30215 0.95321 0.56019
v 0.30833 0.95146 0.53753
v 0.30979 0.95142 0.54697
v 0.30808 0.95135 0.52535
v 0.30525 0.95247 0.57163
v 0.31126 0.95138 0.56352
v 0.31367 0.94863 0.54116
v 0.29967 0.95202 0.57994
v 0.31640 0.94629 0.55503
v 0.30991 0.95137 0.57479
v 0.31355 0.94979 0.57721
v 0.30879 0.95117 0.59946
v 0.31627 0.94854 0.59109
v 0.31975 0.94144 0.58528
v 0.32281 0.94135 0.59548
v 0.32412 0.94135 0.59734
v 0.29478 0.41135 0.17472
v 0.29366 0.40135 0.17639
v 0.29584 0.42135 0.17315
v 0.29449 0.43135 0.16688
v 0.29343 0.45135 0.15880
v 0.29592 0.40135 0.17989
v 0.29662 0.41135 0.18035
v 0.29769 0.42037 0.18140
v 0.29649 0.43135 0.17218
v 0.29869 0.44844 0.16874
v 0.30009 0.39135 0.18475
v 0.29915 0.43978 0.18195
v 0.29955 0.46143 0.16766
v 0.29895 0.40135 0.18645
v 0.29858 0.41028 0.18993
v 0.29975 0.42139 0.20361
v 0.30049 0.45203 0.18787
v 0.30377 0.39520 0.19720
v 0.30015 0.41129 0.20504
v 0.30048 0.44522 0.20309
v 0.30142 0.40129 0.19694
v 0.50065 0.91814 0.20898
v 0.49786 0.91942 0.19505
v 0.50623 0.91874 0.20068
v 0.51040 0.92135 0.19448
v 0.51453 0.91957 0.20626
v 0.51949 0.92263 0.19877
v 0.50895 0.91701 0.21456
v 0.52377 0.92111 0.21094
v 0.50338 0.91629 0.22286
v 0.51725 0.91677 0.22013
v 0.52836 0.92279 0.20358
v 0.53222 0.92032 0.21740
v 0.53398 0.92424 0.19523
v 0.51168 0.91404 0.22844
v 0.52556 0.91601 0.22571
v 0.54314 0.92105 0.21188
v 0.54420 0.92250 0.20048
v 0.49780 0.91567 0.23116
v 0.53943 0.91889 0.22298
v 0.54786 0.92405 0.19250
v 0.50610 0.91370 0.23674
v 0.51998 0.91262 0.23401
v 0.53386 0.91532 0.23129
v 0.56073 0.92010 0.22284
v 0.56036 0.92217 0.21130
v 0.56174 0.92531 0.18978
v 0.54773 0.91791 0.22856
v 0.57004 0.92408 0.19536
v 0.51440 0.91250 0.24231
v 0.52828 0.91214 0.23959
v 0.54216 0.91517 0.23686
v 0.56764 0.92105 0.21770
v 0.55604 0.91718 0.23414
v 0.57831 0.92326 0.20131
v 0.57561 0.92614 0.18705
v 0.53658 0.91367 0.24516
v 0.55046 0.91638 0.24244
v 0.56991 0.91781 0.23141
v 0.52271 0.91224 0.24789
v 0.57680 0.92117 0.21166
v 0.58379 0.91673 0.22869
v 0.56434 0.91734 0.23971
v 0.54488 0.91789 0.25074
v 0.58468 0.92135 0.20943
v 0.58937 0.91754 0.22038
v 0.57821 0.91752 0.23699
v 0.56293 0.92109 0.24866
v 0.59485 0.92131 0.21178
v 0.54927 0.92135 0.25368
v 0.59767 0.91620 0.22596
v 0.60571 0.91577 0.23153
v 0.60324 0.91908 0.21766
v 0.58646 0.92117 0.24335
v 0.55296 0.92624 0.25648
v 0.60045 0.92093 0.24092
v 0.57938 0.92972 0.25129
v 0.61253 0.92135 0.23969
v 0.59480 0.93123 0.24817
v 0.57511 0.94459 0.25926
v 0.61427 0.91852 0.23711
v 0.60859 0.93163 0.24524
v 0.56164 0.94253 0.26185
v 0.58649 0.94077 0.25403
v 0.59863 0.94135 0.25070
v 0.56911 0.95189 0.26630
v 0.58035 0.95135 0.26251
v 0.55634 0.95069 0.27041
v 0.58678 0.95135 0.26010
v 0.58924 0.94801 0.25644
v 0.60312 0.95134 0.25373
v 0.56421 0.95573 0.27577
v 0.57809 0.95741 0.27304
v 0.58366 0.95409 0.26474
v 0.59172 0.95135 0.25811
v 0.61459 0.95135 0.24938
v 0.55419 0.95115 0.28108
v 0.59197 0.95840 0.27032
v 0.59754 0.95611 0.26202
v 0.61142 0.95850 0.25929
v 0.55864 0.95285 0.28407
v 0.57251 0.95828 0.28134
v 0.61699 0.95445 0.25099
v 0.55752 0.95135 0.28572
v 0.58639 0.95931 0.27862
v 0.60584 0.95968 0.26759
v 0.55192 0.94138 0.29170
v 0.58081 0.95874 0.28692
v 0.60027 0.95997 0.27589
v 0.55664 0.94135 0.29478
v 0.58911 0.95843 0.29249
v 0.59469 0.95971 0.28419
v 0.52036 0.93911 0.12585
v 0.53234 0.94155 0.12355
v 0.50611 0.93139 0.12857
v 0.51135 0.93147 0.14124
v 0.52866 0.94047 0.13142
v 0.56247 0.94076 0.13050
v 0.49499 0.92138 0.12206
v 0.49818 0.92659 0.12299
v 0.52308 0.93738 0.13972
v 0.53544 0.94113 0.13147
v 0.55120 0.94135 0.13372
v 0.49260 0.91550 0.13130
v 0.50090 0.92386 0.13687
v 0.51448 0.93135 0.15197
v 0.53502 0.94151 0.14720
v 0.55770 0.94134 0.13934
v 0.59146 0.94049 0.12523
v 0.49934 0.92158 0.13787
v 0.50920 0.92992 0.14245
v 0.50369 0.92316 0.15092
v 0.52581 0.93587 0.15360
v 0.54526 0.94308 0.14257
v 0.57301 0.93901 0.13712
v 0.49533 0.91599 0.14517
v 0.51193 0.92970 0.15632
v 0.51687 0.93174 0.16048
v 0.53411 0.93742 0.15917
v 0.53949 0.94197 0.15116
v 0.55276 0.94134 0.14773
v 0.58689 0.93921 0.13440
v 0.50435 0.92171 0.16378
v 0.52853 0.93405 0.16748
v 0.54529 0.94123 0.15464
v 0.60077 0.94021 0.13167
v 0.58131 0.93728 0.14270
v 0.49805 0.91666 0.15905
v 0.50635 0.92389 0.16463
v 0.51594 0.93109 0.16972
v 0.54241 0.93734 0.16475
v 0.59519 0.93916 0.13997
v 0.56744 0.93734 0.14542
v 0.58962 0.93809 0.14827
v 0.50908 0.92515 0.17850
v 0.52296 0.93280 0.17578
v 0.53683 0.93374 0.17305
v 0.57574 0.93539 0.15100
v 0.58404 0.93690 0.15657
v 0.51877 0.93083 0.18222
v 0.53158 0.93133 0.18068
v 0.55071 0.93549 0.17033
v 0.56186 0.93629 0.15372
v 0.59234 0.93850 0.16215
v 0.54520 0.93137 0.17895
v 0.55629 0.93649 0.16203
v 0.57016 0.93457 0.15930
v 0.57846 0.93472 0.16488
v 0.58688 0.93391 0.17076
v 0.51180 0.92265 0.19238
v 0.56459 0.93445 0.16760
v 0.52568 0.92748 0.18965
v 0.58293 0.93128 0.17560
v 0.57520 0.93191 0.17563
v 0.55957 0.93105 0.17881
v 0.57711 0.86114 0.14874
v 0.57549 0.87122 0.15084
v 0.58149 0.87135 0.16037
v 0.57270 0.88153 0.16050
v 0.30649 0.88135 0.33154
v 0.30599 0.88393 0.34051
v 0.30768 0.89152 0.33303
v 0.30920 0.88135 0.32132
v 0.30399 0.88135 0.35395
v 0.30679 0.89135 0.34379
v 0.30885 0.89512 0.33312
v 0.31733 0.89135 0.31473
v 0.30244 0.88144 0.36181
v 0.30318 0.89064 0.35928
v 0.30831 0.90139 0.34481
v 0.31139 0.90135 0.32934
v 0.30301 0.89048 0.36565
v 0.30456 0.90382 0.35698
v 0.31187 0.91135 0.33515
v 0.30513 0.89403 0.38364
v 0.30563 0.91051 0.36805
v 0.31394 0.91153 0.32531
v 0.31344 0.90135 0.32416
v 0.30667 0.89135 0.15703
v 0.30016 0.90135 0.15864
v 0.31195 0.89144 0.16662
v 0.30623 0.90135 0.15768
v 0.30662 0.88545 0.17503
v 0.30393 0.90563 0.16136
v 0.31867 0.89135 0.17503
v 0.31700 0.90135 0.15958
v 0.31425 0.91151 0.16361
v 0.31492 0.88871 0.18060
v 0.32608 0.89717 0.16400
v 0.32281 0.90134 0.16177
v 0.30271 0.88081 0.18269
v 0.33627 0.90135 0.16675
v 0.32744 0.91099 0.16498
v 0.30935 0.88377 0.18890
v 0.29664 0.87085 0.19104
v 0.33605 0.91135 0.16708
v 0.34470 0.92135 0.17215
v 0.34630 0.91135 0.16976
v 0.35421 0.91135 0.17591
v 0.35319 0.92135 0.17744
v 0.35909 0.91979 0.18648
v 0.36224 0.91146 0.18768
v 0.36610 0.91135 0.19409
v 0.37006 0.91005 0.20580
v 0.36963 0.91135 0.20676
v 0.37129 0.91113 0.22000
v 0.36428 0.92135 0.21376
v 0.36464 0.92095 0.21403
v 0.35610 0.93135 0.20897
v 0.35633 0.93132 0.22598
v 0.29347 0.37135 0.17667
v 0.29560 0.34486 0.15557
v 0.29827 0.36232 0.16937
v 0.30426 0.37375 0.17856
v 0.29999 0.35135 0.15853
v 0.30390 0.35546 0.16115
v 0.30664 0.37135 0.17504
v 0.30485 0.34547 0.15100
v 0.30806 0.35135 0.15496
v 0.31140 0.36178 0.16546
v 0.31138 0.35711 0.16090
v 0.31405 0.37135 0.17715
v 0.30825 0.35120 0.15467
v 0.31328 0.35937 0.16259
v 0.31357 0.36539 0.17011
v 0.30901 0.35221 0.15570
v 0.31289 0.36179 0.16547
v 0.31286 0.36309 0.16717
v 0.30876 0.35135 0.15467
v 0.30856 0.35117 0.15455
v 0.29694 0.83135 0.18945
v 0.29832 0.82559 0.16945
v 0.30105 0.82505 0.18333
v 0.29789 0.83135 0.19325
v 0.29547 0.83330 0.19163
v 0.29426 0.86167 0.20386
v 0.30235 0.82135 0.17216
v 0.30377 0.82611 0.19720
v 0.29323 0.84135 0.20217
v 0.30459 0.82137 0.16027
v 0.30307 0.82115 0.18046
v 0.29977 0.83135 0.20317
v 0.29413 0.84135 0.21156
v 0.30685 0.81294 0.17490
v 0.30878 0.81135 0.16443
v 0.30650 0.82457 0.21108
v 0.30600 0.82124 0.19561
v 0.29820 0.83288 0.20551
v 0.29547 0.84165 0.22761
v 0.29829 0.87124 0.20545
v 0.30750 0.81134 0.18786
v 0.31222 0.81135 0.15469
v 0.30024 0.83135 0.20688
v 0.30377 0.87971 0.19720
v 0.29609 0.84135 0.24023
v 0.30776 0.80129 0.17451
v 0.30901 0.80135 0.16458
v 0.30844 0.82164 0.22083
v 0.30160 0.83151 0.21983
v 0.29565 0.84135 0.22789
v 0.30767 0.79162 0.19155
v 0.31123 0.80135 0.15403
v 0.30326 0.83135 0.23300
v 0.30743 0.78133 0.16337
v 0.30686 0.79043 0.17501
v 0.31099 0.79138 0.15076
v 0.30970 0.77821 0.15257
v 0.30824 0.77164 0.15349
v 0.30511 0.76135 0.14992
v 0.30117 0.82783 0.14727
v 0.31144 0.82112 0.14993
v 0.60888 0.95116 0.58271
v 0.61587 0.94984 0.57549
v 0.61859 0.95746 0.58936
v 0.61906 0.95135 0.57763
v 0.62417 0.95322 0.58106
v 0.57200 0.57866 0.15846
v 0.56532 0.56196 0.14855
v 0.56521 0.58972 0.14883
v 0.57143 0.60011 0.15837
v 0.57162 0.62699 0.15798
v 0.56495 0.60135 0.14912
v 0.57609 0.64219 0.17155
v 0.56499 0.61135 0.14906
v 0.57752 0.61252 0.17661
v 0.57187 0.64123 0.15666
v 0.56523 0.62327 0.14894
v 0.57801 0.64074 0.17660
v 0.57100 0.65983 0.15871
v 0.57868 0.61588 0.18245
v 0.57909 0.63861 0.18159
v 0.57750 0.66114 0.17636
v 0.56639 0.64135 0.14698
v 0.56509 0.66131 0.14900
v 0.57486 0.66195 0.16996
v 0.57935 0.63436 0.18970
v 0.57781 0.68489 0.17671
v 0.57502 0.68135 0.17001
v 0.57871 0.61291 0.20105
v 0.57852 0.60135 0.20066
v 0.57841 0.59135 0.20082
v 0.57866 0.61135 0.20115
v 0.57850 0.60135 0.20104
v 0.57840 0.59135 0.20097
v 0.29503 0.47203 0.15636
v 0.29439 0.46135 0.15738
v 0.29427 0.48135 0.15468
v 0.29370 0.51135 0.15839
v 0.29975 0.47101 0.16765
v 0.29643 0.49135 0.15434
v 0.29315 0.50135 0.15393
v 0.29560 0.50461 0.15557
v 0.29861 0.52421 0.16938
v 0.29957 0.48252 0.16741
v 0.29739 0.49135 0.15678
v 0.29986 0.51135 0.16716
v 0.29608 0.50135 0.15486
v 0.29993 0.50134 0.16721
v 0.29738 0.50135 0.15677
v 0.54203 0.55545 0.27292
v 0.53329 0.56405 0.27139
v 0.53868 0.56135 0.27790
v 0.62295 0.93449 0.13452
v 0.62567 0.93560 0.14840
v 0.57772 0.88125 0.20128
v 0.58009 0.88097 0.21576
v 0.58664 0.87517 0.20651
v 0.57276 0.88288 0.20923
v 0.59017 0.87135 0.20888
v 0.56719 0.88313 0.21753
v 0.58958 0.87181 0.22028
v 0.59509 0.86255 0.21206
v 0.57928 0.88135 0.21746
v 0.59507 0.86138 0.22448
v 0.58379 0.87896 0.22869
v 0.59088 0.87028 0.23553
v 0.58009 0.88135 0.22620
v 0.59495 0.86135 0.23618
v 0.57849 0.88140 0.23693
v 0.57549 0.88264 0.22311
v 0.58651 0.87517 0.24256
v 0.59057 0.87074 0.24591
v 0.56991 0.88315 0.23141
v 0.57264 0.88272 0.24529
v 0.57953 0.88127 0.24982
v 0.58924 0.87466 0.25644
v 0.56706 0.88307 0.25359
v 0.58336 0.88127 0.26488
v 0.57536 0.88311 0.25916
v 0.56979 0.88356 0.26747
v 0.54362 0.89135 0.30642
v 0.53406 0.90166 0.30779
v 0.54191 0.89314 0.30897
v 0.56669 0.88992 0.36175
v 0.55773 0.89135 0.36779
v 0.56111 0.88982 0.37006
v 0.56981 0.89135 0.35711
v 0.55792 0.89099 0.35628
v 0.60634 0.93803 0.12337
v 0.60714 0.94130 0.14031
v 0.61464 0.93676 0.12895
v 0.61737 0.93863 0.14282
v 0.52923 0.91142 0.31010
v 0.52878 0.92131 0.30017
v 0.52981 0.92161 0.31170
v 0.53419 0.92919 0.30382
v 0.53201 0.92135 0.31822
v 0.53918 0.92571 0.29510
v 0.53350 0.93135 0.31537
v 0.53300 0.91139 0.32238
v 0.54314 0.93135 0.29775
v 0.54191 0.93891 0.30897
v 0.53372 0.93135 0.32117
v 0.53165 0.92126 0.32473
v 0.54348 0.93135 0.28870
v 0.54748 0.93638 0.30067
v 0.53633 0.93657 0.31727
v 0.53584 0.92111 0.34076
v 0.54476 0.93852 0.28679
v 0.55578 0.93616 0.30625
v 0.54193 0.94135 0.32103
v 0.53461 0.93135 0.32817
v 0.53762 0.91135 0.34223
v 0.55008 0.94134 0.31472
v 0.54220 0.94135 0.32647
v 0.53663 0.93135 0.33477
v 0.55851 0.93733 0.32012
v 0.54463 0.94244 0.32285
v 0.53906 0.93776 0.33115
v 0.54139 0.93189 0.34521
v 0.55590 0.94135 0.32401
v 0.56016 0.93135 0.30919
v 0.55293 0.94262 0.32842
v 0.54773 0.94103 0.33654
v 0.55008 0.93597 0.35060
v 0.55704 0.94135 0.33118
v 0.54690 0.93135 0.35534
v 0.55566 0.93991 0.34230
v 0.53908 0.92135 0.34514
v 0.53948 0.91135 0.34845
v 0.53915 0.92135 0.34895
v 0.54414 0.92297 0.35968
v 0.56384 0.91585 0.38393
v 0.55988 0.91135 0.38982
v 0.55387 0.91135 0.38084
v 0.56571 0.91135 0.39907
v 0.56319 0.91135 0.39555
v 0.56656 0.91215 0.39781
v 0.57197 0.91107 0.38953
v 0.57062 0.91135 0.40054
v 0.56752 0.90135 0.41431
v 0.56620 0.90135 0.40961
v 0.56929 0.90977 0.41169
v 0.57486 0.90708 0.40339
v 0.56326 0.90135 0.40273
v 0.35690 0.93246 0.24347
v 0.36188 0.92702 0.23624
v 0.36580 0.92022 0.22899
v 0.36636 0.92174 0.24752
v 0.35907 0.93136 0.25835
v 0.36650 0.92135 0.23934
v 0.35300 0.94046 0.26709
v 0.37072 0.91135 0.23012
v 0.34788 0.94409 0.27502
v 0.34997 0.93892 0.27503
v 0.34230 0.94567 0.28332
v 0.33673 0.94532 0.29162
v 0.33703 0.93957 0.29383
v 0.33111 0.94213 0.30011
v 0.31792 0.76122 0.12238
v 0.30402 0.75237 0.12509
v 0.31232 0.75156 0.13067
v 0.31744 0.76135 0.13411
v 0.32296 0.77135 0.12576
v 0.31925 0.77135 0.13532
v 0.32447 0.78135 0.12678
v 0.32589 0.79202 0.12778
v 0.32855 0.81135 0.12444
v 0.32761 0.80444 0.12762
v 0.32782 0.81135 0.12903
v 0.32785 0.80135 0.12905
v 0.32537 0.82056 0.12753
v 0.31997 0.83135 0.12376
v 0.32385 0.81135 0.13841
v 0.32276 0.82135 0.13308
v 0.51713 0.91365 0.25619
v 0.53101 0.91646 0.25346
v 0.52268 0.92135 0.25992
v 0.53535 0.92135 0.25638
v 0.52829 0.92135 0.25752
v 0.52543 0.92917 0.26177
v 0.53931 0.92754 0.25904
v 0.54151 0.92135 0.25576
v 0.54001 0.93098 0.26021
v 0.52511 0.93123 0.26263
v 0.53373 0.94031 0.26734
v 0.54773 0.94135 0.26470
v 0.53547 0.94135 0.26851
v 0.54203 0.94492 0.27292
v 0.54563 0.94135 0.28550
v 0.45881 0.90153 0.19289
v 0.45940 0.90147 0.16950
v 0.46806 0.90962 0.18841
v 0.46472 0.90659 0.17280
v 0.46753 0.91135 0.19878
v 0.47261 0.91143 0.17807
v 0.47575 0.91496 0.19225
v 0.47757 0.91179 0.16929
v 0.48132 0.91585 0.18395
v 0.47017 0.91475 0.20056
v 0.48963 0.91901 0.18953
v 0.48274 0.92128 0.19974
v 0.48690 0.91554 0.17565
v 0.49520 0.91749 0.18123
v 0.47777 0.92150 0.20686
v 0.49248 0.91466 0.16735
v 0.50350 0.92030 0.18680
v 0.48735 0.92242 0.21176
v 0.50078 0.91817 0.17293
v 0.50543 0.92135 0.18394
v 0.50509 0.92135 0.17582
v 0.50598 0.92135 0.18847
v 0.55813 0.89135 0.37450
v 0.56941 0.88689 0.37563
v 0.55899 0.89135 0.38068
v 0.55553 0.89466 0.37836
v 0.55340 0.90135 0.38154
v 0.55190 0.90135 0.37591
v 0.56139 0.89135 0.38757
v 0.55811 0.89997 0.39292
v 0.56384 0.88795 0.38393
v 0.55826 0.90729 0.39223
v 0.56656 0.89286 0.39781
v 0.57214 0.88896 0.38951
v 0.56820 0.89135 0.39538
v 0.57486 0.89711 0.40339
v 0.57450 0.89135 0.39110
v 0.56610 0.91058 0.39107
v 0.53956 0.92687 0.18693
v 0.55344 0.92798 0.18420
v 0.58949 0.92648 0.18433
v 0.61001 0.93056 0.17928
v 0.60064 0.93726 0.16773
v 0.61452 0.93724 0.16500
v 0.60685 0.94127 0.15860
v 0.62009 0.93771 0.15670
v 0.61228 0.94156 0.15040
v 0.57846 0.87925 0.16488
v 0.57636 0.88135 0.16801
v 0.58615 0.87105 0.16996
v 0.57731 0.88144 0.17620
v 0.58121 0.87910 0.17918
v 0.57289 0.88293 0.17318
v 0.59016 0.86133 0.17120
v 0.58922 0.87129 0.18422
v 0.56731 0.88386 0.18148
v 0.59319 0.86135 0.17882
v 0.57004 0.88322 0.19536
v 0.56446 0.88333 0.20366
v 0.52094 0.54201 0.23326
v 0.51631 0.54062 0.22475
v 0.50546 0.55135 0.22426
v 0.52556 0.53384 0.22571
v 0.50515 0.55135 0.22381
v 0.52775 0.53135 0.22244
v 0.50818 0.54766 0.22298
v 0.53386 0.53350 0.23129
v 0.53522 0.53033 0.22317
v 0.54216 0.53365 0.23686
v 0.53658 0.53698 0.24516
v 0.54418 0.53135 0.22618
v 0.52629 0.54135 0.23826
v 0.54488 0.53475 0.25074
v 0.54773 0.53287 0.22856
v 0.52774 0.54415 0.24433
v 0.54057 0.54162 0.25715
v 0.54874 0.53135 0.21719
v 0.55046 0.53348 0.24244
v 0.53344 0.54135 0.24985
v 0.53943 0.52973 0.22298
v 0.55494 0.54160 0.22158
v 0.53101 0.54649 0.25346
v 0.55789 0.54127 0.24896
v 0.52921 0.55135 0.25613
v 0.51715 0.55135 0.23822
v 0.55033 0.55551 0.27849
v 0.54586 0.56135 0.28516
v 0.55186 0.55135 0.26747
v 0.54493 0.55135 0.26861
v 0.55759 0.56135 0.28337
v 0.55718 0.56132 0.27105
v 0.55105 0.62377 0.15834
v 0.55163 0.60127 0.15899
v 0.55367 0.62584 0.16774
v 0.55179 0.66054 0.15905
v 0.55287 0.70276 0.16296
v 0.55025 0.69033 0.15304
v 0.51441 0.92135 0.26641
v 0.51801 0.93135 0.26883
v 0.51701 0.93135 0.27429
v 0.51985 0.93475 0.27007
v 0.51362 0.92421 0.27810
v 0.51890 0.93135 0.28147
v 0.52816 0.94113 0.27564
v 0.52258 0.93298 0.28394
v 0.53671 0.94118 0.28080
v 0.52258 0.92186 0.28880
v 0.53088 0.92657 0.28952
v 0.56929 0.89761 0.41169
v 0.46798 0.90135 0.13885
v 0.46568 0.90107 0.15242
v 0.45927 0.89543 0.14505
v 0.47315 0.90514 0.14232
v 0.46715 0.90128 0.13309
v 0.47587 0.90777 0.15620
v 0.47872 0.90884 0.13402
v 0.47030 0.90786 0.16450
v 0.48560 0.91149 0.14139
v 0.46214 0.90084 0.15894
v 0.48797 0.91210 0.15197
v 0.48360 0.91148 0.16133
v 0.29469 0.76135 0.13087
v 0.29373 0.79135 0.12248
v 0.29845 0.75419 0.13340
v 0.29366 0.80135 0.13018
v 0.29505 0.76135 0.13846
v 0.30675 0.75270 0.13897
v 0.29408 0.81229 0.14207
v 0.29432 0.82135 0.14267
v 0.29612 0.76135 0.14388
v 0.29902 0.76135 0.15048
v 0.30117 0.75857 0.14727
v 0.56660 0.92135 0.37374
v 0.56941 0.91535 0.37563
v 0.57185 0.91135 0.37727
v 0.57215 0.91135 0.37155
v 0.57606 0.90135 0.38367
v 0.57611 0.90135 0.38013
v 0.57652 0.89135 0.38298
v 0.57657 0.89135 0.38044
v 0.46209 0.89845 0.12282
v 0.45582 0.89236 0.13178
v 0.55164 0.37135 0.18688
v 0.55269 0.37135 0.18370
v 0.55344 0.37024 0.18420
v 0.55192 0.38135 0.18646
v 0.55454 0.37135 0.18256
v 0.55773 0.37135 0.18709
v 0.55220 0.38135 0.18337
v 0.55370 0.39018 0.18311
v 0.55152 0.38135 0.17087
v 0.55239 0.39135 0.17145
v 0.55246 0.40132 0.16784
v 0.55357 0.47135 0.16607
v 0.55304 0.47135 0.15984
v 0.55071 0.46545 0.17033
v 0.55616 0.47785 0.19808
v 0.54228 0.47403 0.20081
v 0.55058 0.47763 0.20638
v 0.55344 0.47496 0.18420
v 0.55580 0.48135 0.18579
v 0.55490 0.48135 0.18202
v 0.55542 0.48135 0.20963
v 0.55708 0.48132 0.19838
v 0.55331 0.53690 0.22026
v 0.55440 0.54135 0.21864
v 0.55510 0.55348 0.21777
v 0.55841 0.55218 0.23102
v 0.55879 0.55136 0.23612
v 0.55865 0.60423 0.23036
v 0.55859 0.65807 0.23005
v 0.55561 0.64645 0.21642
v 0.55798 0.68089 0.22911
v 0.55549 0.69951 0.21677
v 0.31958 0.92123 0.31600
v 0.31973 0.91133 0.31646
v 0.31827 0.93135 0.31536
v 0.31724 0.94135 0.31466
v 0.57673 0.90135 0.39259
v 0.57600 0.90135 0.40422
v 0.57645 0.90135 0.41650
v 0.29859 0.38542 0.18400
v 0.30935 0.38295 0.18890
v 0.30516 0.39140 0.19540
v 0.31107 0.38697 0.20298
v 0.31446 0.37179 0.17803
v 0.32234 0.37815 0.20076
v 0.30828 0.39146 0.21190
v 0.31540 0.37345 0.17990
v 0.32186 0.37721 0.19730
v 0.31480 0.38511 0.21666
v 0.56410 0.49722 0.15042
v 0.56479 0.51697 0.14924
v 0.56532 0.53198 0.14853
v 0.56529 0.55135 0.14861
v 0.32052 0.89200 0.17266
v 0.32323 0.88645 0.18618
v 0.33275 0.89135 0.17200
v 0.33710 0.88524 0.18345
v 0.33438 0.89462 0.16958
v 0.33153 0.88317 0.19175
v 0.34217 0.89148 0.17586
v 0.33864 0.88334 0.19653
v 0.35354 0.89128 0.18227
v 0.34573 0.90135 0.17060
v 0.32595 0.88299 0.20006
v 0.34540 0.88401 0.18903
v 0.35383 0.90135 0.17649
v 0.31207 0.88316 0.20278
v 0.35371 0.88466 0.19460
v 0.36053 0.90135 0.18444
v 0.35886 0.89183 0.18651
v 0.36465 0.89150 0.19660
v 0.36697 0.89135 0.20352
v 0.37031 0.89653 0.20576
v 0.36799 0.89135 0.20921
v 0.34255 0.88149 0.21121
v 0.36829 0.89146 0.21637
v 0.35916 0.88593 0.22236
v 0.31195 0.88272 0.23884
v 0.45533 0.89135 0.14240
v 0.44969 0.88564 0.13214
v 0.45035 0.88592 0.13906
v 0.45403 0.89135 0.15284
v 0.45347 0.89066 0.15189
v 0.45366 0.89083 0.15246
v 0.45214 0.89135 0.16435
v 0.45378 0.89088 0.15297
v 0.45110 0.88862 0.15895
v 0.45642 0.89807 0.16723
v 0.45354 0.89082 0.15358
v 0.45025 0.88838 0.16308
v 0.45145 0.89127 0.17518
v 0.45072 0.88761 0.16984
v 0.45017 0.88668 0.17419
v 0.45044 0.88760 0.17488
v 0.45181 0.89135 0.18141
v 0.54407 0.87083 0.16289
v 0.54267 0.87135 0.17697
v 0.54513 0.87489 0.17863
v 0.53683 0.85982 0.17305
v 0.54864 0.87772 0.19000
v 0.55173 0.88080 0.16971
v 0.53020 0.85135 0.19269
v 0.54218 0.87136 0.20092
v 0.53247 0.85135 0.17954
v 0.55058 0.87856 0.20638
v 0.53113 0.85954 0.21741
v 0.54148 0.87059 0.21736
v 0.52611 0.85135 0.21345
v 0.55331 0.87916 0.22026
v 0.52616 0.85160 0.21407
v 0.54148 0.87135 0.22436
v 0.54773 0.87596 0.22856
v 0.45867 0.90119 0.20483
v 0.46456 0.91148 0.20890
v 0.47290 0.91934 0.21443
v 0.46803 0.91135 0.22168
v 0.46732 0.90958 0.22273
v 0.46951 0.91135 0.22421
v 0.48159 0.92119 0.21961
v 0.56421 0.36697 0.27577
v 0.56748 0.37139 0.27045
v 0.56124 0.66980 0.33400
v 0.56076 0.66135 0.32164
v 0.56230 0.66135 0.33242
v 0.56219 0.66135 0.33464
v 0.55886 0.66135 0.34445
v 0.56124 0.65885 0.33400
v 0.56065 0.67135 0.33488
v 0.55554 0.66104 0.34251
v 0.55794 0.78116 0.22824
v 0.55853 0.75159 0.23334
v 0.56058 0.75114 0.24466
v 0.31163 0.89135 0.32295
v 0.55161 0.71135 0.26730
v 0.55566 0.70086 0.27009
v 0.55352 0.71135 0.27374
v 0.55996 0.70094 0.28370
v 0.54975 0.72135 0.26605
v 0.55708 0.68948 0.26876
v 0.55852 0.71094 0.28401
v 0.55038 0.72135 0.27846
v 0.56258 0.71135 0.29614
v 0.55478 0.72135 0.28981
v 0.55583 0.73135 0.28219
v 0.56136 0.71580 0.29795
v 0.55598 0.72135 0.29433
v 0.55491 0.73135 0.29361
v 0.54070 0.78135 0.29284
v 0.54888 0.79135 0.28956
v 0.54951 0.79135 0.29766
v 0.55306 0.79511 0.29237
v 0.55505 0.79135 0.28941
v 0.55076 0.78957 0.28536
v 0.55823 0.79135 0.29584
v 0.54476 0.79003 0.28679
v 0.55879 0.78177 0.28405
v 0.55953 0.78135 0.29672
v 0.55047 0.79141 0.27845
v 0.54681 0.79135 0.28374
v 0.53826 0.79135 0.27853
v 0.53605 0.87164 0.24488
v 0.51998 0.85602 0.23401
v 0.54114 0.87292 0.23631
v 0.54640 0.87712 0.24960
v 0.32993 0.37208 0.46416
v 0.33107 0.37147 0.47914
v 0.57702 0.84143 0.14924
v 0.58676 0.83645 0.17045
v 0.57770 0.85068 0.14879
v 0.57312 0.89135 0.37011
v 0.57480 0.90134 0.36728
v 0.57118 0.89135 0.36477
v 0.57226 0.89423 0.35345
v 0.56839 0.89135 0.35086
v 0.57405 0.90135 0.35079
v 0.57443 0.90135 0.35491
v 0.56434 0.93135 0.32937
v 0.56214 0.93135 0.32256
v 0.56688 0.92152 0.32565
v 0.56124 0.93838 0.33400
v 0.56515 0.93135 0.33663
v 0.55656 0.74191 0.18588
v 0.55266 0.73139 0.17026
v 0.55500 0.73132 0.18463
v 0.55332 0.74118 0.16799
v 0.55855 0.74186 0.19433
v 0.55442 0.75586 0.17253
v 0.55879 0.80108 0.19394
v 0.55680 0.80123 0.18644
v 0.55444 0.81135 0.19692
v 0.55616 0.80933 0.19808
v 0.55050 0.74130 0.15276
v 0.55137 0.73135 0.15872
v 0.55284 0.75135 0.15971
v 0.55416 0.76065 0.16115
v 0.57225 0.91129 0.35344
v 0.57235 0.91135 0.34147
v 0.57256 0.91135 0.36570
v 0.51051 0.91135 0.25174
v 0.51011 0.91135 0.26352
v 0.50325 0.90567 0.25891
v 0.51155 0.91351 0.26449
v 0.50897 0.91135 0.26833
v 0.55324 0.88144 0.18422
v 0.55901 0.88345 0.17590
v 0.56174 0.88361 0.18978
v 0.55369 0.88135 0.16589
v 0.55567 0.88152 0.20112
v 0.55932 0.88152 0.22720
v 0.55623 0.88122 0.25521
v 0.56434 0.88276 0.23971
v 0.55458 0.88171 0.16123
v 0.56459 0.88378 0.16760
v 0.59812 0.94124 0.15365
v 0.55260 0.67135 0.34686
v 0.55470 0.66135 0.34166
v 0.56365 0.67135 0.34767
v 0.55566 0.67803 0.34230
v 0.55072 0.67135 0.33899
v 0.56286 0.79135 0.15224
v 0.56384 0.80135 0.15078
v 0.57090 0.81149 0.15790
v 0.56446 0.81135 0.14986
v 0.55511 0.66827 0.33585
v 0.56954 0.89341 0.33958
v 0.56536 0.89135 0.33677
v 0.56738 0.89135 0.34279
v 0.57189 0.90135 0.33608
v 0.56927 0.90135 0.32735
v 0.57322 0.90135 0.34205
v 0.57041 0.91135 0.32812
v 0.56816 0.90135 0.32370
v 0.57214 0.91135 0.33570
v 0.56625 0.89148 0.32513
v 0.56919 0.91135 0.32216
v 0.56954 0.92064 0.33958
v 0.56701 0.92135 0.32583
v 0.56921 0.92135 0.33935
v 0.56299 0.36188 0.49094
v 0.55508 0.75158 0.21739
v 0.55398 0.73967 0.21954
v 0.55518 0.78135 0.21748
v 0.55445 0.79066 0.21860
v 0.56156 0.78111 0.24403
v 0.56057 0.79135 0.24531
v 0.55604 0.79727 0.23414
v 0.55827 0.80085 0.24823
v 0.55276 0.89119 0.32854
v 0.54136 0.90230 0.33065
v 0.54736 0.89564 0.33673
v 0.54253 0.90254 0.34532
v 0.55281 0.89483 0.36448
v 0.36974 0.91267 0.24288
v 0.36729 0.91135 0.25192
v 0.37021 0.91135 0.24177
v 0.35841 0.91135 0.27005
v 0.36816 0.90547 0.24598
v 0.32861 0.94110 0.30276
v 0.56409 0.92410 0.31182
v 0.56608 0.92135 0.31316
v 0.56049 0.93135 0.31718
v 0.60355 0.94186 0.14557
v 0.56396 0.93308 0.34788
v 0.55693 0.37135 0.21487
v 0.55321 0.37135 0.20815
v 0.55889 0.37002 0.21196
v 0.55720 0.37466 0.20501
v 0.55328 0.38135 0.20820
v 0.55266 0.38135 0.20329
v 0.54562 0.51135 0.16691
v 0.54443 0.50124 0.17888
v 0.54474 0.51161 0.17853
v 0.54437 0.51135 0.19016
v 0.55147 0.52138 0.16929
v 0.56168 0.37135 0.20179
v 0.55275 0.37135 0.20315
v 0.55916 0.37135 0.19361
v 0.56512 0.93154 0.34794
v 0.55010 0.50135 0.18916
v 0.55418 0.49142 0.18474
v 0.54883 0.49135 0.17312
v 0.54622 0.49135 0.16731
v 0.55071 0.48573 0.17033
v 0.54914 0.47135 0.19060
v 0.53956 0.46725 0.18693
v 0.54753 0.47129 0.19304
v 0.55131 0.47135 0.18278
v 0.55839 0.93485 0.35618
v 0.55564 0.40135 0.18092
v 0.55622 0.40135 0.18608
v 0.55402 0.93135 0.36268
v 0.55544 0.37477 0.19081
v 0.54959 0.90118 0.36877
v 0.54072 0.40135 0.13953
v 0.54535 0.38999 0.14259
v 0.54356 0.40135 0.14510
v 0.54905 0.39135 0.15487
v 0.54817 0.40166 0.15653
v 0.55031 0.39135 0.15801
v 0.55078 0.38135 0.15833
v 0.32098 0.82152 0.13663
v 0.31192 0.83156 0.13150
v 0.55136 0.52135 0.18281
v 0.55344 0.52435 0.18420
v 0.55068 0.52135 0.18830
v 0.56052 0.58862 0.28171
v 0.56096 0.62027 0.28098
v 0.55805 0.60261 0.26839
v 0.55807 0.64068 0.26704
v 0.55293 0.65393 0.32842
v 0.55735 0.67043 0.26831
v 0.56129 0.66138 0.28270
v 0.56356 0.66159 0.29454
v 0.56669 0.92951 0.36175
v 0.56485 0.93135 0.36052
v 0.56979 0.92135 0.35713
v 0.55513 0.80089 0.23407
v 0.55155 0.81139 0.24292
v 0.54885 0.81166 0.22888
v 0.55991 0.68166 0.28285
v 0.56290 0.69260 0.29564
v 0.54285 0.85135 0.15300
v 0.54133 0.86110 0.16123
v 0.54322 0.86135 0.15325
v 0.54570 0.87135 0.15492
v 0.54798 0.87600 0.15645
v 0.56733 0.89135 0.31400
v 0.56526 0.89135 0.32801
v 0.55021 0.43124 0.20687
v 0.54588 0.43135 0.20322
v 0.55592 0.42109 0.19829
v 0.55876 0.43527 0.24801
v 0.55046 0.43955 0.24244
v 0.56041 0.43135 0.24556
v 0.32038 0.88356 0.20836
v 0.33344 0.88199 0.20473
v 0.55741 0.76031 0.26796
v 0.55668 0.75132 0.26909
v 0.56081 0.76114 0.28408
v 0.55873 0.77135 0.27209
v 0.55745 0.77135 0.26789
v 0.55617 0.78253 0.26982
v 0.53646 0.78721 0.28122
v 0.53104 0.78233 0.27732
v 0.55604 0.43813 0.23414
v 0.54773 0.43946 0.22856
v 0.55757 0.43135 0.23186
v 0.54216 0.81454 0.23686
v 0.53617 0.81554 0.23083
v 0.54488 0.81460 0.25074
v 0.53658 0.81489 0.24516
v 0.55726 0.74135 0.25905
v 0.55389 0.73098 0.26913
v 0.55602 0.73448 0.26957
v 0.55858 0.73512 0.28403
v 0.54216 0.43135 0.20072
v 0.53398 0.42997 0.19523
v 0.54786 0.42503 0.19250
v 0.54230 0.43135 0.20078
v 0.55810 0.40135 0.23552
v 0.55493 0.39135 0.24544
v 0.55862 0.40135 0.24792
v 0.55739 0.49135 0.19625
v 0.55027 0.42135 0.18891
v 0.55399 0.41154 0.18336
v 0.55808 0.41135 0.19522
v 0.54527 0.41135 0.16050
v 0.43210 0.36135 0.49172
v 0.43100 0.36160 0.49203
v 0.55737 0.39184 0.23215
v 0.55521 0.39108 0.21803
v 0.55554 0.38135 0.23368
v 0.55066 0.52135 0.15825
v 0.50883 0.91130 0.25061
v 0.50058 0.91135 0.24496
v 0.50890 0.91135 0.25050
v 0.54922 0.66135 0.33396
v 0.55455 0.53135 0.17291
v 0.53847 0.48135 0.20648
v 0.53355 0.48118 0.19887
v 0.53956 0.42563 0.18693
v 0.51998 0.81363 0.23401
v 0.52668 0.47135 0.18816
v 0.53538 0.47135 0.19315
v 0.54511 0.41943 0.17867
v 0.53904 0.41013 0.15117
v 0.54687 0.48135 0.21191
v 0.55842 0.41149 0.23567
v 0.55873 0.43135 0.23595
v 0.55754 0.65567 0.26725
v 0.56105 0.65074 0.28290
v 0.55282 0.50135 0.19584
v 0.55616 0.49835 0.19808
v 0.55731 0.39135 0.23499
v 0.55046 0.38571 0.24244
v 0.55851 0.65635 0.32012
v 0.55958 0.66140 0.31812
v 0.55861 0.67142 0.32006
v 0.55272 0.81098 0.25635
v 0.46868 0.36135 0.48973
v 0.55060 0.41109 0.17035
v 0.55326 0.47135 0.17204
v 0.54513 0.46445 0.17863
v 0.55851 0.88719 0.32012
v 0.53411 0.45138 0.15917
v 0.52853 0.45149 0.16748
v 0.54241 0.45691 0.16475
v 0.53846 0.45135 0.15269
v 0.54798 0.45987 0.15645
v 0.54929 0.46135 0.15733
v 0.54786 0.46135 0.16841
v 0.55401 0.39172 0.20367
v 0.55498 0.38135 0.22133
v 0.54261 0.50133 0.16459
v 0.55277 0.38135 0.19580
v 0.53113 0.43383 0.21741
v 0.53595 0.43250 0.20860
v 0.53671 0.43463 0.20911
v 0.54228 0.43136 0.20081
v 0.55540 0.89114 0.34237
v 0.56396 0.89019 0.34788
v 0.56015 0.67135 0.33327
v 0.52746 0.43135 0.21494
v 0.55869 0.74249 0.24801
v 0.50741 0.90135 0.27065
v 0.50954 0.91135 0.27519
v 0.54501 0.52806 0.21468
v 0.53113 0.52764 0.21741
v 0.56762 0.90135 0.31420
v 0.56124 0.89037 0.33400
v 0.55652 0.57730 0.18508
v 0.55622 0.56078 0.18248
v 0.55883 0.55944 0.19419
v 0.55832 0.57790 0.19379
v 0.55250 0.53125 0.15969
v 0.55392 0.53135 0.16554
v 0.56013 0.41444 0.24600
v 0.55884 0.40672 0.24810
v 0.55365 0.43148 0.21982
v 0.55649 0.42135 0.22239
v 0.31506 0.80020 0.14457
v 0.55602 0.54074 0.18298
v 0.55582 0.53134 0.18565
v 0.55838 0.54135 0.19477
v 0.55794 0.57129 0.26810
v 0.56072 0.57135 0.28097
v 0.56149 0.88273 0.26189
v 0.29419 0.82135 0.13974
v 0.56966 0.88894 0.30352
v 0.55578 0.88819 0.30625
v 0.56409 0.88757 0.31182
v 0.57152 0.34873 0.45715
v 0.57268 0.34899 0.46215
v 0.31480 0.88336 0.21666
v 0.31753 0.88352 0.23053
v 0.52487 0.91135 0.29847
v 0.52531 0.91614 0.29782
v 0.29310 0.56670 0.16702
v 0.29310 0.55984 0.16805
v 0.29310 0.57953 0.16663
v 0.29310 0.57359 0.16661
v 0.29310 0.59135 0.16807
v 0.29310 0.58552 0.16677
v 0.29310 0.60135 0.16970
v 0.29310 0.59632 0.16821
v 0.29310 0.61273 0.17055
v 0.29310 0.60717 0.16974
v 0.29310 0.54700 0.16794
v 0.29310 0.61919 0.17107
v 0.29310 0.62237 0.17132
v 0.29310 0.63584 0.17141
v 0.29310 0.64137 0.17150
v 0.29310 0.64909 0.17318
v 0.29310 0.65426 0.17360
v 0.29310 0.66777 0.17471
v 0.29310 0.66163 0.17465
v 0.29310 0.68298 0.17472
v 0.29310 0.70345 0.17566
v 0.29310 0.70792 0.17585
v 0.29310 0.71058 0.17577
v 0.29310 0.73019 0.17536
v 0.29310 0.73652 0.17461
v 0.29310 0.74098 0.17420
v 0.29310 0.74755 0.17275
v 0.29310 0.75241 0.17221
v 0.29310 0.75616 0.17050
v 0.29310 0.75874 0.16959
v 0.29310 0.76031 0.16594
v 0.29310 0.76135 0.16478
v 0.29310 0.76227 0.16131
v 0.29310 0.76421 0.15930
v 0.29310 0.82754 0.15930
v 0.29310 0.82536 0.15736
v 0.29310 0.82335 0.15389
v 0.29310 0.86923 0.17344
v 0.29310 0.86331 0.17725
v 0.29310 0.87135 0.17334
v 0.29310 0.86273 0.17784
v 0.29310 0.87534 0.16800
v 0.29310 0.87857 0.16591
v 0.29310 0.88124 0.16111
v 0.29310 0.89317 0.15830
v 0.29310 0.89136 0.15761
v 0.29310 0.88165 0.16025
v 0.29310 0.88312 0.15944
v 0.29310 0.95250 0.60327
v 0.29310 0.95213 0.59870
v 0.29310 0.95423 0.60839
v 0.29310 0.95471 0.61005
v 0.29310 0.96133 0.61414
v 0.29310 0.95681 0.61142
v 0.29310 0.89620 0.15962
v 0.29310 0.91140 0.16698
v 0.29310 0.91244 0.16725
v 0.29310 0.92755 0.17228
v 0.29310 0.92239 0.17079
v 0.29310 0.93139 0.17381
v 0.29310 0.95219 0.36333
v 0.29310 0.95228 0.36797
v 0.29310 0.95243 0.37460
v 0.29310 0.95231 0.38321
v 0.29310 0.95234 0.39244
v 0.29310 0.95233 0.39482
v 0.29310 0.95195 0.38702
v 0.29310 0.95209 0.39881
v 0.29310 0.95220 0.40340
v 0.29310 0.95252 0.41547
v 0.29310 0.95329 0.43591
v 0.29310 0.95335 0.44319
v 0.29310 0.95347 0.44625
v 0.29310 0.95378 0.46574
v 0.29310 0.95379 0.46613
v 0.29310 0.95323 0.45165
v 0.29310 0.95386 0.46419
v 0.29310 0.95391 0.46710
v 0.29310 0.95362 0.45505
v 0.29310 0.95404 0.47307
v 0.29310 0.95401 0.47890
v 0.29310 0.95393 0.48731
v 0.29310 0.94987 0.19210
v 0.29310 0.94885 0.19003
v 0.29310 0.95073 0.19509
v 0.29310 0.94584 0.18489
v 0.29310 0.94112 0.17878
v 0.29310 0.95293 0.21092
v 0.29310 0.95132 0.19839
v 0.29310 0.95417 0.23082
v 0.29310 0.95407 0.22702
v 0.29310 0.93963 0.17782
v 0.29310 0.94089 0.17856
v 0.29310 0.95360 0.21797
v 0.29310 0.95452 0.24379
v 0.29310 0.95484 0.25709
v 0.29310 0.95465 0.26399
v 0.29310 0.95453 0.27435
v 0.29310 0.95447 0.28750
v 0.29310 0.95483 0.30446
v 0.29310 0.95463 0.29041
v 0.29310 0.95525 0.31076
v 0.29310 0.95556 0.32158
v 0.29310 0.95525 0.32392
v 0.29310 0.95510 0.32922
v 0.29310 0.95455 0.33646
v 0.29310 0.95455 0.33864
v 0.29310 0.95344 0.34450
v 0.29310 0.95344 0.34606
v 0.29310 0.95295 0.35684
v 0.29310 0.95280 0.35868
v 0.29310 0.95394 0.51798
v 0.29310 0.95392 0.52088
v 0.29310 0.95261 0.54721
v 0.29310 0.95386 0.52442
v 0.29310 0.95389 0.52224
v 0.29310 0.95389 0.52349
v 0.29310 0.95274 0.55961
v 0.29310 0.95210 0.57783
v 0.29310 0.95192 0.58071
v 0.29310 0.95187 0.58181
v 0.29310 0.95182 0.58860
v 0.29310 0.41135 0.17311
v 0.29310 0.40974 0.17431
v 0.29310 0.40136 0.17613
v 0.29310 0.40135 0.17613
v 0.29310 0.42135 0.16971
v 0.29310 0.41808 0.17137
v 0.29310 0.42484 0.16875
v 0.29310 0.39731 0.17732
v 0.29310 0.40136 0.17613
v 0.29310 0.43060 0.16590
v 0.29310 0.43702 0.16348
v 0.29310 0.45135 0.15892
v 0.29310 0.44898 0.15930
v 0.29310 0.39502 0.17835
v 0.29310 0.44249 0.16214
v 0.29310 0.39382 0.17851
v 0.29310 0.37273 0.17720
v 0.29310 0.37064 0.17653
v 0.29310 0.34516 0.15930
v 0.29310 0.36183 0.17209
v 0.29310 0.35265 0.16593
v 0.29310 0.37414 0.17777
v 0.29310 0.34994 0.16333
v 0.29310 0.35160 0.16521
v 0.29310 0.35135 0.16484
v 0.29310 0.83753 0.18409
v 0.29310 0.83219 0.17799
v 0.29310 0.83216 0.17784
v 0.29310 0.82823 0.16903
v 0.29310 0.83217 0.17791
v 0.29310 0.83887 0.18925
v 0.29310 0.82720 0.16594
v 0.29310 0.83855 0.19003
v 0.29310 0.86173 0.18248
v 0.29310 0.85631 0.19737
v 0.29310 0.84003 0.19517
v 0.29310 0.84227 0.20103
v 0.29310 0.84135 0.20077
v 0.29310 0.85402 0.20214
v 0.29310 0.84046 0.19563
v 0.29310 0.84565 0.20192
v 0.29310 0.85088 0.20852
v 0.29310 0.84764 0.20314
v 0.29310 0.45193 0.15890
v 0.29310 0.47394 0.15728
v 0.29310 0.47041 0.15736
v 0.29310 0.46182 0.15793
v 0.29310 0.48134 0.15552
v 0.29310 0.51135 0.15868
v 0.29310 0.51058 0.15859
v 0.29310 0.48855 0.15389
v 0.29310 0.50135 0.15399
v 0.29310 0.50024 0.15389
v 0.29310 0.50378 0.15696
v 0.29310 0.51318 0.15929
v 0.29310 0.52830 0.16711
v 0.29310 0.52282 0.16564
v 0.29310 0.53254 0.16754
v 0.29310 0.49135 0.15368
v 0.29310 0.51881 0.16471
v 0.29310 0.76906 0.12361
v 0.29310 0.77132 0.12178
v 0.29310 0.77519 0.12181
v 0.29310 0.76568 0.12911
v 0.29310 0.78879 0.12350
v 0.29310 0.79135 0.12606
v 0.29310 0.79646 0.12980
v 0.29310 0.79864 0.13342
v 0.29310 0.80430 0.12875
v 0.29310 0.80651 0.12350
v 0.29310 0.80402 0.14199
v 0.29310 0.80882 0.14633
v 0.29310 0.81339 0.14725
v 0.29310 0.82135 0.14757
v 0.29310 0.77234 0.14185
v 0.29310 0.76884 0.15086
v 0.29310 0.76915 0.15389
v 0.29310 0.76989 0.15281
v 0.29310 0.38207 0.17986
v 0.29310 0.37489 0.17815
v 0.29310 0.39331 0.17855
v 0.29310 0.37435 0.17800
v 0.29310 0.77210 0.14128
v 0.29310 0.77219 0.14167
v 0.29310 0.82228 0.15217
v 0.29310 0.81131 0.13455
v 0.29310 0.81587 0.13294
v 0.29310 0.82136 0.13639
v 0.29310 0.85139 0.12362
v 0.62575 0.95855 0.27374
v 0.62575 0.95897 0.27089
v 0.62575 0.95912 0.26892
v 0.62575 0.95750 0.28198
v 0.62575 0.95911 0.25890
v 0.62575 0.95918 0.25687
v 0.62575 0.95913 0.25647
v 0.62575 0.95879 0.25588
v 0.62575 0.95742 0.25417
v 0.62575 0.95135 0.24626
v 0.62575 0.94737 0.24486
v 0.62575 0.94127 0.24292
v 0.62575 0.93466 0.24191
v 0.62575 0.93226 0.24134
v 0.62575 0.92424 0.23772
v 0.62575 0.92135 0.23652
v 0.62575 0.92048 0.23495
v 0.62575 0.91865 0.23278
v 0.62575 0.91954 0.22220
v 0.62575 0.91948 0.22073
v 0.62575 0.91982 0.22001
v 0.62575 0.92139 0.21670
v 0.62575 0.92290 0.21203
v 0.62575 0.92366 0.20842
v 0.62575 0.92404 0.20397
v 0.62575 0.92414 0.19903
v 0.62575 0.92456 0.19487
v 0.62575 0.92481 0.19163
v 0.62575 0.92672 0.18459
v 0.62575 0.92676 0.18446
v 0.62575 0.92699 0.18393
v 0.62575 0.95189 0.45492
v 0.62575 0.95160 0.42063
v 0.62575 0.95152 0.41379
v 0.62575 0.95113 0.39171
v 0.62575 0.95152 0.41531
v 0.62575 0.95217 0.47786
v 0.62575 0.95100 0.38781
v 0.62575 0.95294 0.48528
v 0.62575 0.95051 0.37554
v 0.62575 0.95306 0.48910
v 0.62575 0.95354 0.50053
v 0.62575 0.95480 0.50697
v 0.62575 0.95481 0.50869
v 0.62575 0.95502 0.50985
v 0.62575 0.95557 0.52231
v 0.62575 0.95548 0.51574
v 0.62575 0.95553 0.52351
v 0.62575 0.95554 0.52490
v 0.62575 0.95384 0.53031
v 0.62575 0.95381 0.53394
v 0.62575 0.95272 0.54282
v 0.62575 0.95284 0.53917
v 0.62575 0.95303 0.53629
v 0.62575 0.95005 0.36634
v 0.62575 0.95013 0.35941
v 0.62575 0.95147 0.33025
v 0.62575 0.95287 0.31742
v 0.62575 0.95018 0.34892
v 0.62575 0.95102 0.33751
v 0.62575 0.94998 0.35211
v 0.62575 0.95379 0.31232
v 0.62575 0.95121 0.33286
v 0.62575 0.95539 0.30169
v 0.62575 0.95635 0.29148
v 0.62575 0.95266 0.57458
v 0.62575 0.95237 0.56997
v 0.62575 0.95329 0.57870
v 0.62575 0.96133 0.58868
v 0.62575 0.95477 0.58211
v 0.62575 0.95238 0.56963
v 0.62575 0.95344 0.58075
v 0.62575 0.95199 0.56596
v 0.62575 0.95236 0.56077
v 0.62575 0.95235 0.55803
v 0.62575 0.95205 0.55377
v 0.62575 0.95219 0.54923
v 0.62575 0.93292 0.12437
v 0.62575 0.93344 0.13034
v 0.62575 0.93394 0.13641
v 0.62575 0.93556 0.14828
v 0.62575 0.93559 0.14846
v 0.62575 0.93558 0.14882
v 0.62575 0.93104 0.17511
v 0.62575 0.93273 0.17171
v 0.62575 0.93544 0.16279
v 0.62575 0.93587 0.16050
v 0.29535 0.34453 0.15563
v 0.29544 0.34453 0.15547
v 0.29474 0.34453 0.15668
v 0.29310 0.34453 0.15904
v 0.29588 0.34453 0.15515
v 0.29908 0.34453 0.15341
v 0.29588 0.34453 0.15515
v 0.30343 0.34453 0.15101
v 0.30430 0.34453 0.15039
v 0.30164 0.34453 0.15227
v 0.29383 0.96458 0.61376
v 0.29693 0.96458 0.61365
v 0.29310 0.96458 0.61378
v 0.31318 0.96458 0.61328
v 0.31341 0.96458 0.61326
v 0.31358 0.96458 0.61324
v 0.32179 0.96458 0.61199
v 0.33187 0.96458 0.61099
v 0.34331 0.96458 0.60982
v 0.35176 0.96458 0.60937
v 0.35669 0.96458 0.60869
v 0.36046 0.96458 0.60850
v 0.36894 0.96458 0.60603
v 0.37391 0.96458 0.60468
v 0.37924 0.96458 0.60402
v 0.38369 0.96458 0.60356
v 0.39164 0.96458 0.60329
v 0.39691 0.96458 0.60289
v 0.40475 0.96458 0.60264
v 0.41972 0.96458 0.60059
v 0.41421 0.96458 0.60136
v 0.42368 0.96458 0.60034
v 0.43217 0.96458 0.59917
v 0.43390 0.96458 0.59905
v 0.44181 0.96458 0.59831
v 0.44421 0.96458 0.59805
v 0.44674 0.96458 0.59778
v 0.45973 0.96458 0.59642
v 0.45821 0.96458 0.59653
v 0.46320 0.96458 0.59607
v 0.46976 0.96458 0.59549
v 0.47457 0.96458 0.59520
v 0.47861 0.96458 0.59528
v 0.49427 0.96458 0.59511
v 0.49879 0.96458 0.59507
v 0.50151 0.96458 0.59505
v 0.50279 0.96458 0.59501
v 0.52318 0.96458 0.59449
v 0.52739 0.96458 0.59422
v 0.53107 0.96458 0.59417
v 0.53389 0.96458 0.59410
v 0.54488 0.96458 0.59341
v 0.54877 0.96458 0.59318
v 0.55256 0.96458 0.59283
v 0.56863 0.96458 0.59212
v 0.57740 0.96458 0.59153
v 0.58307 0.96458 0.59109
v 0.59148 0.96458 0.59083
v 0.59643 0.96458 0.59078
v 0.60340 0.96458 0.59090
v 0.61421 0.96458 0.59051
v 0.61945 0.96458 0.59015
v 0.62179 0.96458 0.58961
v 0.62404 0.96458 0.58910
v 0.62575 0.96458 0.58856
v 0.51908 0.93918 0.12144
v 0.52341 0.94030 0.12144
v 0.51380 0.93728 0.12144
v 0.53010 0.94147 0.12144
v 0.53222 0.94144 0.12144
v 0.53414 0.94126 0.12144
v 0.50253 0.93136 0.12144
v 0.51121 0.93603 0.12144
v 0.51201 0.93649 0.12144
v 0.54287 0.94064 0.12144
v 0.54960 0.94024 0.12144
v 0.56410 0.94080 0.12144
v 0.49431 0.92059 0.12144
v 0.49478 0.92137 0.12144
v 0.49717 0.92570 0.12144
v 0.49922 0.92828 0.12144
v 0.54691 0.94027 0.12144
v 0.54835 0.94027 0.12144
v 0.57560 0.94082 0.12144
v 0.49067 0.91546 0.12144
v 0.59097 0.94060 0.12144
v 0.62137 0.93373 0.12144
v 0.62575 0.93292 0.12144
v 0.61982 0.93411 0.12144
v 0.61912 0.93428 0.12144
v 0.60348 0.93860 0.12144
v 0.60653 0.93775 0.12144
v 0.59481 0.94008 0.12144
v 0.59876 0.93982 0.12144
v 0.61255 0.93612 0.12144
v 0.61779 0.93476 0.12144
v 0.48260 0.91147 0.12144
v 0.30640 0.75605 0.12144
v 0.31653 0.76115 0.12144
v 0.31717 0.76286 0.12144
v 0.31771 0.76665 0.12144
v 0.31919 0.77135 0.12144
v 0.32116 0.77858 0.12144
v 0.32142 0.78135 0.12144
v 0.32160 0.78357 0.12144
v 0.32341 0.79183 0.12144
v 0.32675 0.80818 0.12144
v 0.32807 0.81135 0.12144
v 0.32723 0.81657 0.12144
v 0.32594 0.82070 0.12144
v 0.32301 0.82615 0.12144
v 0.47759 0.90913 0.12144
v 0.47394 0.90673 0.12144
v 0.47891 0.90974 0.12144
v 0.29449 0.76757 0.12144
v 0.29366 0.77006 0.12144
v 0.29323 0.77133 0.12144
v 0.29324 0.77475 0.12144
v 0.29519 0.76613 0.12144
v 0.29555 0.76541 0.12144
v 0.29319 0.77584 0.12144
v 0.29310 0.77781 0.12144
v 0.29762 0.76135 0.12144
v 0.29330 0.78441 0.12144
v 0.29380 0.78883 0.12144
v 0.29310 0.78265 0.12144
v 0.29859 0.76020 0.12144
v 0.29416 0.79135 0.12144
v 0.29415 0.79574 0.12144
v 0.29455 0.80133 0.12144
v 0.29444 0.80179 0.12144
v 0.29406 0.80336 0.12144
v 0.29310 0.80806 0.12144
v 0.46182 0.89826 0.12144
v 0.46236 0.89863 0.12144
v 0.46513 0.90063 0.12144
v 0.45984 0.89661 0.12144
v 0.45414 0.89169 0.12144
v 0.45230 0.88965 0.12144
v 0.45165 0.88894 0.12144
v 0.29310 0.85140 0.12144
v 0.29498 0.85153 0.12144
vt 0.253866 0.948100
vt 0.251144 0.949906
vt 0.253318 0.946927
vt 0.247979 0.950165
vt 0.256055 0.946184
vt 0.247158 0.950724
vt 0.250466 0.947562
vt 0.257440 0.944219
vt 0.243367 0.951103
vt 0.250215 0.945268
vt 0.258688 0.944095
vt 0.255116 0.943915
vt 0.247002 0.947967
vt 0.259420 0.942751
vt 0.258568 0.941899
vt 0.241559 0.949688
vt 0.243405 0.948419
vt 0.256307 0.940562
vt 0.259908 0.942515
vt 0.239529 0.951005
vt 0.244110 0.946390
vt 0.240253 0.943280
vt 0.257920 0.940341
vt 0.260268 0.941752
vt 0.259886 0.938686
vt 0.237980 0.949773
vt 0.236346 0.949150
vt 0.242478 0.945595
vt 0.257820 0.936074
vt 0.258089 0.938771
vt 0.261602 0.938863
vt 0.236495 0.949981
vt 0.219245 0.945858
vt 0.239534 0.935198
vt 0.259878 0.941933
vt 0.254663 0.939539
vt 0.261841 0.938656
vt 0.263585 0.934485
vt 0.261673 0.933854
vt 0.232801 0.948583
vt 0.234398 0.949961
vt 0.230604 0.949933
vt 0.227357 0.947293
vt 0.229383 0.940324
vt 0.239363 0.939087
vt 0.259398 0.929374
vt 0.263615 0.935314
vt 0.263359 0.932725
vt 0.207084 0.949076
vt 0.225603 0.940521
vt 0.235774 0.939537
vt 0.235791 0.939448
vt 0.246120 0.927859
vt 0.265469 0.931878
vt 0.265642 0.928799
vt 0.263156 0.929334
vt 0.230829 0.950280
vt 0.214961 0.951502
vt 0.201823 0.947266
vt 0.232025 0.939827
vt 0.214134 0.941637
vt 0.262122 0.921968
vt 0.204921 0.933129
vt 0.266440 0.930279
vt 0.266326 0.928446
vt 0.262714 0.925873
vt 0.207118 0.952576
vt 0.187982 0.951460
vt 0.206639 0.942286
vt 0.212815 0.941819
vt 0.257083 0.906797
vt 0.216027 0.929395
vt 0.267010 0.924403
vt 0.266464 0.925827
vt 0.264470 0.924955
vt 0.187550 0.949475
vt 0.205015 0.942439
vt 0.208924 0.942106
vt 0.208928 0.942067
vt 0.242710 0.911522
vt 0.265594 0.910854
vt 0.232115 0.917869
vt 0.208502 0.926014
vt 0.266657 0.927974
vt 0.199777 0.942812
vt 0.205019 0.942398
vt 0.238325 0.898974
vt 0.263935 0.893330
vt 0.222951 0.919488
vt 0.203774 0.922790
vt 0.267690 0.920907
vt 0.194539 0.943353
vt 0.201094 0.942647
vt 0.258265 0.891756
vt 0.268232 0.914170
vt 0.270360 0.895431
vt 0.222437 0.909239
vt 0.196191 0.931554
vt 0.209868 0.915833
vt 0.268481 0.920537
vt 0.270025 0.913946
vt 0.193213 0.943582
vt 0.188550 0.934207
vt 0.244696 0.884646
vt 0.268711 0.909085
vt 0.272214 0.899936
vt 0.275138 0.879573
vt 0.266564 0.875396
vt 0.194623 0.917725
vt 0.203234 0.916551
vt 0.270047 0.917078
vt 0.189268 0.943980
vt 0.189270 0.943942
vt 0.224185 0.890575
vt 0.256022 0.886365
vt 0.220883 0.897316
vt 0.271418 0.909834
vt 0.274636 0.890500
vt 0.276766 0.883722
vt 0.208971 0.910856
vt 0.271139 0.916523
vt 0.187952 0.944113
vt 0.236037 0.880322
vt 0.261554 0.873611
vt 0.273463 0.909020
vt 0.272418 0.904971
vt 0.274698 0.898413
vt 0.277036 0.892821
vt 0.280640 0.871798
vt 0.281085 0.856972
vt 0.184039 0.927755
vt 0.197962 0.908399
vt 0.268887 0.920272
vt 0.272844 0.912721
vt 0.176992 0.940613
vt 0.238970 0.871099
vt 0.208164 0.884475
vt 0.209031 0.897955
vt 0.274220 0.904622
vt 0.282684 0.884621
vt 0.279231 0.882974
vt 0.282320 0.875250
vt 0.165620 0.935810
vt 0.188681 0.907981
vt 0.267472 0.921513
vt 0.232929 0.876633
vt 0.258317 0.863376
vt 0.275734 0.903296
vt 0.276115 0.899419
vt 0.279671 0.891031
vt 0.289843 0.862648
vt 0.285186 0.858502
vt 0.162624 0.931147
vt 0.176022 0.928213
vt 0.164800 0.945831
vt 0.215100 0.866588
vt 0.205242 0.874403
vt 0.241685 0.864911
vt 0.277052 0.900109
vt 0.283644 0.885366
vt 0.283762 0.878376
vt 0.286802 0.869681
vt 0.286742 0.853598
vt 0.287356 0.846633
vt 0.158166 0.931641
vt 0.177961 0.912943
vt 0.140094 0.949489
vt 0.170826 0.893308
vt 0.183223 0.869379
vt 0.235258 0.844694
vt 0.280353 0.892976
vt 0.286559 0.877355
vt 0.291819 0.863686
vt 0.289793 0.856854
vt 0.293212 0.846096
vt 0.254888 0.849336
vt 0.155593 0.924920
vt 0.158295 0.931536
vt 0.154957 0.931945
vt 0.174943 0.913476
vt 0.154811 0.909034
vt 0.155530 0.951141
vt 0.139530 0.941052
vt 0.216136 0.857599
vt 0.286457 0.878913
vt 0.289488 0.868548
vt 0.294049 0.858466
vt 0.291352 0.858310
vt 0.296081 0.847347
vt 0.284590 0.840265
vt 0.161667 0.914566
vt 0.152790 0.932199
vt 0.170550 0.913713
vt 0.170545 0.913839
vt 0.133169 0.953874
vt 0.134148 0.931864
vt 0.141193 0.933453
vt 0.199525 0.857441
vt 0.168156 0.879927
vt 0.157481 0.891634
vt 0.248951 0.844488
vt 0.217781 0.839992
vt 0.290671 0.867732
vt 0.292258 0.864272
vt 0.291855 0.863635
vt 0.294187 0.858212
vt 0.297877 0.847443
vt 0.291618 0.839796
vt 0.298459 0.841758
vt 0.268853 0.840301
vt 0.166121 0.914203
vt 0.159176 0.914769
vt 0.148480 0.932655
vt 0.152281 0.932135
vt 0.166121 0.914171
vt 0.148984 0.953896
vt 0.121661 0.954538
vt 0.108773 0.946391
vt 0.175913 0.861412
vt 0.165017 0.866867
vt 0.151129 0.892182
vt 0.162252 0.891247
vt 0.244655 0.835073
vt 0.230084 0.836031
vt 0.294905 0.859182
vt 0.299537 0.844336
vt 0.296046 0.839680
vt 0.286664 0.839330
vt 0.278025 0.835744
vt 0.161668 0.914560
vt 0.157194 0.914962
vt 0.148477 0.932537
vt 0.132779 0.956958
vt 0.124752 0.957204
vt 0.144144 0.932932
vt 0.101161 0.930130
vt 0.187519 0.837551
vt 0.165014 0.843096
vt 0.150010 0.877175
vt 0.155069 0.891660
vt 0.141982 0.892777
vt 0.162254 0.891163
vt 0.261943 0.836562
vt 0.253209 0.836687
vt 0.213507 0.831805
vt 0.296142 0.856683
vt 0.299866 0.847391
vt 0.299278 0.834462
vt 0.301801 0.834922
vt 0.303526 0.836635
vt 0.284594 0.835435
vt 0.293332 0.834898
vt 0.152704 0.915434
vt 0.157194 0.914931
vt 0.140768 0.956191
vt 0.106595 0.952533
vt 0.111479 0.957491
vt 0.129790 0.924237
vt 0.153875 0.849380
vt 0.138884 0.865534
vt 0.145765 0.892332
vt 0.126450 0.895894
vt 0.250671 0.834583
vt 0.237673 0.831263
vt 0.223543 0.831664
vt 0.303723 0.837287
vt 0.303019 0.835798
vt 0.289907 0.834694
vt 0.282564 0.829969
vt 0.267339 0.834491
vt 0.152703 0.915301
vt 0.146824 0.915904
vt 0.139640 0.959073
vt 0.128549 0.958985
vt 0.109203 0.955657
vt 0.114461 0.958692
vt 0.091494 0.942835
vt 0.097109 0.902094
vt 0.160220 0.827624
vt 0.149794 0.865071
vt 0.137046 0.865876
vt 0.260478 0.834417
vt 0.255579 0.834428
vt 0.246537 0.830270
vt 0.222111 0.829153
vt 0.302658 0.829350
vt 0.299324 0.834247
vt 0.303593 0.830691
vt 0.303984 0.832049
vt 0.287148 0.828579
vt 0.292844 0.828339
vt 0.276006 0.830391
vt 0.148189 0.915672
vt 0.145040 0.958321
vt 0.132728 0.959856
vt 0.125669 0.960361
vt 0.100987 0.956545
vt 0.120469 0.960666
vt 0.101178 0.958838
vt 0.093417 0.954539
vt 0.087581 0.922071
vt 0.180994 0.826582
vt 0.147308 0.858679
vt 0.131786 0.865973
vt 0.123973 0.873407
vt 0.253747 0.830440
vt 0.229211 0.829405
vt 0.215256 0.829024
vt 0.300556 0.828460
vt 0.294848 0.834359
vt 0.283277 0.828339
vt 0.269360 0.828480
vt 0.140856 0.960374
vt 0.136851 0.960777
vt 0.108447 0.961863
vt 0.100951 0.960115
vt 0.088206 0.951667
vt 0.085170 0.935410
vt 0.084479 0.908156
vt 0.199496 0.825978
vt 0.178897 0.823523
vt 0.131797 0.866160
vt 0.263693 0.829153
vt 0.254894 0.825391
vt 0.242965 0.825346
vt 0.229963 0.823309
vt 0.221337 0.824341
vt 0.300325 0.824703
vt 0.291126 0.823464
vt 0.296729 0.828240
vt 0.278926 0.828261
vt 0.287647 0.823050
vt 0.274348 0.828272
vt 0.144834 0.959812
vt 0.132817 0.960966
vt 0.124853 0.961366
vt 0.093814 0.957462
vt 0.092809 0.961281
vt 0.088643 0.954269
vt 0.086823 0.944978
vt 0.085565 0.938490
vt 0.082146 0.921382
vt 0.081557 0.917487
vt 0.188756 0.823483
vt 0.124523 0.854763
vt 0.126510 0.866348
vt 0.126517 0.866446
vt 0.260271 0.825540
vt 0.235674 0.822997
vt 0.210706 0.824798
vt 0.301889 0.826617
vt 0.298700 0.824036
vt 0.295329 0.823570
vt 0.283124 0.822980
vt 0.265372 0.825674
vt 0.270403 0.825455
vt 0.144778 0.961408
vt 0.149778 0.958603
vt 0.136865 0.961592
vt 0.132861 0.961288
vt 0.128856 0.961182
vt 0.116806 0.961195
vt 0.089246 0.958206
vt 0.101458 0.962875
vt 0.095598 0.962278
vt 0.085429 0.954942
vt 0.082946 0.951729
vt 0.082111 0.939056
vt 0.081533 0.925858
vt 0.080671 0.912481
vt 0.261126 0.822189
vt 0.255873 0.822244
vt 0.240944 0.822569
vt 0.230915 0.819290
vt 0.225547 0.819406
vt 0.220138 0.819406
vt 0.296130 0.820627
vt 0.288344 0.818864
vt 0.279148 0.822661
vt 0.278900 0.818839
vt 0.273999 0.822410
vt 0.152473 0.959200
vt 0.140842 0.961705
vt 0.109004 0.961841
vt 0.090081 0.961736
vt 0.083477 0.959487
vt 0.083505 0.955467
vt 0.081501 0.947541
vt 0.084797 0.942839
vt 0.080587 0.941512
vt 0.080208 0.939386
vt 0.079026 0.921552
vt 0.077120 0.926667
vt 0.076945 0.925014
vt 0.076896 0.917053
vt 0.121204 0.866705
vt 0.265777 0.822275
vt 0.246186 0.822377
vt 0.236236 0.819023
vt 0.214685 0.819270
vt 0.294175 0.819672
vt 0.284368 0.819346
vt 0.270370 0.822360
vt 0.085073 0.963064
vt 0.080004 0.956313
vt 0.077209 0.951614
vt 0.081015 0.943594
vt 0.075658 0.919400
vt 0.075167 0.917259
vt 0.262760 0.817598
vt 0.255322 0.817135
vt 0.250706 0.816925
vt 0.246071 0.816677
vt 0.239454 0.816506
vt 0.230981 0.816558
vt 0.225892 0.816473
vt 0.207196 0.819195
vt 0.220007 0.816448
vt 0.277789 0.816739
vt 0.270854 0.818391
vt 0.269744 0.820110
vt 0.086501 0.965724
vt 0.079552 0.964428
vt 0.078957 0.960647
vt 0.076609 0.948593
vt 0.078757 0.944042
vt 0.075848 0.944476
vt 0.072079 0.929730
vt 0.076238 0.921929
vt 0.075958 0.926678
vt 0.074035 0.913018
vt 0.265785 0.815741
vt 0.086541 0.968525
vt 0.080875 0.966608
vt 0.078355 0.956873
vt 0.071975 0.950435
vt 0.071531 0.927208
vt 0.073733 0.922257
vt 0.071187 0.917693
vt 0.245816 0.813367
vt 0.237320 0.812358
vt 0.231186 0.813166
vt 0.219935 0.811165
vt 0.209986 0.816515
vt 0.091720 0.965626
vt 0.075094 0.965299
vt 0.073759 0.958063
vt 0.070577 0.943572
vt 0.070291 0.922634
vt 0.225705 0.811498
vt 0.214875 0.810908
vt 0.092382 0.965350
vt 0.076340 0.967901
vt 0.074207 0.961283
vt 0.066198 0.925838
vt 0.212402 0.808691
vt 0.209773 0.810607
vt 0.071177 0.965269
vt 0.069849 0.961504
vt 0.066307 0.945197
vt 0.065069 0.940249
vt 0.060333 0.925581
vt 0.066368 0.960939
vt 0.059142 0.932327
vt 0.059280 0.937087
vt 0.056911 0.926361
vt 0.054905 0.928086
vt 0.055452 0.921463
vt 0.052485 0.923584
vt 0.051829 0.922207
vt 0.053309 0.925207
vt 0.050292 0.919198
vt 0.048185 0.920642
vt 0.052280 0.923465
vt 0.045990 0.919499
vt 0.054502 0.918914
vt 0.044827 0.918102
vt 0.048319 0.915795
vt 0.038759 0.919681
vt 0.039598 0.917449
vt 0.036268 0.918435
vt 0.042969 0.914885
vt 0.033060 0.920004
vt 0.034355 0.917206
vt 0.032529 0.915642
vt 0.031114 0.918595
vt 0.031799 0.920261
vt 0.023603 0.917586
vt 0.025935 0.918789
vt 0.028003 0.920884
vt 0.018523 0.919030
vt 0.021310 0.920477
vt 0.022905 0.921847
vt 0.018673 0.921478
vt 0.029943 0.920927
vt 0.017836 0.924357
vt 0.014782 0.921971
vt 0.031710 0.920097
vt 0.024957 0.922100
vt 0.015576 0.924468
vt 0.011616 0.922416
vt 0.022022 0.923715
vt 0.014167 0.926836
vt 0.013249 0.924205
vt 0.020309 0.925553
vt 0.017532 0.926212
vt 0.012036 0.927292
vt 0.012477 0.932001
vt 0.010889 0.932513
vt 0.009041 0.927386
vt 0.008606 0.932793
vt 0.010359 0.939583
vt 0.012040 0.938389
vt 0.011360 0.947312
vt 0.011345 0.952428
vt 0.011852 0.957516
vt 0.018299 0.958001
vt 0.023394 0.960660
vt 0.025250 0.953937
vt 0.028292 0.960299
vt 0.035119 0.958862
vt 0.038460 0.963160
vt 0.036874 0.968265
vt 0.040036 0.962053
vt 0.038300 0.966965
vt 0.038147 0.971059
vt 0.040595 0.964052
vt 0.039598 0.970193
vt 0.041375 0.967800
vt 0.038871 0.974459
vt 0.037138 0.980608
vt 0.466781 0.849277
vt 0.460217 0.848942
vt 0.454444 0.848531
vt 0.450420 0.848255
vt 0.446342 0.847994
vt 0.477088 0.849899
vt 0.442298 0.847650
vt 0.484773 0.854610
vt 0.468731 0.852981
vt 0.456518 0.852467
vt 0.447644 0.851948
vt 0.434082 0.847132
vt 0.438530 0.851440
vt 0.429875 0.846596
vt 0.486253 0.856995
vt 0.465440 0.856074
vt 0.455314 0.855970
vt 0.434333 0.851120
vt 0.425664 0.846182
vt 0.441603 0.855526
vt 0.433275 0.851869
vt 0.416725 0.845615
vt 0.430117 0.850810
vt 0.486397 0.859991
vt 0.468918 0.860107
vt 0.437202 0.869478
vt 0.424341 0.850498
vt 0.405587 0.844822
vt 0.503353 0.862036
vt 0.449583 0.870005
vt 0.425390 0.855724
vt 0.413118 0.849754
vt 0.487595 0.871153
vt 0.443441 0.870147
vt 0.414583 0.850930
vt 0.392154 0.848702
vt 0.394466 0.844152
vt 0.505545 0.875086
vt 0.454936 0.879961
vt 0.416235 0.853769
vt 0.396931 0.850320
vt 0.389855 0.843989
vt 0.491309 0.896384
vt 0.467307 0.883544
vt 0.438394 0.879250
vt 0.410173 0.859047
vt 0.396074 0.852821
vt 0.380789 0.851163
vt 0.466955 0.889201
vt 0.461606 0.883449
vt 0.452063 0.883314
vt 0.393373 0.855341
vt 0.385384 0.848307
vt 0.385245 0.843942
vt 0.445359 0.892759
vt 0.466369 0.883664
vt 0.456863 0.883383
vt 0.453679 0.883353
vt 0.447198 0.883198
vt 0.376886 0.855000
vt 0.380745 0.848215
vt 0.476162 0.906487
vt 0.461644 0.883548
vt 0.452072 0.883345
vt 0.442297 0.883078
vt 0.382771 0.844105
vt 0.380773 0.846625
vt 0.375167 0.851341
vt 0.456879 0.883431
vt 0.502857 0.910502
vt 0.451216 0.906473
vt 0.447235 0.883325
vt 0.441698 0.883121
vt 0.375361 0.848254
vt 0.491367 0.922009
vt 0.464679 0.940178
vt 0.380814 0.844590
vt 0.376351 0.845942
vt 0.486671 0.937900
vt 0.431815 0.949960
vt 0.552701 0.929508
vt 0.446187 0.950178
vt 0.379594 0.840241
vt 0.379504 0.844840
vt 0.537092 0.907592
vt 0.534057 0.942581
vt 0.482623 0.949461
vt 0.453719 0.949795
vt 0.439699 0.950437
vt 0.568931 0.918461
vt 0.560029 0.940301
vt 0.511904 0.949237
vt 0.469413 0.947893
vt 0.452589 0.949981
vt 0.446203 0.950252
vt 0.437209 0.950841
vt 0.559501 0.905811
vt 0.576361 0.925155
vt 0.574604 0.930620
vt 0.528027 0.948550
vt 0.454460 0.962667
vt 0.500331 0.956760
vt 0.411453 0.969519
vt 0.537790 0.899276
vt 0.572811 0.918822
vt 0.579533 0.934967
vt 0.559417 0.946309
vt 0.523366 0.953203
vt 0.463298 0.960608
vt 0.515337 0.954472
vt 0.488337 0.957337
vt 0.442337 0.963287
vt 0.525347 0.893775
vt 0.550086 0.895170
vt 0.562575 0.905000
vt 0.579821 0.923883
vt 0.583480 0.931464
vt 0.585434 0.935320
vt 0.578764 0.939227
vt 0.570573 0.943765
vt 0.555254 0.949796
vt 0.532287 0.951857
vt 0.478620 0.957854
vt 0.463833 0.965135
vt 0.517510 0.961239
vt 0.494778 0.960025
vt 0.434743 0.967909
vt 0.349513 0.838263
vt 0.574506 0.916830
vt 0.589164 0.938953
vt 0.584599 0.938983
vt 0.571627 0.947135
vt 0.562757 0.948511
vt 0.542898 0.950719
vt 0.537548 0.953527
vt 0.526495 0.955664
vt 0.480629 0.961572
vt 0.470478 0.963133
vt 0.457161 0.966896
vt 0.521595 0.957681
vt 0.507723 0.962253
vt 0.446804 0.968059
vt 0.443087 0.967834
vt 0.428005 0.970616
vt 0.585732 0.931415
vt 0.580295 0.921708
vt 0.591179 0.937474
vt 0.588492 0.941558
vt 0.583512 0.942466
vt 0.579287 0.947143
vt 0.564026 0.952094
vt 0.552721 0.952638
vt 0.543775 0.952940
vt 0.472480 0.965359
vt 0.465675 0.967057
vt 0.523611 0.960468
vt 0.519192 0.966497
vt 0.498749 0.962609
vt 0.492322 0.963072
vt 0.436411 0.969701
vt 0.586931 0.929615
vt 0.582795 0.925132
vt 0.593799 0.939646
vt 0.593313 0.941047
vt 0.582653 0.945507
vt 0.576309 0.951015
vt 0.571034 0.951593
vt 0.549516 0.956934
vt 0.528634 0.957830
vt 0.479186 0.964511
vt 0.458783 0.968530
vt 0.450048 0.969817
vt 0.525077 0.965968
vt 0.513181 0.967025
vt 0.507228 0.967624
vt 0.485799 0.963794
vt 0.437551 0.972305
vt 0.590564 0.934150
vt 0.583072 0.925041
vt 0.598220 0.941386
vt 0.597660 0.942421
vt 0.592729 0.943261
vt 0.587652 0.945101
vt 0.584506 0.947091
vt 0.581510 0.950568
vt 0.570179 0.955023
vt 0.559270 0.955948
vt 0.541457 0.957649
vt 0.535883 0.958090
vt 0.481426 0.968748
vt 0.468502 0.970649
vt 0.460131 0.970692
vt 0.530779 0.965410
vt 0.529635 0.959691
vt 0.518748 0.972986
vt 0.510326 0.974174
vt 0.500410 0.968636
vt 0.495257 0.968601
vt 0.428083 0.973973
vt 0.588119 0.930771
vt 0.593655 0.937367
vt 0.583565 0.924900
vt 0.597953 0.941835
vt 0.588865 0.946701
vt 0.581796 0.954046
vt 0.577062 0.954464
vt 0.547188 0.958361
vt 0.488177 0.968528
vt 0.474566 0.969395
vt 0.452856 0.970968
vt 0.527892 0.971727
vt 0.446120 0.973885
vt 0.433397 0.976354
vt 0.587545 0.929876
vt 0.592613 0.936110
vt 0.586338 0.928541
vt 0.584052 0.925558
vt 0.601875 0.944795
vt 0.601424 0.945790
vt 0.598446 0.946188
vt 0.593613 0.946426
vt 0.589973 0.952951
vt 0.585734 0.953633
vt 0.571576 0.960873
vt 0.565027 0.961642
vt 0.553375 0.963190
vt 0.541808 0.964299
vt 0.536393 0.964870
vt 0.488446 0.969534
vt 0.481832 0.970107
vt 0.474939 0.970554
vt 0.460538 0.972262
vt 0.453382 0.972797
vt 0.518130 0.974823
vt 0.501172 0.975242
vt 0.495220 0.976060
vt 0.325708 0.839850
vt 0.586718 0.928963
vt 0.587823 0.930184
vt 0.588161 0.930588
vt 0.584078 0.925660
vt 0.593762 0.952379
vt 0.579842 0.959627
vt 0.475821 0.978505
vt 0.468816 0.979059
vt 0.537186 0.970435
vt 0.493389 0.985660
vt 0.325451 0.841111
vt 0.601926 0.947632
vt 0.598022 0.951962
vt 0.588964 0.958626
vt 0.584707 0.959174
vt 0.553679 0.968682
vt 0.488814 0.976859
vt 0.482446 0.977721
vt 0.461589 0.979489
vt 0.454662 0.980449
vt 0.516465 0.983330
vt 0.502543 0.986942
vt 0.322029 0.840691
vt 0.320959 0.844605
vt 0.604527 0.950724
vt 0.597556 0.957687
vt 0.593228 0.958132
vt 0.581916 0.964834
vt 0.474920 0.984686
vt 0.468380 0.985707
vt 0.461367 0.986656
vt 0.486234 0.983107
vt 0.317119 0.836349
vt 0.603869 0.951267
vt 0.602164 0.951541
vt 0.601739 0.957229
vt 0.587272 0.964002
vt 0.567402 0.971702
vt 0.539099 0.978574
vt 0.471013 0.991623
vt 0.319761 0.841179
vt 0.603017 0.956899
vt 0.552535 0.973222
vt 0.474287 0.987764
vt 0.459018 0.997763
vt 0.445678 0.988931
vt 0.446881 0.994597
vt 0.256708 0.625675
vt 0.243091 0.628270
vt 0.249772 0.613785
vt 0.236587 0.621769
vt 0.228981 0.629779
vt 0.240836 0.639414
vt 0.222685 0.622417
vt 0.227610 0.640728
vt 0.224519 0.618759
vt 0.236468 0.654295
vt 0.215233 0.613906
vt 0.212229 0.627399
vt 0.225027 0.669104
vt 0.204636 0.619414
vt 0.212487 0.644454
vt 0.239400 0.693506
vt 0.196616 0.611921
vt 0.206321 0.635261
vt 0.218573 0.677229
vt 0.210638 0.663005
vt 0.187522 0.614933
vt 0.188366 0.624927
vt 0.203769 0.653969
vt 0.209699 0.684672
vt 0.188197 0.638573
vt 0.220319 0.716325
vt 0.192314 0.657411
vt 0.165365 0.630659
vt 0.186361 0.675450
vt 0.194197 0.714771
vt 0.180018 0.656931
vt 0.179119 0.708692
vt 0.172572 0.672205
vt 0.171139 0.751012
vt 0.150910 0.667803
vt 0.149869 0.701410
vt 0.149745 0.637124
vt 0.140848 0.740267
vt 0.135344 0.647933
vt 0.109912 0.682456
vt 0.153069 0.770267
vt 0.101249 0.654452
vt 0.090969 0.713975
vt 0.099735 0.748295
vt 0.109255 0.641301
vt 0.079841 0.680094
vt 0.105724 0.789024
vt 0.095900 0.630000
vt 0.069802 0.643143
vt 0.049011 0.660685
vt 0.050170 0.708393
vt 0.050174 0.730844
vt 0.085207 0.629826
vt 0.061771 0.789754
vt 0.081667 0.620267
vt 0.061970 0.613634
vt 0.048343 0.631777
vt 0.041035 0.705829
vt 0.040670 0.723682
vt 0.050463 0.762538
vt 0.040282 0.641790
vt 0.040491 0.659182
vt 0.050533 0.787752
vt 0.048359 0.604193
vt 0.040142 0.625474
vt 0.030823 0.678720
vt 0.030259 0.716715
vt 0.041652 0.765239
vt 0.037913 0.780447
vt 0.039719 0.610905
vt 0.031494 0.634825
vt 0.031626 0.642537
vt 0.022693 0.735239
vt 0.023348 0.752348
vt 0.041705 0.791674
vt 0.031693 0.616526
vt 0.031492 0.625177
vt 0.021979 0.656544
vt 0.022513 0.708689
vt 0.032934 0.791947
vt 0.020966 0.622529
vt 0.023307 0.641883
vt 0.022561 0.677148
vt 0.022541 0.695129
vt 0.003566 0.734288
vt 0.013366 0.760203
vt 0.023731 0.780336
vt 0.011468 0.644281
vt 0.012884 0.671729
vt 0.002279 0.686112
vt 0.021605 0.792986
vt 0.015159 0.619563
vt 0.004883 0.766487
vt 0.013298 0.782123
vt 0.021298 0.804142
vt 0.014486 0.794314
vt 0.798196 0.842936
vt 0.783362 0.838708
vt 0.778646 0.828569
vt 0.793534 0.843423
vt 0.761617 0.832906
vt 0.803989 0.853972
vt 0.788944 0.843440
vt 0.732823 0.840305
vt 0.788963 0.843471
vt 0.783085 0.843460
vt 0.739680 0.847179
vt 0.721369 0.830380
vt 0.783124 0.843529
vt 0.777171 0.843495
vt 0.767304 0.843697
vt 0.707771 0.841873
vt 0.715425 0.835105
vt 0.777249 0.843638
vt 0.771220 0.843534
vt 0.715448 0.838374
vt 0.700476 0.858899
vt 0.714602 0.831989
vt 0.819183 0.869847
vt 0.708510 0.835162
vt 0.732516 0.879434
vt 0.700620 0.843769
vt 0.718379 0.826775
vt 0.715015 0.835109
vt 0.715016 0.835119
vt 0.695914 0.833285
vt 0.690145 0.872148
vt 0.691066 0.839440
vt 0.690491 0.857221
vt 0.706318 0.831116
vt 0.766901 0.881166
vt 0.709109 0.835101
vt 0.689924 0.876530
vt 0.690312 0.861574
vt 0.690979 0.842083
vt 0.690419 0.859798
vt 0.690734 0.854104
vt 0.790693 0.884041
vt 0.752616 0.898883
vt 0.691148 0.834918
vt 0.689846 0.879160
vt 0.682195 0.871593
vt 0.687246 0.865741
vt 0.690928 0.844143
vt 0.685332 0.838453
vt 0.682958 0.856522
vt 0.690840 0.845730
vt 0.684137 0.853425
vt 0.798033 0.883815
vt 0.783293 0.884235
vt 0.774834 0.884502
vt 0.713754 0.891928
vt 0.684754 0.833492
vt 0.689721 0.882094
vt 0.681874 0.870716
vt 0.685093 0.859436
vt 0.682760 0.858892
vt 0.682384 0.865249
vt 0.684168 0.840843
vt 0.684409 0.836794
vt 0.684339 0.838031
vt 0.683186 0.853130
vt 0.688250 0.848891
vt 0.683267 0.851934
vt 0.805313 0.883571
vt 0.798122 0.883975
vt 0.790750 0.884153
vt 0.775833 0.884426
vt 0.783337 0.884330
vt 0.741650 0.920820
vt 0.683435 0.879037
vt 0.681480 0.876202
vt 0.675379 0.863635
vt 0.682628 0.861254
vt 0.686002 0.843557
vt 0.680094 0.852297
vt 0.683997 0.842791
vt 0.683684 0.847900
vt 0.815571 0.883344
vt 0.689633 0.888193
vt 0.833816 0.887105
vt 0.701971 0.922637
vt 0.680823 0.832050
vt 0.681287 0.878846
vt 0.677790 0.871161
vt 0.680884 0.858464
vt 0.674324 0.858047
vt 0.681818 0.837030
vt 0.675340 0.849512
vt 0.675156 0.851773
vt 0.683891 0.844566
vt 0.678554 0.846435
vt 0.809369 0.883711
vt 0.689081 0.903380
vt 0.684704 0.886677
vt 0.797284 0.917808
vt 0.688297 0.933555
vt 0.672348 0.874446
vt 0.674860 0.854234
vt 0.677201 0.833744
vt 0.677064 0.836173
vt 0.682561 0.842240
vt 0.676393 0.841251
vt 0.680157 0.894927
vt 0.680713 0.886562
vt 0.830290 0.950865
vt 0.788737 0.941757
vt 0.698864 0.951585
vt 0.688958 0.916259
vt 0.689040 0.908594
vt 0.681073 0.882281
vt 0.665586 0.866077
vt 0.676871 0.837724
vt 0.667226 0.853126
vt 0.680619 0.888236
vt 0.679644 0.901849
vt 0.687966 0.946778
vt 0.688920 0.912818
vt 0.683559 0.923494
vt 0.680762 0.903859
vt 0.678793 0.878618
vt 0.671911 0.878412
vt 0.670990 0.831721
vt 0.670559 0.840888
vt 0.670849 0.886646
vt 0.673925 0.895089
vt 0.671640 0.880665
vt 0.679608 0.886523
vt 0.787841 0.966326
vt 0.728070 0.973740
vt 0.687794 0.952914
vt 0.677448 0.935959
vt 0.681781 0.913369
vt 0.678821 0.913836
vt 0.677924 0.925305
vt 0.679520 0.903979
vt 0.679121 0.909667
vt 0.658832 0.857963
vt 0.665938 0.885290
vt 0.660746 0.849723
vt 0.810742 0.984117
vt 0.687441 0.964136
vt 0.687597 0.960320
vt 0.678347 0.948555
vt 0.676558 0.945877
vt 0.678571 0.918223
vt 0.657674 0.863518
vt 0.655814 0.871195
vt 0.662378 0.841054
vt 0.669120 0.900877
vt 0.707284 0.987888
vt 0.675801 0.957122
vt 0.676322 0.949392
vt 0.666709 0.926526
vt 0.670267 0.938368
vt 0.676220 0.914262
vt 0.667424 0.915415
vt 0.675412 0.904349
vt 0.651484 0.858353
vt 0.651690 0.861085
vt 0.646846 0.871599
vt 0.663373 0.832238
vt 0.657706 0.846492
vt 0.737178 0.983960
vt 0.687150 0.975299
vt 0.679561 0.961772
vt 0.668763 0.904722
vt 0.668255 0.909002
vt 0.654669 0.848974
vt 0.648262 0.868966
vt 0.634795 0.886906
vt 0.665835 0.827091
vt 0.657834 0.837048
vt 0.655683 0.842024
vt 0.658570 0.906863
vt 0.797729 0.990815
vt 0.681509 0.976030
vt 0.686758 0.989161
vt 0.675368 0.963632
vt 0.671556 0.951261
vt 0.654923 0.925259
vt 0.663655 0.947117
vt 0.646631 0.859870
vt 0.624749 0.899494
vt 0.658770 0.833501
vt 0.817797 0.988610
vt 0.663105 0.952984
vt 0.649891 0.853643
vt 0.659573 0.828494
vt 0.652490 0.839271
vt 0.651321 0.843841
vt 0.652153 0.847805
vt 0.837741 0.986038
vt 0.814911 0.997836
vt 0.675018 0.970134
vt 0.674445 0.979026
vt 0.662412 0.959078
vt 0.651493 0.954142
vt 0.647778 0.857133
vt 0.656048 0.833459
vt 0.652634 0.838965
vt 0.650019 0.848770
vt 0.609084 0.926320
vt 0.842905 0.992818
vt 0.671994 0.965275
vt 0.674219 0.985383
vt 0.624364 0.943524
vt 0.648931 0.852838
vt 0.646037 0.860784
vt 0.654160 0.834764
vt 0.660992 0.973053
vt 0.661457 0.968166
vt 0.670407 0.980656
vt 0.634879 0.971246
vt 0.645986 0.861977
vt 0.653244 0.837238
vt 0.655290 0.830860
vt 0.660686 0.982848
vt 0.644575 0.970334
vt 0.646892 0.985169
vt 0.296746 0.686044
vt 0.307037 0.676594
vt 0.308690 0.686718
vt 0.298859 0.676280
vt 0.303307 0.697444
vt 0.284148 0.685293
vt 0.295471 0.697064
vt 0.307739 0.699450
vt 0.297952 0.708544
vt 0.319539 0.697904
vt 0.305490 0.709785
vt 0.287460 0.696568
vt 0.293882 0.704867
vt 0.320244 0.687311
vt 0.319208 0.701123
vt 0.281160 0.695400
vt 0.292664 0.708445
vt 0.331337 0.692392
vt 0.330459 0.702611
vt 0.317004 0.710007
vt 0.269601 0.691310
vt 0.277812 0.705382
vt 0.303691 0.717392
vt 0.330867 0.698266
vt 0.337010 0.716071
vt 0.291458 0.712864
vt 0.341918 0.696882
vt 0.330598 0.710022
vt 0.341616 0.703411
vt 0.261325 0.707401
vt 0.301764 0.721476
vt 0.288280 0.721506
vt 0.370381 0.711121
vt 0.273013 0.721121
vt 0.314266 0.721734
vt 0.282976 0.721275
vt 0.383471 0.716603
vt 0.327608 0.721691
vt 0.298851 0.728998
vt 0.284679 0.732764
vt 0.359786 0.697510
vt 0.394974 0.709579
vt 0.345844 0.719753
vt 0.312769 0.728779
vt 0.403558 0.714760
vt 0.382473 0.720381
vt 0.340430 0.722116
vt 0.326462 0.731418
vt 0.311862 0.736407
vt 0.283825 0.736015
vt 0.386047 0.696917
vt 0.409784 0.710046
vt 0.422699 0.716926
vt 0.377921 0.722357
vt 0.353372 0.722237
vt 0.297020 0.736669
vt 0.426920 0.709141
vt 0.425788 0.712490
vt 0.391337 0.722665
vt 0.353313 0.735735
vt 0.331267 0.735899
vt 0.311217 0.750712
vt 0.281780 0.751048
vt 0.406416 0.703527
vt 0.438715 0.714417
vt 0.407104 0.723052
vt 0.379053 0.735582
vt 0.366282 0.735598
vt 0.325847 0.749898
vt 0.295815 0.751561
vt 0.427330 0.703873
vt 0.441365 0.708151
vt 0.441531 0.723417
vt 0.438966 0.710294
vt 0.429185 0.723253
vt 0.391801 0.735682
vt 0.366070 0.748648
vt 0.346170 0.749273
vt 0.311570 0.763770
vt 0.296855 0.764500
vt 0.439669 0.703805
vt 0.453981 0.723603
vt 0.450753 0.711087
vt 0.415602 0.735813
vt 0.383177 0.749465
vt 0.328626 0.761971
vt 0.456743 0.706930
vt 0.441383 0.735984
vt 0.429447 0.735994
vt 0.404004 0.748410
vt 0.355747 0.762571
vt 0.308729 0.776758
vt 0.454865 0.706694
vt 0.462992 0.711241
vt 0.454682 0.735515
vt 0.461959 0.709891
vt 0.416219 0.748303
vt 0.403929 0.759798
vt 0.378420 0.761087
vt 0.327024 0.776473
vt 0.298212 0.788246
vt 0.470329 0.706790
vt 0.465831 0.723724
vt 0.432851 0.746044
vt 0.365247 0.773532
vt 0.313257 0.788615
vt 0.479995 0.705001
vt 0.474101 0.711428
vt 0.476622 0.723745
vt 0.455838 0.757752
vt 0.485036 0.711446
vt 0.424408 0.761086
vt 0.384486 0.772863
vt 0.358429 0.785105
vt 0.320906 0.795634
vt 0.492126 0.705822
vt 0.471030 0.743368
vt 0.495961 0.711565
vt 0.402040 0.770202
vt 0.487053 0.723758
vt 0.468466 0.762143
vt 0.420865 0.772934
vt 0.497231 0.723773
vt 0.385373 0.783744
vt 0.351723 0.795850
vt 0.509466 0.711981
vt 0.495660 0.733580
vt 0.488472 0.746194
vt 0.515019 0.723712
vt 0.394001 0.789397
vt 0.372563 0.799422
vt 0.510280 0.703670
vt 0.483272 0.756197
vt 0.442112 0.780988
vt 0.406819 0.795013
vt 0.517625 0.712158
vt 0.513539 0.735043
vt 0.507306 0.747736
vt 0.479979 0.774136
vt 0.452438 0.786926
vt 0.426817 0.802060
vt 0.390511 0.804250
vt 0.526794 0.712315
vt 0.520842 0.758567
vt 0.527191 0.744436
vt 0.581028 0.803728
vt 0.579882 0.797339
vt 0.587203 0.804229
vt 0.575975 0.799606
vt 0.578148 0.792811
vt 0.575031 0.797285
vt 0.583539 0.788866
vt 0.574142 0.795134
vt 0.591595 0.801263
vt 0.570159 0.772251
vt 0.572976 0.793000
vt 0.568559 0.794289
vt 0.589346 0.792120
vt 0.572177 0.790710
vt 0.578749 0.772928
vt 0.592670 0.796583
vt 0.587191 0.782685
vt 0.564845 0.787154
vt 0.585998 0.777735
vt 0.578372 0.772265
vt 0.561581 0.791664
vt 0.562907 0.793599
vt 0.595783 0.791794
vt 0.594497 0.786466
vt 0.553687 0.750674
vt 0.584768 0.772448
vt 0.577069 0.764259
vt 0.592207 0.776617
vt 0.590084 0.777178
vt 0.558611 0.791460
vt 0.552166 0.765019
vt 0.565621 0.750280
vt 0.585371 0.772286
vt 0.584028 0.769973
vt 0.602750 0.790544
vt 0.598174 0.771462
vt 0.591124 0.770817
vt 0.538722 0.745163
vt 0.546490 0.729596
vt 0.580745 0.753342
vt 0.594653 0.771270
vt 0.542117 0.769503
vt 0.575624 0.732793
vt 0.589307 0.760172
vt 0.606871 0.786320
vt 0.596385 0.761711
vt 0.535624 0.752374
vt 0.585286 0.749100
vt 0.584183 0.741314
vt 0.603674 0.765340
vt 0.599892 0.765581
vt 0.592359 0.742158
vt 0.620309 0.780574
vt 0.602501 0.760086
vt 0.597246 0.760451
vt 0.590733 0.743303
vt 0.614122 0.748807
vt 0.602019 0.757990
vt 0.631436 0.748077
vt 0.599515 0.743631
vt 0.649506 0.753571
vt 0.619017 0.726724
vt 0.644822 0.747229
vt 0.650823 0.735652
vt 0.605054 0.725389
vt 0.646866 0.747147
vt 0.651296 0.724126
vt 0.602839 0.714481
vt 0.652449 0.746924
vt 0.646865 0.747117
vt 0.664097 0.729556
vt 0.636945 0.716345
vt 0.617192 0.717980
vt 0.674541 0.739689
vt 0.657809 0.724405
vt 0.649600 0.716942
vt 0.608362 0.702411
vt 0.672683 0.730450
vt 0.659935 0.713959
vt 0.654236 0.709120
vt 0.629671 0.703321
vt 0.598435 0.697746
vt 0.681832 0.730844
vt 0.678415 0.722002
vt 0.610866 0.697490
vt 0.592376 0.705097
vt 0.688570 0.745476
vt 0.693756 0.724849
vt 0.689502 0.709816
vt 0.643349 0.703642
vt 0.642545 0.699265
vt 0.606622 0.691816
vt 0.591211 0.694987
vt 0.692609 0.747777
vt 0.685195 0.745512
vt 0.671239 0.705814
vt 0.654282 0.703204
vt 0.629877 0.695273
vt 0.597311 0.692752
vt 0.584711 0.703150
vt 0.685190 0.745612
vt 0.679818 0.745574
vt 0.709265 0.706202
vt 0.653492 0.699320
vt 0.646874 0.695566
vt 0.623422 0.687055
vt 0.598985 0.688195
vt 0.587699 0.687555
vt 0.578356 0.695437
vt 0.585684 0.707906
vt 0.676848 0.745853
vt 0.677577 0.702719
vt 0.666603 0.700500
vt 0.647188 0.688971
vt 0.615668 0.681079
vt 0.605953 0.681042
vt 0.581950 0.687941
vt 0.577119 0.702831
vt 0.685435 0.702043
vt 0.659468 0.695022
vt 0.657324 0.689955
vt 0.630303 0.686881
vt 0.622715 0.680304
vt 0.590294 0.680689
vt 0.574672 0.687896
vt 0.567429 0.701386
vt 0.702994 0.702102
vt 0.675067 0.697243
vt 0.656894 0.686456
vt 0.637075 0.686652
vt 0.614904 0.678558
vt 0.574323 0.680867
vt 0.601079 0.678337
vt 0.574270 0.686691
vt 0.568804 0.695551
vt 0.571216 0.713018
vt 0.718298 0.701588
vt 0.703496 0.697609
vt 0.674448 0.693848
vt 0.663918 0.690559
vt 0.663926 0.686430
vt 0.643849 0.686519
vt 0.627526 0.678879
vt 0.583364 0.678162
vt 0.565963 0.687598
vt 0.560922 0.695212
vt 0.563485 0.709980
vt 0.694602 0.697666
vt 0.719565 0.706400
vt 0.713490 0.697724
vt 0.657064 0.680071
vt 0.650386 0.679777
vt 0.643593 0.679452
vt 0.636684 0.679134
vt 0.622696 0.675621
vt 0.606681 0.672129
vt 0.570859 0.677895
vt 0.564559 0.680907
vt 0.592202 0.671436
vt 0.724744 0.701288
vt 0.719496 0.697733
vt 0.714094 0.693804
vt 0.702145 0.693554
vt 0.694099 0.693303
vt 0.670463 0.691148
vt 0.670471 0.686547
vt 0.668537 0.680731
vt 0.629902 0.673732
vt 0.578123 0.670723
vt 0.563372 0.677977
vt 0.559329 0.687724
vt 0.739097 0.703098
vt 0.719884 0.693977
vt 0.708107 0.693734
vt 0.683399 0.692056
vt 0.676956 0.691629
vt 0.655774 0.678149
vt 0.637361 0.674377
vt 0.589331 0.668965
vt 0.570267 0.670381
vt 0.555875 0.678087
vt 0.557014 0.681088
vt 0.742288 0.707999
vt 0.730538 0.700967
vt 0.725449 0.697564
vt 0.725602 0.694134
vt 0.716527 0.688409
vt 0.707564 0.687814
vt 0.701789 0.687395
vt 0.695214 0.687005
vt 0.686936 0.686810
vt 0.676928 0.686683
vt 0.684003 0.684539
vt 0.690295 0.682426
vt 0.652733 0.672081
vt 0.607479 0.668214
vt 0.562257 0.670012
vt 0.554584 0.670022
vt 0.550400 0.686549
vt 0.736471 0.700814
vt 0.730266 0.692106
vt 0.662806 0.676871
vt 0.569195 0.661848
vt 0.566132 0.665117
vt 0.547803 0.670745
vt 0.548371 0.678220
vt 0.549407 0.682487
vt 0.742198 0.700761
vt 0.731341 0.697071
vt 0.734314 0.694283
vt 0.729662 0.689438
vt 0.701119 0.684469
vt 0.689283 0.678935
vt 0.556501 0.664757
vt 0.742249 0.694594
vt 0.673659 0.674465
vt 0.550567 0.665055
vt 0.540984 0.671383
vt 0.540754 0.678304
vt 0.734659 0.689725
vt 0.722895 0.684245
vt 0.703788 0.676666
vt 0.669736 0.670774
vt 0.560375 0.659888
vt 0.541731 0.667904
vt 0.552192 0.661154
vt 0.542555 0.665545
vt 0.532916 0.671162
vt 0.744927 0.691949
vt 0.531704 0.665008
vt 0.544977 0.661236
vt 0.694743 0.770380
vt 0.697301 0.772787
vt 0.693478 0.770470
vt 0.695216 0.760191
vt 0.688555 0.770806
vt 0.693479 0.770451
vt 0.688560 0.770727
vt 0.901562 0.914118
vt 0.890013 0.925653
vt 0.887648 0.916589
vt 0.882374 0.924842
vt 0.893725 0.913358
vt 0.879215 0.914581
vt 0.892193 0.908046
vt 0.885459 0.907808
vt 0.874211 0.921374
vt 0.877876 0.908916
vt 0.899050 0.906475
vt 0.878069 0.926064
vt 0.870839 0.916366
vt 0.906186 0.907829
vt 0.890678 0.901502
vt 0.876950 0.905041
vt 0.875814 0.932495
vt 0.873454 0.933330
vt 0.868860 0.916939
vt 0.872703 0.909577
vt 0.897605 0.898894
vt 0.882476 0.896643
vt 0.917316 0.894085
vt 0.888195 0.889074
vt 0.868753 0.904072
vt 0.874306 0.896949
vt 0.877448 0.943311
vt 0.903062 0.890751
vt 0.894198 0.881701
vt 0.879498 0.884931
vt 0.873078 0.890485
vt 0.864694 0.899563
vt 0.899367 0.876831
vt 0.885268 0.877427
vt 0.909131 0.882637
vt 0.877436 0.876726
vt 0.871748 0.884399
vt 0.867246 0.890970
vt 0.861282 0.887393
vt 0.916759 0.879036
vt 0.907651 0.875152
vt 0.895178 0.870209
vt 0.874544 0.864586
vt 0.923732 0.882371
vt 0.883270 0.869663
vt 0.868497 0.876556
vt 0.855708 0.885307
vt 0.935490 0.883361
vt 0.923576 0.873328
vt 0.906259 0.868265
vt 0.883189 0.862009
vt 0.861581 0.884814
vt 0.867394 0.869705
vt 0.946589 0.896750
vt 0.931173 0.876257
vt 0.913690 0.863651
vt 0.897430 0.863281
vt 0.889070 0.862529
vt 0.857980 0.875655
vt 0.871616 0.854295
vt 0.866308 0.865944
vt 0.949579 0.888789
vt 0.938361 0.876098
vt 0.930592 0.870303
vt 0.921550 0.863391
vt 0.904697 0.858766
vt 0.878896 0.852308
vt 0.863281 0.856695
vt 0.861480 0.869848
vt 0.865112 0.862140
vt 0.953297 0.900202
vt 0.945785 0.878907
vt 0.912901 0.855785
vt 0.893747 0.854196
vt 0.887248 0.853773
vt 0.862428 0.854153
vt 0.873491 0.845567
vt 0.856748 0.869997
vt 0.854861 0.865900
vt 0.953210 0.903940
vt 0.953194 0.888320
vt 0.953157 0.882336
vt 0.937902 0.861997
vt 0.929264 0.862104
vt 0.920762 0.854177
vt 0.904027 0.854176
vt 0.885787 0.845825
vt 0.857270 0.862180
vt 0.869401 0.845150
vt 0.851256 0.858766
vt 0.853035 0.870183
vt 0.957233 0.899719
vt 0.955557 0.894348
vt 0.953149 0.877221
vt 0.929362 0.854405
vt 0.911967 0.846179
vt 0.894488 0.845899
vt 0.853079 0.862211
vt 0.860034 0.845777
vt 0.852904 0.853965
vt 0.867398 0.837250
vt 0.875831 0.837207
vt 0.959657 0.899186
vt 0.959703 0.895855
vt 0.960070 0.888135
vt 0.959937 0.881298
vt 0.956948 0.875670
vt 0.952987 0.868989
vt 0.937573 0.854896
vt 0.929050 0.850525
vt 0.920498 0.846339
vt 0.903227 0.846012
vt 0.858530 0.837174
vt 0.849918 0.853871
vt 0.884640 0.837289
vt 0.959657 0.903483
vt 0.959735 0.893637
vt 0.960221 0.873287
vt 0.911850 0.838226
vt 0.902942 0.837880
vt 0.893776 0.837533
vt 0.859972 0.845743
vt 0.866399 0.828602
vt 0.875106 0.828627
vt 0.965846 0.893043
vt 0.963863 0.898536
vt 0.961441 0.893329
vt 0.966065 0.887233
vt 0.966762 0.870144
vt 0.847489 0.845772
vt 0.847556 0.845294
vt 0.858800 0.828969
vt 0.884751 0.829114
vt 0.965531 0.904021
vt 0.966012 0.890783
vt 0.909307 0.830500
vt 0.893384 0.829491
vt 0.877032 0.822758
vt 0.859104 0.827439
vt 0.974692 0.887922
vt 0.974892 0.878303
vt 0.868010 0.822436
vt 0.888477 0.825261
vt 0.978509 0.908099
vt 0.904516 0.823251
vt 0.929731 0.959515
vt 0.928923 0.958909
vt 0.928639 0.956211
vt 0.933212 0.964087
vt 0.927785 0.952622
vt 0.929814 0.956540
vt 0.934163 0.960666
vt 0.928393 0.957820
vt 0.928145 0.953657
vt 0.926775 0.950218
vt 0.878739 0.669854
vt 0.878680 0.671240
vt 0.877352 0.668890
vt 0.879805 0.673031
vt 0.873501 0.667858
vt 0.880886 0.677135
vt 0.875935 0.670435
vt 0.879994 0.678219
vt 0.871950 0.669499
vt 0.876868 0.672124
vt 0.882100 0.683245
vt 0.877582 0.674787
vt 0.869569 0.666889
vt 0.882416 0.688647
vt 0.878269 0.679921
vt 0.867733 0.668950
vt 0.873812 0.672737
vt 0.884001 0.692691
vt 0.877075 0.679904
vt 0.869402 0.672258
vt 0.883075 0.694785
vt 0.880521 0.686771
vt 0.863158 0.668304
vt 0.870552 0.679039
vt 0.885225 0.699694
vt 0.876829 0.688708
vt 0.864767 0.672124
vt 0.865205 0.677855
vt 0.883687 0.701128
vt 0.881415 0.696585
vt 0.853950 0.670268
vt 0.869458 0.684004
vt 0.886812 0.705702
vt 0.878108 0.695618
vt 0.846243 0.678685
vt 0.886259 0.702445
vt 0.885197 0.707854
vt 0.882272 0.704763
vt 0.880477 0.710068
vt 0.867605 0.698051
vt 0.884842 0.697974
vt 0.888641 0.709073
vt 0.888042 0.710359
vt 0.875077 0.705891
vt 0.838336 0.673376
vt 0.865537 0.704625
vt 0.888447 0.714950
vt 0.880711 0.716221
vt 0.839580 0.664807
vt 0.840371 0.681191
vt 0.841706 0.691998
vt 0.889650 0.712439
vt 0.883052 0.711536
vt 0.872175 0.714875
vt 0.830046 0.665783
vt 0.831242 0.682077
vt 0.864201 0.712197
vt 0.890628 0.720459
vt 0.885719 0.717710
vt 0.878395 0.735423
vt 0.817008 0.666506
vt 0.849372 0.706651
vt 0.890287 0.717077
vt 0.889341 0.721458
vt 0.887679 0.719187
vt 0.885536 0.723518
vt 0.886299 0.731791
vt 0.859574 0.740359
vt 0.834489 0.690158
vt 0.822332 0.682089
vt 0.846347 0.730046
vt 0.836139 0.702171
vt 0.891936 0.725691
vt 0.891507 0.726192
vt 0.887566 0.744045
vt 0.872232 0.747843
vt 0.824215 0.690025
vt 0.815440 0.675462
vt 0.892136 0.732596
vt 0.888446 0.725128
vt 0.891533 0.738938
vt 0.885182 0.748996
vt 0.856300 0.753355
vt 0.826591 0.717333
vt 0.892828 0.730976
vt 0.893404 0.734049
vt 0.889974 0.731782
vt 0.892611 0.748762
vt 0.891341 0.763098
vt 0.844662 0.759348
vt 0.880969 0.759841
vt 0.812151 0.687897
vt 0.829980 0.741829
vt 0.895370 0.740232
vt 0.895077 0.746566
vt 0.892409 0.758275
vt 0.887094 0.758887
vt 0.865584 0.772241
vt 0.817727 0.723243
vt 0.893934 0.739395
vt 0.896343 0.753647
vt 0.893804 0.764388
vt 0.892476 0.770135
vt 0.844198 0.779580
vt 0.839227 0.770266
vt 0.872668 0.779909
vt 0.807358 0.757670
vt 0.895920 0.743391
vt 0.897450 0.749277
vt 0.896665 0.761292
vt 0.896108 0.771247
vt 0.846842 0.793903
vt 0.881893 0.779153
vt 0.799688 0.742795
vt 0.897635 0.747407
vt 0.898826 0.757434
vt 0.897127 0.767572
vt 0.898519 0.772151
vt 0.897118 0.774711
vt 0.835695 0.787287
vt 0.811847 0.773327
vt 0.888402 0.788932
vt 0.876808 0.792457
vt 0.857662 0.798099
vt 0.787218 0.773130
vt 0.895985 0.743554
vt 0.898054 0.750580
vt 0.898951 0.763045
vt 0.898481 0.783553
vt 0.834910 0.795441
vt 0.893718 0.784948
vt 0.849426 0.800131
vt 0.772602 0.738880
vt 0.897665 0.747513
vt 0.899218 0.755577
vt 0.899845 0.759799
vt 0.899621 0.768297
vt 0.902648 0.776027
vt 0.902051 0.779880
vt 0.837680 0.804203
vt 0.825323 0.802358
vt 0.805559 0.788838
vt 0.896946 0.791216
vt 0.749466 0.772091
vt 0.898908 0.753320
vt 0.899321 0.757217
vt 0.899543 0.758001
vt 0.900774 0.765195
vt 0.901958 0.791340
vt 0.899295 0.756254
vt 0.900228 0.761125
vt 0.900375 0.761896
vt 0.903010 0.771887
vt 0.903919 0.779878
vt 0.903198 0.791441
vt 0.901606 0.766006
vt 0.904466 0.786608
vt 0.901825 0.766855
vt 0.904132 0.794562
vt 0.902359 0.767917
vt 0.905377 0.788516
vt 0.051606 0.489756
vt 0.050333 0.494992
vt 0.040997 0.488023
vt 0.052282 0.497435
vt 0.042051 0.500864
vt 0.052623 0.506509
vt 0.043560 0.511254
vt 0.056730 0.517821
vt 0.044184 0.523320
vt 0.048441 0.524495
vt 0.053861 0.530301
vt 0.044992 0.533415
vt 0.062763 0.528273
vt 0.045573 0.539146
vt 0.070356 0.518601
vt 0.063803 0.539458
vt 0.051281 0.535332
vt 0.070332 0.516359
vt 0.071187 0.528778
vt 0.071562 0.538675
vt 0.054936 0.536876
vt 0.046907 0.548489
vt 0.082494 0.522895
vt 0.072828 0.550934
vt 0.055632 0.547893
vt 0.052085 0.545767
vt 0.079242 0.530071
vt 0.084274 0.554377
vt 0.064857 0.553072
vt 0.047478 0.554446
vt 0.087227 0.531304
vt 0.079485 0.538675
vt 0.087521 0.547600
vt 0.072879 0.565238
vt 0.067816 0.565438
vt 0.058576 0.565608
vt 0.094901 0.524852
vt 0.087367 0.539884
vt 0.095787 0.551153
vt 0.080572 0.565270
vt 0.065332 0.565736
vt 0.048045 0.563149
vt 0.101904 0.532563
vt 0.092073 0.539066
vt 0.095355 0.556418
vt 0.088119 0.565151
vt 0.080573 0.565309
vt 0.072753 0.567447
vt 0.066363 0.581596
vt 0.057251 0.567128
vt 0.102585 0.540753
vt 0.104658 0.556197
vt 0.088124 0.565305
vt 0.057750 0.575288
vt 0.049808 0.572472
vt 0.102956 0.564132
vt 0.095578 0.565091
vt 0.059041 0.588070
vt 0.049877 0.583303
vt 0.109245 0.558017
vt 0.095588 0.565090
vt 0.054772 0.589363
vt 0.102228 0.577059
vt 0.095588 0.565091
vt 0.051419 0.599519
vt 0.050784 0.591723
vt 0.108814 0.504033
vt 0.108819 0.504148
vt 0.107781 0.508162
vt 0.108063 0.506974
vt 0.108995 0.504386
vt 0.108907 0.505063
vt 0.107931 0.510172
vt 0.107884 0.509109
vt 0.108881 0.505586
vt 0.108114 0.508010
vt 0.107959 0.509079
vt 0.108906 0.505897
vt 0.938053 0.660755
vt 0.937296 0.672191
vt 0.946047 0.663291
vt 0.937320 0.678883
vt 0.946577 0.651838
vt 0.945713 0.673441
vt 0.946017 0.682786
vt 0.953367 0.663258
vt 0.953262 0.670957
vt 0.945032 0.683632
vt 0.954044 0.646807
vt 0.953179 0.676241
vt 0.938582 0.687201
vt 0.952651 0.683684
vt 0.935897 0.695268
vt 0.960406 0.655850
vt 0.960388 0.664249
vt 0.960024 0.674158
vt 0.952887 0.681202
vt 0.944523 0.689736
vt 0.935604 0.700045
vt 0.961234 0.633472
vt 0.957530 0.682747
vt 0.952014 0.692893
vt 0.944052 0.697228
vt 0.970486 0.644251
vt 0.967397 0.664964
vt 0.967357 0.682530
vt 0.943348 0.708207
vt 0.968426 0.632215
vt 0.979558 0.675470
vt 0.967200 0.673354
vt 0.959626 0.693498
vt 0.951237 0.708319
vt 0.944474 0.707483
vt 0.942743 0.720447
vt 0.933911 0.721988
vt 0.975229 0.632549
vt 0.987602 0.643944
vt 0.968611 0.693037
vt 0.981810 0.640396
vt 0.969613 0.704731
vt 0.958362 0.710893
vt 0.950089 0.731435
vt 0.939105 0.723214
vt 0.981977 0.632781
vt 0.981986 0.632782
vt 0.979373 0.713602
vt 0.942372 0.724889
vt 0.932771 0.733913
vt 0.957748 0.729354
vt 0.941887 0.733609
vt 0.979628 0.740345
vt 0.949433 0.745087
vt 0.942144 0.744617
vt 0.957193 0.740091
vt 0.967909 0.754367
vt 0.956319 0.754830
vt 0.940729 0.753310
vt 0.933366 0.750816
vt 0.985933 0.753988
vt 0.948884 0.755154
vt 0.931459 0.760875
vt 0.973418 0.772688
vt 0.963632 0.768871
vt 0.948384 0.765867
vt 0.940548 0.758034
vt 0.986686 0.764595
vt 0.956042 0.762972
vt 0.930748 0.770867
vt 0.963431 0.772348
vt 0.955725 0.770192
vt 0.940329 0.763841
vt 0.936433 0.761783
vt 0.948211 0.775684
vt 0.940068 0.769833
vt 0.929918 0.779431
vt 0.955590 0.772706
vt 0.939845 0.774173
vt 0.937830 0.772833
vt 0.929149 0.793057
vt 0.948231 0.777392
vt 0.340113 0.658330
vt 0.328353 0.659068
vt 0.322064 0.661538
vt 0.316828 0.661001
vt 0.320552 0.671622
vt 0.294717 0.466926
vt 0.295310 0.464642
vt 0.300773 0.468523
vt 0.292978 0.466234
vt 0.302559 0.468138
vt 0.299682 0.470064
vt 0.291634 0.461134
vt 0.309787 0.470173
vt 0.296902 0.465209
vt 0.306820 0.470850
vt 0.294837 0.463279
vt 0.297716 0.471040
vt 0.305457 0.471471
vt 0.312388 0.471794
vt 0.303959 0.471726
vt 0.302688 0.474033
vt 0.309518 0.472001
vt 0.296598 0.472900
vt 0.298535 0.483159
vt 0.295071 0.476181
vt 0.291798 0.469928
vt 0.311519 0.483741
vt 0.291537 0.474550
vt 0.289191 0.469062
vt 0.308570 0.490926
vt 0.293368 0.479460
vt 0.286733 0.472981
vt 0.290340 0.467600
vt 0.324782 0.487106
vt 0.294652 0.491469
vt 0.291606 0.483521
vt 0.317144 0.499386
vt 0.300674 0.492991
vt 0.286198 0.477967
vt 0.284910 0.475181
vt 0.296745 0.516261
vt 0.289819 0.503180
vt 0.288907 0.488881
vt 0.283756 0.477214
vt 0.327458 0.507444
vt 0.284215 0.499591
vt 0.285214 0.483027
vt 0.325215 0.519242
vt 0.283383 0.517263
vt 0.281907 0.505016
vt 0.283530 0.493807
vt 0.284030 0.488290
vt 0.279607 0.486106
vt 0.334815 0.519342
vt 0.297743 0.524244
vt 0.275287 0.498525
vt 0.284186 0.499554
vt 0.326097 0.525836
vt 0.318725 0.524338
vt 0.284205 0.540872
vt 0.279875 0.508876
vt 0.274467 0.496913
vt 0.273874 0.498275
vt 0.276614 0.492596
vt 0.276775 0.492593
vt 0.275053 0.485869
vt 0.317652 0.530098
vt 0.276192 0.536292
vt 0.278686 0.511501
vt 0.273650 0.504658
vt 0.272085 0.502043
vt 0.300193 0.541599
vt 0.272699 0.524895
vt 0.271542 0.548839
vt 0.277565 0.513967
vt 0.269593 0.507534
vt 0.271046 0.504301
vt 0.272842 0.491578
vt 0.270576 0.497558
vt 0.295672 0.548987
vt 0.314497 0.540559
vt 0.275761 0.518068
vt 0.269855 0.530082
vt 0.260801 0.548910
vt 0.271967 0.511081
vt 0.266938 0.496585
vt 0.304424 0.549077
vt 0.272573 0.524679
vt 0.268761 0.532364
vt 0.262486 0.524627
vt 0.275727 0.555068
vt 0.266933 0.536074
vt 0.265704 0.558037
vt 0.270670 0.517826
vt 0.267928 0.510786
vt 0.268316 0.503830
vt 0.297808 0.557754
vt 0.313846 0.549036
vt 0.264110 0.517484
vt 0.259293 0.524481
vt 0.284738 0.554980
vt 0.264416 0.503011
vt 0.312165 0.557343
vt 0.293691 0.555945
vt 0.322257 0.548608
vt 0.264163 0.517361
vt 0.283842 0.558084
vt 0.274438 0.558186
vt 0.303824 0.565391
vt 0.293470 0.557858
vt 0.321439 0.553927
vt 0.266046 0.567224
vt 0.312682 0.565152
vt 0.294375 0.565930
vt 0.329704 0.555230
vt 0.321257 0.557025
vt 0.283812 0.566533
vt 0.273520 0.567017
vt 0.321134 0.565050
vt 0.305159 0.572727
vt 0.295957 0.573219
vt 0.263987 0.573454
vt 0.321667 0.572626
vt 0.313929 0.574937
vt 0.280604 0.574662
vt 0.329428 0.557056
vt 0.329648 0.572726
vt 0.305255 0.579417
vt 0.328969 0.565314
vt 0.322190 0.577495
vt 0.314508 0.579787
vt 0.337736 0.572698
vt 0.331724 0.578184
vt 0.306976 0.587218
vt 0.331544 0.588998
vt 0.315567 0.586638
vt 0.338909 0.586074
vt 0.324067 0.586869
vt 0.311416 0.599632
vt 0.324958 0.592461
vt 0.035077 0.232139
vt 0.038622 0.231102
vt 0.044160 0.231080
vt 0.033452 0.231104
vt 0.042229 0.227428
vt 0.036329 0.226756
vt 0.029264 0.231482
vt 0.050745 0.228781
vt 0.029856 0.226850
vt 0.030044 0.233288
vt 0.054558 0.231021
vt 0.033619 0.217181
vt 0.029883 0.222067
vt 0.027850 0.231841
vt 0.025975 0.228988
vt 0.036422 0.207246
vt 0.025151 0.227204
vt 0.023493 0.236685
vt 0.031432 0.210121
vt 0.029361 0.220541
vt 0.023802 0.223875
vt 0.023474 0.232200
vt 0.019996 0.232874
vt 0.027403 0.214755
vt 0.031258 0.190556
vt 0.025248 0.222271
vt 0.028027 0.217168
vt 0.021706 0.227588
vt 0.021093 0.237655
vt 0.022487 0.202834
vt 0.023185 0.222426
vt 0.017608 0.228140
vt 0.024801 0.238069
vt 0.021785 0.217817
vt 0.017076 0.206901
vt 0.019159 0.222802
vt 0.021056 0.241581
vt 0.018267 0.240239
vt 0.016176 0.233932
vt 0.021049 0.217483
vt 0.015242 0.201060
vt 0.019271 0.212535
vt 0.015917 0.217824
vt 0.015548 0.207001
vt 0.012299 0.212627
vt 0.010770 0.218326
vt 0.008838 0.207186
vt 0.020548 0.246716
vt 0.021834 0.252760
vt 0.534464 0.492865
vt 0.538876 0.494398
vt 0.534994 0.501536
vt 0.527083 0.509725
vt 0.548290 0.489484
vt 0.542635 0.495179
vt 0.537269 0.500206
vt 0.531087 0.504418
vt 0.535703 0.511980
vt 0.539399 0.507199
vt 0.533526 0.516621
vt 0.519652 0.510070
vt 0.543462 0.500652
vt 0.538429 0.512832
vt 0.531601 0.521654
vt 0.526475 0.525850
vt 0.552317 0.501163
vt 0.537851 0.518147
vt 0.536060 0.517591
vt 0.545541 0.508282
vt 0.542738 0.513871
vt 0.529023 0.520737
vt 0.535726 0.522865
vt 0.519951 0.530593
vt 0.539207 0.518514
vt 0.536854 0.520943
vt 0.532974 0.527605
vt 0.529931 0.526918
vt 0.525008 0.531749
vt 0.552134 0.508955
vt 0.543450 0.524130
vt 0.546716 0.514379
vt 0.544033 0.519390
vt 0.538046 0.523353
vt 0.537860 0.528395
vt 0.513255 0.528960
vt 0.531079 0.530778
vt 0.526906 0.538126
vt 0.542795 0.528949
vt 0.538218 0.533755
vt 0.506445 0.526858
vt 0.520498 0.537200
vt 0.552406 0.514828
vt 0.546053 0.521914
vt 0.546726 0.519723
vt 0.516666 0.536465
vt 0.531245 0.538704
vt 0.524535 0.539623
vt 0.552587 0.520331
vt 0.550038 0.529121
vt 0.532413 0.533065
vt 0.506335 0.533892
vt 0.519196 0.539444
vt 0.521964 0.540127
vt 0.554760 0.527426
vt 0.499802 0.532812
vt 0.509832 0.535929
vt 0.514446 0.537213
vt 0.501188 0.540621
vt 0.499256 0.541258
vt 0.507180 0.548190
vt 0.495088 0.544950
vt 0.497284 0.548250
vt 0.150066 0.454998
vt 0.151362 0.458108
vt 0.147757 0.454751
vt 0.153865 0.458062
vt 0.143694 0.454838
vt 0.155572 0.459952
vt 0.147592 0.458182
vt 0.158429 0.461891
vt 0.159699 0.465281
vt 0.154187 0.461828
vt 0.138583 0.459594
vt 0.154771 0.458651
vt 0.150324 0.461677
vt 0.140388 0.463576
vt 0.161732 0.465764
vt 0.158075 0.465302
vt 0.159796 0.469343
vt 0.125823 0.469207
vt 0.164712 0.468826
vt 0.156683 0.471541
vt 0.134541 0.472692
vt 0.162878 0.469078
vt 0.167109 0.477944
vt 0.113824 0.492199
vt 0.166808 0.471023
vt 0.165857 0.472606
vt 0.132942 0.479067
vt 0.168055 0.471793
vt 0.170429 0.477636
vt 0.132510 0.488729
vt 0.169006 0.473475
vt 0.172387 0.476860
vt 0.176789 0.485625
vt 0.147435 0.487173
vt 0.134487 0.487950
vt 0.126786 0.506425
vt 0.170445 0.473353
vt 0.175029 0.479761
vt 0.172265 0.486951
vt 0.138980 0.487728
vt 0.134635 0.488087
vt 0.160893 0.500987
vt 0.173931 0.477048
vt 0.176150 0.479036
vt 0.190742 0.497582
vt 0.186136 0.496426
vt 0.143455 0.487625
vt 0.178673 0.481387
vt 0.183492 0.486260
vt 0.139072 0.487855
vt 0.179354 0.481615
vt 0.188921 0.492742
vt 0.199924 0.508161
vt 0.186780 0.489023
vt 0.195572 0.501135
vt 0.191310 0.494438
vt 0.195520 0.499632
vt 0.202599 0.508736
vt 0.191776 0.494919
vt 0.199302 0.504320
vt 0.204190 0.510460
vt 0.199223 0.504913
vt 0.204361 0.510144
vt 0.206485 0.512844
vt 0.204002 0.509609
vt 0.203210 0.508727
vt 0.204020 0.509626
vt 0.206911 0.512581
vt 0.206998 0.512679
vt 0.203966 0.509569
vt 0.206956 0.512632
vt 0.207813 0.513474
vt 0.203987 0.509586
vt 0.210188 0.515795
vt 0.675521 0.460276
vt 0.675135 0.460999
vt 0.674277 0.461930
vt 0.675267 0.460857
vt 0.672373 0.465190
vt 0.673807 0.464320
vt 0.675052 0.461416
vt 0.667380 0.471827
vt 0.672343 0.466372
vt 0.673933 0.464272
vt 0.674170 0.463922
vt 0.674518 0.462610
vt 0.044817 0.143088
vt 0.026649 0.147136
vt 0.024604 0.149710
vt 0.017959 0.151612
vt 0.028597 0.154775
vt 0.022697 0.152476
vt 0.020217 0.148703
vt 0.014173 0.154581
vt 0.025840 0.156164
vt 0.021144 0.157877
vt 0.019311 0.159755
vt 0.023603 0.156794
vt 0.025801 0.156202
vt 0.022297 0.157046
vt 0.012286 0.158097
vt 0.015760 0.162415
vt 0.030187 0.164673
vt 0.023113 0.162349
vt 0.010038 0.153962
vt 0.022460 0.165858
vt 0.024603 0.159111
vt 0.033148 0.162633
vt 0.012915 0.162381
vt 0.003583 0.154682
vt 0.028787 0.165793
vt 0.024091 0.169606
vt 0.014083 0.165769
vt 0.006276 0.164005
vt 0.011938 0.169796
vt 0.020404 0.172249
vt 0.004718 0.163567
vt 0.029754 0.172840
vt 0.005536 0.173935
vt 0.018305 0.176317
vt 0.030127 0.178313
vt 0.017960 0.177739
vt 0.011263 0.186083
vt 0.027282 0.184145
vt 0.293290 0.412196
vt 0.298219 0.412100
vt 0.288410 0.412280
vt 0.282801 0.410451
vt 0.272526 0.408345
vt 0.298728 0.413750
vt 0.294445 0.414049
vt 0.290647 0.414633
vt 0.283768 0.412293
vt 0.275216 0.412472
vt 0.303494 0.416602
vt 0.282122 0.415205
vt 0.269238 0.412532
vt 0.299938 0.416327
vt 0.297144 0.416742
vt 0.295875 0.419856
vt 0.278023 0.416821
vt 0.304643 0.420610
vt 0.300666 0.420411
vt 0.284979 0.419879
vt 0.302432 0.419458
vt 0.300134 0.423394
vt 0.307452 0.424012
vt 0.305049 0.423502
vt 0.273088 0.424229
vt 0.295192 0.428776
vt 0.250668 0.419112
vt 0.281571 0.439711
vt 0.661613 0.361208
vt 0.662406 0.364600
vt 0.661454 0.365264
vt 0.660433 0.368383
vt 0.659843 0.366001
vt 0.658634 0.369804
vt 0.660838 0.361808
vt 0.657848 0.367338
vt 0.661049 0.357696
vt 0.659655 0.362460
vt 0.657237 0.371009
vt 0.656741 0.367847
vt 0.656697 0.375292
vt 0.660732 0.358210
vt 0.658658 0.363115
vt 0.655675 0.372940
vt 0.655893 0.376828
vt 0.661220 0.353599
vt 0.656098 0.368240
vt 0.655480 0.380471
vt 0.660788 0.354058
vt 0.660042 0.358770
vt 0.657595 0.363794
vt 0.653080 0.375083
vt 0.653225 0.378695
vt 0.653568 0.385904
vt 0.655104 0.369009
vt 0.652637 0.386970
vt 0.660004 0.354557
vt 0.658915 0.359383
vt 0.656257 0.364516
vt 0.652268 0.379052
vt 0.653962 0.369814
vt 0.651453 0.387964
vt 0.651778 0.391528
vt 0.656845 0.360090
vt 0.654244 0.365317
vt 0.652225 0.375265
vt 0.649504 0.397908
vt 0.658783 0.355106
vt 0.651643 0.384095
vt 0.651238 0.380858
vt 0.652358 0.370683
vt 0.648739 0.394319
vt 0.653460 0.360923
vt 0.650776 0.387577
vt 0.650936 0.385571
vt 0.650775 0.376232
vt 0.649919 0.367414
vt 0.649245 0.390504
vt 0.651051 0.361423
vt 0.649943 0.386702
vt 0.648500 0.387822
vt 0.646399 0.397696
vt 0.648615 0.391620
vt 0.647270 0.377125
vt 0.648026 0.361822
vt 0.648190 0.392825
vt 0.645676 0.382957
vt 0.643252 0.372357
vt 0.646588 0.394189
vt 0.643830 0.387930
vt 0.640562 0.378907
vt 0.635703 0.368810
vt 0.645301 0.389336
vt 0.638547 0.385028
vt 0.638489 0.363392
vt 0.636408 0.374365
vt 0.643224 0.389923
vt 0.636286 0.391531
vt 0.634548 0.379896
vt 0.632248 0.364672
vt 0.631116 0.369754
vt 0.633232 0.384878
vt 0.634400 0.359072
vt 0.630323 0.372834
vt 0.632040 0.374825
vt 0.628284 0.380974
vt 0.630053 0.359912
vt 0.627177 0.365538
vt 0.628908 0.370239
vt 0.629723 0.375280
vt 0.626772 0.386869
vt 0.633316 0.354687
vt 0.624536 0.371376
vt 0.625765 0.376230
vt 0.626144 0.389209
vt 0.622286 0.382506
vt 0.631421 0.355082
vt 0.626686 0.360745
vt 0.624480 0.387400
vt 0.632152 0.354086
vt 0.628363 0.355797
vt 0.624019 0.366473
vt 0.621622 0.377484
vt 0.619586 0.388979
vt 0.637255 0.349854
vt 0.630117 0.353935
vt 0.625532 0.356756
vt 0.624270 0.361524
vt 0.621427 0.372436
vt 0.619095 0.383818
vt 0.636200 0.350186
vt 0.622164 0.362300
vt 0.621525 0.367380
vt 0.619136 0.378626
vt 0.619873 0.369530
vt 0.620351 0.363077
vt 0.678056 0.363078
vt 0.676040 0.367368
vt 0.682261 0.357968
vt 0.680809 0.355971
vt 0.676232 0.364054
vt 0.672532 0.374917
vt 0.687566 0.356288
vt 0.685230 0.357095
vt 0.677398 0.359983
vt 0.675250 0.366113
vt 0.673270 0.370395
vt 0.689392 0.352959
vt 0.685082 0.353991
vt 0.679741 0.353847
vt 0.673844 0.361581
vt 0.672061 0.370890
vt 0.669713 0.386337
vt 0.686035 0.353211
vt 0.681537 0.354975
vt 0.684107 0.350843
vt 0.676631 0.356811
vt 0.672451 0.366097
vt 0.671492 0.376474
vt 0.688047 0.349922
vt 0.680321 0.351838
vt 0.678689 0.352120
vt 0.674653 0.357720
vt 0.672830 0.361827
vt 0.671897 0.366911
vt 0.669997 0.382045
vt 0.683688 0.347343
vt 0.675973 0.353538
vt 0.672194 0.362578
vt 0.668080 0.387863
vt 0.670765 0.377626
vt 0.686591 0.346808
vt 0.682565 0.347725
vt 0.678322 0.349172
vt 0.673301 0.358596
vt 0.668472 0.383390
vt 0.672132 0.372157
vt 0.668871 0.378932
vt 0.680748 0.344502
vt 0.676405 0.349451
vt 0.674745 0.354335
vt 0.671515 0.373226
vt 0.669323 0.374485
vt 0.677139 0.346291
vt 0.675697 0.350432
vt 0.672675 0.359429
vt 0.672502 0.367882
vt 0.667008 0.375793
vt 0.674331 0.355005
vt 0.672330 0.363673
vt 0.671792 0.368889
vt 0.670216 0.370012
vt 0.668986 0.371077
vt 0.680432 0.341056
vt 0.671756 0.364597
vt 0.677213 0.345907
vt 0.670220 0.368132
vt 0.679159 0.341242
vt 0.670882 0.365553
vt 0.680944 0.340002
vt 0.672843 0.359483
vt 0.746868 0.410905
vt 0.741839 0.410387
vt 0.741271 0.409922
vt 0.736337 0.407167
vt 0.811967 0.360661
vt 0.819702 0.358841
vt 0.808783 0.363731
vt 0.819680 0.355877
vt 0.816136 0.367159
vt 0.804507 0.361926
vt 0.813586 0.358569
vt 0.808519 0.367807
vt 0.802860 0.365495
vt 0.815333 0.356439
vt 0.814698 0.369958
vt 0.802014 0.362660
vt 0.808367 0.360905
vt 0.807059 0.370090
vt 0.800373 0.369533
vt 0.795347 0.366840
vt 0.803074 0.385338
vt 0.798418 0.362758
vt 0.799362 0.372123
vt 0.790668 0.369483
vt 0.790170 0.365240
vt 0.793438 0.381592
vt 0.783243 0.374920
vt 0.782517 0.366482
vt 0.792099 0.362772
vt 0.793484 0.397862
vt 0.776916 0.369740
vt 0.799515 0.362052
vt 0.775815 0.391932
vt 0.780148 0.362805
vt 0.253869 0.280459
vt 0.253113 0.275550
vt 0.255388 0.280013
vt 0.248683 0.277659
vt 0.253672 0.284346
vt 0.242931 0.275941
vt 0.249238 0.280174
vt 0.255540 0.283569
vt 0.246842 0.279683
vt 0.257705 0.279400
vt 0.253728 0.288693
vt 0.249980 0.285145
vt 0.237545 0.278017
vt 0.244854 0.284455
vt 0.256896 0.282999
vt 0.254335 0.288105
vt 0.252299 0.289812
vt 0.250305 0.287982
vt 0.236577 0.286985
vt 0.256978 0.283243
vt 0.251044 0.294457
vt 0.246119 0.290324
vt 0.236619 0.293343
vt 0.261047 0.279609
vt 0.255731 0.287224
vt 0.260782 0.282159
vt 0.256325 0.286660
vt 0.246528 0.294272
vt 0.236995 0.298158
vt 0.255739 0.291859
vt 0.242417 0.298583
vt 0.247189 0.298935
vt 0.237319 0.302683
vt 0.247433 0.303242
vt 0.242780 0.302995
vt 0.243360 0.307093
vt 0.239398 0.308540
vt 0.247277 0.308660
vt 0.247225 0.311436
vt 0.247375 0.315357
vt 0.246686 0.315377
vt 0.246038 0.318792
vt 0.241147 0.314617
vt 0.241346 0.314821
vt 0.235682 0.309786
vt 0.236088 0.310228
vt 0.229911 0.309456
vt 0.234719 0.313867
vt 0.226647 0.313138
vt 0.905180 0.433073
vt 0.908451 0.433703
vt 0.906063 0.434588
vt 0.904232 0.436556
vt 0.906987 0.435044
vt 0.906127 0.436270
vt 0.904125 0.437260
vt 0.906943 0.436457
vt 0.905893 0.437466
vt 0.904758 0.438643
vt 0.905211 0.438576
vt 0.904081 0.439682
vt 0.905872 0.437520
vt 0.904795 0.439184
vt 0.904482 0.439408
vt 0.905742 0.437769
vt 0.904671 0.439111
vt 0.904624 0.439132
vt 0.905802 0.437675
vt 0.905840 0.437613
vt 0.321395 0.305201
vt 0.325254 0.301918
vt 0.325032 0.305655
vt 0.321256 0.306350
vt 0.320218 0.305034
vt 0.304989 0.307238
vt 0.325044 0.298308
vt 0.327381 0.304025
vt 0.324023 0.309538
vt 0.315401 0.306262
vt 0.302155 0.302928
vt 0.303606 0.312669
vt 0.328016 0.302721
vt 0.327158 0.305892
vt 0.320845 0.309140
vt 0.314861 0.308586
vt 0.301563 0.305727
vt 0.307154 0.317221
vt 0.298662 0.313419
vt 0.331471 0.306283
vt 0.332696 0.305069
vt 0.324267 0.313531
vt 0.326616 0.310082
vt 0.319836 0.308975
vt 0.313730 0.312618
vt 0.300274 0.309401
vt 0.331777 0.309041
vt 0.333220 0.304629
vt 0.320672 0.310103
vt 0.297164 0.310099
vt 0.313053 0.315732
vt 0.295483 0.314684
vt 0.336935 0.306476
vt 0.337262 0.305113
vt 0.325380 0.316403
vt 0.319954 0.313431
vt 0.329638 0.315809
vt 0.296826 0.310357
vt 0.296410 0.311566
vt 0.312123 0.318886
vt 0.313883 0.312755
vt 0.340961 0.309643
vt 0.337671 0.304055
vt 0.319379 0.317056
vt 0.315643 0.316840
vt 0.346225 0.304125
vt 0.341864 0.306123
vt 0.325310 0.317601
vt 0.338703 0.313431
vt 0.319456 0.317228
vt 0.349581 0.308866
vt 0.342160 0.303306
vt 0.349719 0.305831
vt 0.347858 0.303045
vt 0.350622 0.303469
vt 0.350663 0.302601
vt 0.353624 0.302233
vt 0.355048 0.300715
vt 0.325407 0.299077
vt 0.328948 0.303538
vt 0.387141 0.284803
vt 0.378016 0.291123
vt 0.377605 0.282911
vt 0.388348 0.288300
vt 0.366908 0.290397
vt 0.380615 0.294007
vt 0.371059 0.301858
vt 0.381068 0.295440
vt 0.378927 0.297375
vt 0.367346 0.303555
vt 0.376641 0.302844
vt 0.381069 0.295483
vt 0.383061 0.291759
vt 0.384104 0.289412
vt 0.582738 0.313720
vt 0.599732 0.311186
vt 0.586901 0.313466
vt 0.583244 0.311033
vt 0.577134 0.314692
vt 0.574894 0.314621
vt 0.564927 0.316136
vt 0.572949 0.315108
vt 0.560529 0.314681
vt 0.569322 0.315628
vt 0.572412 0.312245
vt 0.559488 0.317300
vt 0.564969 0.316331
vt 0.583471 0.309326
vt 0.561643 0.313835
vt 0.552355 0.317445
vt 0.571715 0.311174
vt 0.562933 0.312690
vt 0.553539 0.314796
vt 0.558245 0.318126
vt 0.550641 0.318221
vt 0.552564 0.315748
vt 0.565170 0.310283
vt 0.544909 0.318728
vt 0.562902 0.306669
vt 0.545935 0.314723
vt 0.544018 0.316065
vt 0.546761 0.318896
vt 0.544844 0.316816
vt 0.574249 0.305806
vt 0.552915 0.311929
vt 0.540625 0.318789
vt 0.578625 0.305311
vt 0.575526 0.301490
vt 0.537362 0.317192
vt 0.582412 0.304764
vt 0.574852 0.305690
vt 0.584918 0.304402
vt 0.578652 0.305197
vt 0.586151 0.304243
vt 0.582423 0.304718
vt 0.586159 0.304208
vt 0.888830 0.288147
vt 0.880910 0.287859
vt 0.884958 0.288038
vt 0.877400 0.287064
vt 0.866786 0.286692
vt 0.885684 0.291694
vt 0.882186 0.291545
vt 0.873503 0.287589
vt 0.870071 0.286006
vt 0.868826 0.287139
vt 0.862684 0.290124
vt 0.859086 0.289718
vt 0.877964 0.291166
vt 0.873691 0.288357
vt 0.867202 0.290549
vt 0.891649 0.295707
vt 0.869913 0.287290
vt 0.870944 0.290823
vt 0.866759 0.294431
vt 0.868239 0.296810
vt 0.870008 0.288108
vt 0.912406 0.294326
vt 0.907896 0.291037
vt 0.910434 0.292316
vt 0.369480 0.262812
vt 0.367523 0.260241
vt 0.166724 0.218565
vt 0.166064 0.214657
vt 0.169457 0.219956
vt 0.165619 0.214118
vt 0.171317 0.220319
vt 0.165253 0.209217
vt 0.170552 0.216268
vt 0.172298 0.224116
vt 0.175842 0.220623
vt 0.165793 0.213785
vt 0.176895 0.224794
vt 0.175965 0.216321
vt 0.166364 0.211545
vt 0.181910 0.221055
vt 0.170633 0.211391
vt 0.165306 0.211107
vt 0.180916 0.213229
vt 0.175488 0.212194
vt 0.164764 0.206727
vt 0.164930 0.210463
vt 0.167671 0.207469
vt 0.169873 0.207589
vt 0.164412 0.205483
vt 0.174834 0.207885
vt 0.163795 0.201572
vt 0.164088 0.202491
vt 0.167138 0.203455
vt 0.174169 0.202744
vt 0.167319 0.199391
vt 0.163356 0.196478
vt 0.163072 0.198387
vt 0.162677 0.197554
vt 0.162335 0.193900
vt 0.162176 0.192359
vt 0.161870 0.193333
vt 0.256114 0.192281
vt 0.251467 0.187538
vt 0.255193 0.191122
vt 0.252283 0.196429
vt 0.251748 0.190752
vt 0.252232 0.192229
vt 0.251541 0.198742
vt 0.252648 0.192547
vt 0.877877 0.338632
vt 0.877916 0.332472
vt 0.876639 0.334646
vt 0.874752 0.335278
vt 0.877200 0.340695
vt 0.876848 0.330495
vt 0.876965 0.342775
vt 0.874772 0.338762
vt 0.874847 0.340810
vt 0.347715 0.179427
vt 0.343347 0.181181
vt 0.341449 0.179688
vt 0.337781 0.183527
vt 0.340465 0.179656
vt 0.340699 0.187454
vt 0.334748 0.181207
vt 0.345778 0.179165
vt 0.336677 0.189241
vt 0.330453 0.186973
vt 0.333789 0.180275
vt 0.339568 0.178263
vt 0.338014 0.190842
vt 0.332845 0.191217
vt 0.330998 0.182504
vt 0.336758 0.177463
vt 0.334025 0.192008
vt 0.331296 0.194808
vt 0.326850 0.184983
vt 0.332542 0.179462
vt 0.342527 0.177903
vt 0.330921 0.195111
vt 0.327180 0.190501
vt 0.325836 0.184166
vt 0.331219 0.179308
vt 0.327892 0.194171
vt 0.325564 0.186172
vt 0.327570 0.181488
vt 0.328535 0.179957
vt 0.324884 0.192202
vt 0.333356 0.196599
vt 0.323547 0.189830
vt 0.323568 0.185410
vt 0.323894 0.183995
vt 0.323398 0.191651
vt 0.326402 0.181104
vt 0.322307 0.188877
vt 0.335576 0.178400
vt 0.341406 0.177711
vt 0.334924 0.177689
vt 0.331472 0.178409
vt 0.329656 0.185109
vt 0.332159 0.181265
vt 0.334512 0.179458
vt 0.329636 0.182998
vt 0.330649 0.182134
vt 0.329208 0.183842
vt 0.331091 0.188998
vt 0.328757 0.185885
vt 0.333824 0.180486
vt 0.334923 0.180674
vt 0.327711 0.182532
vt 0.330886 0.187940
vt 0.336588 0.180300
vt 0.447623 0.329548
vt 0.450363 0.324465
vt 0.452083 0.329585
vt 0.440878 0.324620
vt 0.456980 0.329159
vt 0.454130 0.334618
vt 0.446563 0.334816
vt 0.458084 0.324704
vt 0.455301 0.332333
vt 0.439292 0.334914
vt 0.463206 0.328901
vt 0.462037 0.331405
vt 0.434459 0.329682
vt 0.435193 0.335122
vt 0.430462 0.329614
vt 0.438575 0.336003
vt 0.428285 0.331315
vt 0.432030 0.335219
vt 0.425928 0.332187
vt 0.429928 0.335292
vt 0.423396 0.332065
vt 0.433212 0.336085
vt 0.429524 0.335372
vt 0.984832 0.325423
vt 0.551693 0.330524
vt 0.555434 0.325367
vt 0.555926 0.329771
vt 0.551756 0.332433
vt 0.547419 0.333106
vt 0.547412 0.333350
vt 0.543116 0.333859
vt 0.538492 0.334571
vt 0.530138 0.334952
vt 0.533094 0.335182
vt 0.530029 0.335505
vt 0.534441 0.335558
vt 0.525887 0.334199
vt 0.520950 0.331251
vt 0.529718 0.335648
vt 0.525295 0.334158
vt 0.251083 0.259539
vt 0.251799 0.263690
vt 0.248533 0.264220
vt 0.249880 0.268408
vt 0.246737 0.260000
vt 0.245565 0.264596
vt 0.246299 0.262295
vt 0.246516 0.269034
vt 0.242744 0.260363
vt 0.242013 0.265005
vt 0.244881 0.266512
vt 0.244124 0.269418
vt 0.240235 0.264922
vt 0.241777 0.260054
vt 0.241121 0.269711
vt 0.236076 0.261074
vt 0.233926 0.265923
vt 0.235241 0.261183
vt 0.231661 0.271019
vt 0.232203 0.261590
vt 0.227599 0.266756
vt 0.226515 0.262363
vt 0.232033 0.258024
vt 0.230408 0.257551
vt 0.233370 0.257228
vt 0.620867 0.201326
vt 0.621818 0.208466
vt 0.617130 0.205674
vt 0.619278 0.209251
vt 0.615884 0.202406
vt 0.616618 0.210215
vt 0.614226 0.206996
vt 0.616680 0.214333
vt 0.613996 0.211260
vt 0.614137 0.202763
vt 0.611902 0.212254
vt 0.610597 0.207051
vt 0.614328 0.215470
vt 0.612807 0.216481
vt 0.610338 0.203308
vt 0.614920 0.219650
vt 0.610824 0.217571
vt 0.611061 0.213147
vt 0.609191 0.204688
vt 0.612678 0.220813
vt 0.610385 0.219137
vt 0.611327 0.224893
vt 0.610833 0.221505
vt 0.610114 0.217915
vt 0.614180 0.223974
vt 0.608678 0.222204
vt 0.608990 0.218678
vt 0.609577 0.217486
vt 0.410401 0.189344
vt 0.409845 0.190526
vt 0.408653 0.192153
vt 0.410964 0.186279
vt 0.410169 0.182663
vt 0.407368 0.193284
vt 0.403547 0.194815
vt 0.405244 0.194397
vt 0.406219 0.183169
vt 0.399661 0.186661
vt 0.409108 0.180936
vt 0.394627 0.190120
vt 0.402604 0.180548
vt 0.406861 0.178938
vt 0.400547 0.194710
vt 0.396703 0.179761
vt 0.404042 0.180207
vt 0.397570 0.193457
vt 0.393915 0.188083
vt 0.401899 0.177671
vt 0.405873 0.178415
vt 0.396102 0.192225
vt 0.393739 0.186793
vt 0.398577 0.178526
vt 0.393853 0.184793
vt 0.394423 0.182879
vt 0.393724 0.186277
vt 0.934736 0.267488
vt 0.934151 0.269361
vt 0.934890 0.265869
vt 0.933373 0.265531
vt 0.933081 0.271153
vt 0.933924 0.261905
vt 0.931108 0.266913
vt 0.934695 0.264049
vt 0.932706 0.260135
vt 0.928322 0.274241
vt 0.931929 0.272371
vt 0.931081 0.258717
vt 0.930140 0.273572
vt 0.929159 0.257748
vt 0.925908 0.274482
vt 0.924735 0.274352
vt 0.927060 0.257285
vt 0.923733 0.274108
vt 0.923817 0.257605
vt 0.921730 0.273197
vt 0.917957 0.268151
vt 0.920317 0.272104
vt 0.918488 0.269578
vt 0.918391 0.262372
vt 0.919328 0.270980
vt 0.919501 0.260532
vt 0.921283 0.258838
vt 0.985197 0.272483
vt 0.984482 0.271576
vt 0.984164 0.270984
vt 0.988630 0.273662
vt 0.983770 0.269188
vt 0.988933 0.274393
vt 0.984638 0.269748
vt 0.983334 0.268410
vt 0.993050 0.274384
vt 0.982829 0.262493
vt 0.987935 0.271075
vt 0.982752 0.264188
vt 0.992750 0.273549
vt 0.982396 0.261373
vt 0.985288 0.264127
vt 0.987812 0.267935
vt 0.997401 0.273884
vt 0.982189 0.257020
vt 0.992903 0.272151
vt 0.578435 0.181336
vt 0.577434 0.180664
vt 0.572545 0.176795
vt 0.580840 0.183974
vt 0.572466 0.176740
vt 0.581491 0.185196
vt 0.573957 0.177937
vt 0.582442 0.186498
vt 0.582591 0.187995
vt 0.583906 0.189105
vt 0.583369 0.185852
vt 0.583393 0.191193
vt 0.579818 0.182751
vt 0.585815 0.188458
vt 0.583465 0.192362
vt 0.579725 0.182559
vt 0.583704 0.185979
vt 0.582486 0.194080
vt 0.585540 0.191783
vt 0.582090 0.184042
vt 0.583143 0.189662
vt 0.579744 0.196306
vt 0.580403 0.182666
vt 0.584140 0.194253
vt 0.578722 0.181664
vt 0.575255 0.179353
vt 0.582259 0.187499
vt 0.578701 0.182703
vt 0.580453 0.184741
vt 0.582391 0.189562
vt 0.581940 0.186453
vt 0.581251 0.190147
vt 0.579320 0.191625
vt 0.608795 0.263461
vt 0.617530 0.262433
vt 0.608586 0.263825
vt 0.594339 0.265719
vt 0.577158 0.268253
vt 0.582105 0.267261
vt 0.878506 0.305867
vt 0.872551 0.307408
vt 0.871899 0.306041
vt 0.878740 0.310780
vt 0.870391 0.308170
vt 0.875564 0.303622
vt 0.874122 0.312000
vt 0.872918 0.311768
vt 0.870782 0.305755
vt 0.866633 0.315474
vt 0.865411 0.311472
vt 0.869238 0.307175
vt 0.865741 0.316185
vt 0.863899 0.314928
vt 0.862519 0.318917
vt 0.862297 0.318772
vt 0.873152 0.307228
vt 0.874838 0.306090
vt 0.871447 0.310208
vt 0.868196 0.313616
vt 0.864720 0.306722
vt 0.866807 0.308169
vt 0.533555 0.241889
vt 0.533281 0.237358
vt 0.536125 0.237287
vt 0.531635 0.242675
vt 0.533800 0.243233
vt 0.529872 0.239686
vt 0.530135 0.246911
vt 0.529699 0.235570
vt 0.528446 0.247153
vt 0.533253 0.234427
vt 0.527478 0.236571
vt 0.527663 0.244923
vt 0.532689 0.230578
vt 0.530134 0.231395
vt 0.527725 0.240785
vt 0.525891 0.249464
vt 0.526791 0.252461
vt 0.525671 0.242002
vt 0.524873 0.246377
vt 0.154398 0.182612
vt 0.144817 0.181999
vt 0.156805 0.185721
vt 0.156691 0.183884
vt 0.141957 0.181783
vt 0.154748 0.182667
vt 0.157367 0.186534
vt 0.157267 0.188339
vt 0.138847 0.181670
vt 0.135954 0.181627
vt 0.154997 0.182972
vt 0.154810 0.182681
vt 0.155294 0.183873
vt 0.155997 0.184628
vt 0.163789 0.181621
vt 0.161898 0.177198
vt 0.165435 0.178821
vt 0.167795 0.180273
vt 0.166801 0.186981
vt 0.168350 0.177342
vt 0.173333 0.184570
vt 0.173632 0.182675
vt 0.179159 0.183923
vt 0.179348 0.182569
vt 0.178408 0.187770
vt 0.181723 0.177695
vt 0.179743 0.186083
vt 0.180135 0.180474
vt 0.166398 0.186055
vt 0.165486 0.183480
vt 0.165216 0.187740
vt 0.167532 0.184164
vt 0.608978 0.234965
vt 0.607309 0.233796
vt 0.611402 0.230429
vt 0.622480 0.817743
vt 0.621194 0.817178
vt 0.621635 0.816811
vt 0.620252 0.820852
vt 0.621047 0.816295
vt 0.622878 0.815430
vt 0.613456 0.821869
vt 0.616864 0.822283
vt 0.621338 0.811080
vt 0.614475 0.814388
vt 0.609423 0.817653
vt 0.618439 0.808976
vt 0.614064 0.808785
vt 0.611281 0.810349
vt 0.617100 0.808612
vt 0.609299 0.813612
vt 0.660007 0.244295
vt 0.659224 0.244661
vt 0.662314 0.242536
vt 0.661872 0.242583
vt 0.662282 0.236698
vt 0.662480 0.239537
vt 0.660921 0.242722
vt 0.659044 0.243805
vt 0.658506 0.243812
vt 0.661997 0.241312
vt 0.660731 0.243093
vt 0.545239 0.444988
vt 0.543894 0.445535
vt 0.543537 0.445529
vt 0.539258 0.445933
vt 0.541709 0.446279
vt 0.542738 0.446073
vt 0.522981 0.446794
vt 0.548173 0.444764
vt 0.503075 0.447194
vt 0.506015 0.446875
vt 0.494376 0.447194
vt 0.486365 0.447200
vt 0.650577 0.263683
vt 0.657462 0.263921
vt 0.643041 0.263838
vt 0.643346 0.262725
vt 0.633415 0.261778
vt 0.636200 0.261891
vt 0.630138 0.259178
vt 0.625912 0.258424
vt 0.652283 0.812715
vt 0.658217 0.810851
vt 0.653924 0.815950
vt 0.652954 0.809025
vt 0.651319 0.816948
vt 0.646659 0.809447
vt 0.647885 0.816181
vt 0.652802 0.816558
vt 0.645418 0.813044
vt 0.645256 0.816847
vt 0.650289 0.822277
vt 0.674884 0.241290
vt 0.675506 0.245775
vt 0.672886 0.241951
vt 0.674192 0.245453
vt 0.677268 0.242330
vt 0.676418 0.248748
vt 0.676842 0.245677
vt 0.673346 0.245290
vt 0.677873 0.252146
vt 0.676739 0.249350
vt 0.676529 0.246299
vt 0.677635 0.251381
vt 0.679094 0.252409
vt 0.674425 0.248244
vt 0.679075 0.251900
vt 0.107206 0.324089
vt 0.094382 0.325361
vt 0.091532 0.325309
vt 0.087281 0.326598
vt 0.083762 0.326354
vt 0.081853 0.327494
vt 0.074759 0.328181
vt 0.070847 0.328600
vt 0.478083 0.462647
vt 0.478331 0.459311
vt 0.478271 0.462025
vt 0.476354 0.464373
vt 0.479988 0.464139
vt 0.478436 0.467179
vt 0.479151 0.460804
vt 0.480587 0.469284
vt 0.477270 0.467643
vt 0.480872 0.458967
vt 0.481218 0.467513
vt 0.478396 0.470781
vt 0.474832 0.468130
vt 0.480606 0.462280
vt 0.481138 0.470369
vt 0.478451 0.475220
vt 0.474837 0.471730
vt 0.481134 0.465658
vt 0.481029 0.472605
vt 0.474786 0.474926
vt 0.480931 0.460353
vt 0.480764 0.475920
vt 0.474675 0.477736
vt 0.478215 0.477355
vt 0.478210 0.479981
vt 0.478164 0.481200
vt 0.476154 0.482495
vt 0.478070 0.481881
vt 0.481680 0.472464
vt 0.477899 0.482382
vt 0.479896 0.479287
vt 0.481036 0.460003
vt 0.481122 0.459751
vt 0.479981 0.464772
vt 0.480571 0.461224
vt 0.663799 0.186323
vt 0.663980 0.187940
vt 0.659964 0.192047
vt 0.666803 0.185592
vt 0.661867 0.187469
vt 0.666308 0.184895
vt 0.663237 0.184404
vt 0.658874 0.188940
vt 0.663592 0.184319
vt 0.658665 0.186710
vt 0.663483 0.184315
vt 0.662614 0.182061
vt 0.663428 0.184286
vt 0.664093 0.182417
vt 0.659484 0.183338
vt 0.663425 0.184113
vt 0.663977 0.181505
vt 0.662010 0.180198
vt 0.657794 0.184182
vt 0.663890 0.180672
vt 0.664038 0.179807
vt 0.663601 0.179816
vt 0.661574 0.179393
vt 0.813722 0.814755
vt 0.813617 0.815331
vt 0.812460 0.816285
vt 0.817363 0.813052
vt 0.811571 0.818309
vt 0.810519 0.817785
vt 0.820377 0.812194
vt 0.813742 0.816969
vt 0.820207 0.812010
vt 0.811340 0.820262
vt 0.817896 0.814410
vt 0.814098 0.818018
vt 0.820654 0.812334
vt 0.811183 0.822339
vt 0.820578 0.812400
vt 0.813875 0.818598
vt 0.812302 0.821129
vt 0.931660 0.252341
vt 0.928031 0.246306
vt 0.938063 0.247437
vt 0.933728 0.242412
vt 0.491459 0.607561
vt 0.486205 0.610214
vt 0.490723 0.605624
vt 0.485434 0.607449
vt 0.484381 0.611047
vt 0.480868 0.610056
vt 0.484224 0.606773
vt 0.480310 0.613262
vt 0.485000 0.606286
vt 0.483927 0.606965
vt 0.479044 0.612858
vt 0.736850 0.185004
vt 0.735086 0.188333
vt 0.735227 0.187476
vt 0.731978 0.192314
vt 0.736199 0.185262
vt 0.732437 0.189806
vt 0.738885 0.179789
vt 0.702797 0.195648
vt 0.702203 0.196075
vt 0.704337 0.190098
vt 0.698794 0.204742
vt 0.856708 0.813962
vt 0.852881 0.817873
vt 0.848929 0.816766
vt 0.850043 0.808967
vt 0.853959 0.808921
vt 0.848126 0.815844
vt 0.856765 0.813232
vt 0.847518 0.811935
vt 0.904182 0.814705
vt 0.911224 0.809609
vt 0.913160 0.813355
vt 0.714824 0.326269
vt 0.720772 0.325954
vt 0.712647 0.327441
vt 0.722431 0.323959
vt 0.709931 0.328315
vt 0.705991 0.328634
vt 0.707153 0.328025
vt 0.547637 0.259542
vt 0.552972 0.260555
vt 0.547719 0.259748
vt 0.553262 0.261156
vt 0.542625 0.259411
vt 0.558588 0.260673
vt 0.548129 0.261053
vt 0.542582 0.258255
vt 0.548100 0.261763
vt 0.542645 0.259127
vt 0.537547 0.261269
vt 0.545728 0.261212
vt 0.542656 0.259198
vt 0.537368 0.259411
vt 0.779449 0.214594
vt 0.774359 0.219613
vt 0.774091 0.218209
vt 0.772272 0.221218
vt 0.774351 0.222573
vt 0.775419 0.221273
vt 0.774130 0.222782
vt 0.775141 0.218191
vt 0.779527 0.224920
vt 0.779430 0.222673
vt 0.774681 0.222634
vt 0.774551 0.219847
vt 0.774730 0.216980
vt 0.786081 0.220824
vt 0.786064 0.220535
vt 0.791387 0.214303
vt 0.785597 0.221641
vt 0.784205 0.224821
vt 0.784523 0.223029
vt 0.931760 0.233103
vt 0.927999 0.229650
vt 0.930971 0.231894
vt 0.936654 0.238018
vt 0.810004 0.446494
vt 0.806909 0.447803
vt 0.810303 0.444795
vt 0.807737 0.446023
vt 0.805120 0.446609
vt 0.800636 0.447807
vt 0.803034 0.448556
vt 0.798662 0.448799
vt 0.796742 0.448211
vt 0.793438 0.448053
vt 0.948403 0.236081
vt 0.949252 0.229685
vt 0.950434 0.233863
vt 0.947750 0.237874
vt 0.942406 0.238074
vt 0.943342 0.237424
vt 0.948730 0.235099
vt 0.947924 0.235880
vt 0.949540 0.233804
vt 0.949181 0.234461
vt 0.944463 0.237117
vt 0.944187 0.237291
vt 0.869445 0.558584
vt 0.870824 0.558074
vt 0.875843 0.559984
vt 0.865055 0.554860
vt 0.863608 0.554685
vt 0.864536 0.556614
vt 0.868058 0.558262
vt 0.565393 0.183500
vt 0.566726 0.180420
vt 0.565576 0.177522
vt 0.559776 0.183650
vt 0.560197 0.176877
vt 0.989567 0.358331
vt 0.992661 0.357765
vt 0.993392 0.357751
vt 0.989043 0.358213
vt 0.989974 0.358556
vt 0.983898 0.358456
vt 0.967450 0.359158
vt 0.967296 0.358865
vt 0.963552 0.357396
vt 0.964331 0.357965
vt 0.988359 0.358100
vt 0.992135 0.357987
vt 0.985061 0.358604
vt 0.981769 0.359068
vt 0.877181 0.219218
vt 0.878074 0.215471
vt 0.882881 0.219021
vt 0.882611 0.220530
vt 0.876161 0.223447
vt 0.881761 0.224853
vt 0.904794 0.447708
vt 0.904172 0.447021
vt 0.906846 0.444275
vt 0.903558 0.450294
vt 0.904569 0.452859
vt 0.903189 0.447633
vt 0.904785 0.449709
vt 0.903916 0.446327
vt 0.899685 0.448955
vt 0.900023 0.452670
vt 0.867180 0.340990
vt 0.867532 0.338781
vt 0.869467 0.337775
vt 0.866595 0.341758
vt 0.868409 0.340247
vt 0.866408 0.344324
vt 0.867388 0.338930
vt 0.866993 0.343871
vt 0.867977 0.342920
vt 0.866371 0.346971
vt 0.867643 0.345615
vt 0.866303 0.349706
vt 0.866739 0.348518
vt 0.868714 0.344903
vt 0.866151 0.352536
vt 0.868083 0.347385
vt 0.866517 0.351520
vt 0.866164 0.351932
vt 0.865897 0.354891
vt 0.867315 0.338656
vt 0.866599 0.342439
vt 0.995110 0.761587
vt 0.997025 0.764405
vt 0.993891 0.766437
vt 0.996613 0.768959
vt 0.992162 0.768590
vt 0.994012 0.763230
vt 0.997146 0.756760
vt 0.915211 0.452950
vt 0.911532 0.447504
vt 0.919507 0.448853
vt 0.978892 0.452421
vt 0.980765 0.448666
vt 0.980789 0.449097
vt 0.980386 0.447379
vt 0.977179 0.445244
vt 0.973664 0.451158
vt 0.976166 0.452881
vt 0.973447 0.447429
vt 0.651005 0.230349
vt 0.646992 0.231476
vt 0.647916 0.230876
vt 0.642319 0.232078
vt 0.642948 0.232344
vt 0.642146 0.230321
vt 0.638266 0.233584
vt 0.636728 0.229840
vt 0.942161 0.220136
vt 0.936579 0.218868
vt 0.937521 0.218437
vt 0.938073 0.221482
vt 0.936768 0.224469
vt 0.937498 0.224863
vt 0.933824 0.220916
vt 0.966140 0.222295
vt 0.967315 0.220197
vt 0.966986 0.221113
vt 0.962423 0.223796
vt 0.962970 0.222589
vt 0.962040 0.224420
vt 0.958049 0.223526
vt 0.957086 0.224395
vt 0.963194 0.222084
vt 0.957502 0.224324
vt 0.961470 0.224790
vt 0.967858 0.220779
vt 0.958466 0.222980
vt 0.966539 0.221527
vt 0.770234 0.330246
vt 0.768266 0.331103
vt 0.766701 0.330957
vt 0.213977 0.178563
vt 0.221509 0.179866
vt 0.220184 0.180086
vt 0.216078 0.178588
vt 0.222511 0.179775
vt 0.213599 0.178423
vt 0.216016 0.178538
vt 0.208188 0.176782
vt 0.995555 0.213644
vt 0.996114 0.218018
vt 0.993408 0.214154
vt 0.997619 0.224762
vt 0.995929 0.221483
vt 0.284661 0.258671
vt 0.289375 0.257971
vt 0.285376 0.258963
vt 0.273343 0.259328
vt 0.272975 0.258947
vt 0.269308 0.258639
vt 0.273810 0.259730
vt 0.269608 0.259296
vt 0.286090 0.259002
vt 0.266955 0.258222
vt 0.265721 0.258150
vt 0.383860 0.452703
vt 0.378588 0.446803
vt 0.381366 0.448909
vt 0.377409 0.445239
vt 0.379679 0.447622
vt 0.381089 0.449717
vt 0.382002 0.451489
vt 0.445939 0.450312
vt 0.447764 0.445847
vt 0.452953 0.449097
vt 0.468456 0.450073
vt 0.469647 0.448054
vt 0.474348 0.450420
vt 0.476533 0.447656
vt 0.473746 0.451715
vt 0.475236 0.450351
vt 0.470433 0.452665
vt 0.477674 0.450615
vt 0.531070 0.406784
vt 0.526598 0.405224
vt 0.520738 0.402806
vt 0.525103 0.403907
vt 0.322770 0.817928
vt 0.320146 0.812988
vt 0.326492 0.814575
vt 0.343522 0.817559
vt 0.341746 0.814167
vt 0.348464 0.814575
vt 0.346334 0.811441
vt 0.354917 0.817740
vt 0.352742 0.814096
vt 0.359451 0.814575
vt 0.354501 0.811596
vt 0.355327 0.811289
vt 0.992185 0.714123
vt 0.996495 0.714457
vt 0.996734 0.718864
vt 0.992547 0.718705
vt 0.992612 0.722781
vt 0.996816 0.722969
vt 0.570586 0.260856
vt 0.571789 0.261689
vt 0.565872 0.258561
vt 0.566516 0.258404
vt 0.563161 0.257036
vt 0.634744 0.447636
vt 0.632870 0.450910
vt 0.632526 0.448719
vt 0.633488 0.452316
vt 0.632279 0.454340
vt 0.631776 0.452162
vt 0.634069 0.456263
vt 0.634583 0.459514
vt 0.633074 0.457389
vt 0.632645 0.455154
vt 0.376587 0.817887
vt 0.374291 0.813249
vt 0.377503 0.811465
vt 0.380444 0.814697
vt 0.397285 0.817629
vt 0.395552 0.815563
vt 0.398594 0.817943
vt 0.401440 0.816410
vt 0.400887 0.812314
vt 0.399572 0.817820
vt 0.396527 0.812268
vt 0.401929 0.814697
vt 0.398117 0.811500
vt 0.409902 0.817909
vt 0.412671 0.814697
vt 0.406974 0.812566
vt 0.410066 0.811514
vt 0.406830 0.816651
vt 0.428514 0.816891
vt 0.429696 0.811685
vt 0.434155 0.814697
vt 0.440665 0.817791
vt 0.438411 0.814481
vt 0.444897 0.814697
vt 0.440878 0.811544
vt 0.461743 0.817875
vt 0.465409 0.814941
vt 0.464199 0.812531
vt 0.460461 0.812645
vt 0.996955 0.643440
vt 0.995616 0.641088
vt 0.997404 0.643125
vt 0.995797 0.640342
vt 0.996236 0.644812
vt 0.992226 0.640600
vt 0.995012 0.646745
vt 0.490686 0.812148
vt 0.496321 0.817937
vt 0.494048 0.816657
vt 0.493175 0.816045
vt 0.599838 0.817606
vt 0.601708 0.812227
vt 0.604079 0.815064
vt 0.755657 0.208748
vt 0.754821 0.204243
vt 0.759840 0.206177
vt 0.009915 0.002666
vt 0.011765 0.005629
vt 0.002228 0.003029
vt 0.814673 0.231566
vt 0.813088 0.230341
vt 0.818135 0.233123
vt 0.810630 0.229678
vt 0.816362 0.232139
vt 0.815495 0.231687
vt 0.818200 0.232858
vt 0.053962 0.105304
vt 0.053930 0.102032
vt 0.054225 0.104429
vt 0.052924 0.106954
vt 0.053510 0.107328
vt 0.050277 0.108571
vt 0.857016 0.208395
vt 0.854492 0.203641
vt 0.857982 0.206299
vt 0.852533 0.206895
vt 0.853963 0.208750
vt 0.882205 0.207794
vt 0.883018 0.203988
vt 0.887279 0.206299
vt 0.903373 0.208971
vt 0.902016 0.204440
vt 0.906810 0.206299
vt 0.032969 0.004801
vt 0.038142 0.003147
vt 0.035305 0.004120
vt 0.031404 0.005548
vt 0.029115 0.005614
vt 0.032261 0.005275
vt 0.788565 0.188665
vt 0.789943 0.185073
vt 0.792058 0.181897
vt 0.943929 0.205938
vt 0.943015 0.203851
vt 0.944337 0.205412
vt 0.943180 0.203761
vt 0.941981 0.208998
vt 0.939657 0.204285
vt 0.954165 0.208909
vt 0.949066 0.204293
vt 0.953700 0.208083
vt 0.695500 0.229407
vt 0.699579 0.230698
vt 0.696559 0.230017
vt 0.701433 0.231220
vt 0.698609 0.230890
vt 0.702043 0.231464
vt 0.700875 0.231678
vt 0.705068 0.231539
vt 0.703911 0.231422
vt 0.991033 0.208895
vt 0.986637 0.204259
vt 0.991225 0.209051
vt 0.589277 0.403713
vt 0.590948 0.402798
vt 0.587034 0.405881
vt 0.585232 0.406771
vt 0.586344 0.406568
vt 0.587743 0.405281
vt 0.961593 0.232799
vt 0.956731 0.229688
vt 0.962451 0.233191
vt 0.599199 0.257247
vt 0.586882 0.257726
vt 0.591923 0.257357
vt 0.577180 0.257750
vt 0.828966 0.188720
vt 0.831571 0.184498
vt 0.830333 0.187856
vt 0.827676 0.189671
vt 0.509267 0.407053
vt 0.506815 0.404164
vt 0.511548 0.404663
vt 0.873375 0.199039
vt 0.872351 0.194407
vt 0.875562 0.196655
vt 0.870797 0.196345
vt 0.899625 0.198960
vt 0.898827 0.194745
vt 0.902661 0.196655
vt 0.924980 0.196803
vt 0.927989 0.194345
vt 0.929761 0.196655
vt 0.997440 0.635718
vt 0.992144 0.632169
vt 0.995501 0.633743
vt 0.953352 0.196643
vt 0.952580 0.195813
vt 0.958319 0.198999
vt 0.856561 0.404373
vt 0.850435 0.402468
vt 0.851424 0.402541
vt 0.855555 0.404574
vt 0.858424 0.404566
vt 0.867225 0.404116
vt 0.875960 0.403553
vt 0.871879 0.404036
vt 0.863078 0.404459
vt 0.981877 0.198537
vt 0.981182 0.196398
vt 0.985430 0.196899
vt 0.873597 0.189625
vt 0.873749 0.185566
vt 0.876543 0.187622
vt 0.888299 0.402543
vt 0.885348 0.402850
vt 0.885198 0.402749
vt 0.882094 0.403690
vt 0.882298 0.403877
vt 0.880648 0.404526
vt 0.884969 0.188330
vt 0.880787 0.187458
vt 0.885088 0.187622
vt 0.882428 0.181170
vt 0.882056 0.177111
vt 0.885088 0.179077
vt 0.899959 0.189775
vt 0.898944 0.185759
vt 0.902178 0.187622
vt 0.899274 0.181096
vt 0.899269 0.177060
vt 0.902178 0.179077
vt 0.916886 0.189764
vt 0.915504 0.186192
vt 0.919268 0.187622
vt 0.934629 0.189733
vt 0.933347 0.185646
vt 0.936358 0.187622
vt 0.942896 0.189771
vt 0.944903 0.187622
vt 0.941092 0.186246
vt 0.941807 0.189559
vt 0.965189 0.187020
vt 0.964177 0.185723
vt 0.968010 0.189642
vt 0.626525 0.405227
vt 0.623089 0.402684
vt 0.627757 0.405982
vt 0.973118 0.180574
vt 0.972898 0.177948
vt 0.973453 0.182393
vt 0.973029 0.184862
vt 0.973621 0.184570
vt 0.972612 0.189747
vt 0.613017 0.257467
vt 0.616788 0.257017
vt 0.613405 0.257664
vt 0.608570 0.257785
vt 0.608411 0.257571
vt 0.603781 0.256972
vt 0.634281 0.404455
vt 0.636816 0.402556
vt 0.632265 0.406073
vt 0.652706 0.405459
vt 0.650374 0.402818
vt 0.655050 0.405989
vt 0.992224 0.186037
vt 0.992014 0.183976
vt 0.993694 0.189689
vt 0.993388 0.189642
vt 0.991728 0.185941
vt 0.991851 0.182719
vt 0.659730 0.405956
vt 0.664564 0.403696
vt 0.663165 0.404576
vt 0.665260 0.403467
vt 0.663816 0.404521
vt 0.067604 0.169216
vt 0.066448 0.166702
vt 0.069217 0.171900
vt 0.067628 0.169262
vt 0.261188 0.607441
vt 0.266161 0.604510
vt 0.263469 0.606236
vt 0.060811 0.162132
vt 0.059716 0.158918
vt 0.059118 0.154506
vt 0.276400 0.604875
vt 0.272123 0.607313
vt 0.270837 0.607320
vt 0.050506 0.096500
vt 0.051707 0.093504
vt 0.054274 0.095459
vt 0.090645 0.171906
vt 0.089225 0.169067
vt 0.093093 0.169922
vt 0.098403 0.171707
vt 0.097703 0.168759
vt 0.101393 0.169922
vt 0.114514 0.171338
vt 0.115152 0.168065
vt 0.117995 0.169922
vt 0.155443 0.169975
vt 0.159498 0.169863
vt 0.159499 0.169922
vt 0.181830 0.171876
vt 0.181833 0.167967
vt 0.184401 0.169922
vt 0.239117 0.171425
vt 0.239556 0.168115
vt 0.242507 0.169922
vt 0.247952 0.171774
vt 0.247779 0.168157
vt 0.250808 0.169922
vt 0.271953 0.170983
vt 0.272813 0.168089
vt 0.275710 0.169922
vt 0.288764 0.171266
vt 0.289373 0.168109
vt 0.292311 0.169922
vt 0.074315 0.162133
vt 0.072199 0.155691
vt 0.073590 0.157846
vt 0.053502 0.083602
vt 0.054238 0.089084
vt 0.052929 0.080507
vt 0.053418 0.083046
vt 0.752044 0.605763
vt 0.749551 0.606398
vt 0.755849 0.604391
vt 0.827621 0.179947
vt 0.831569 0.176727
vt 0.828724 0.179255
vt 0.085992 0.158259
vt 0.087483 0.154936
vt 0.085977 0.158313
vt 0.086367 0.162153
vt 0.085650 0.158957
vt 0.087185 0.158827
vt 0.314617 0.169580
vt 0.316432 0.168452
vt 0.312721 0.171920
vt 0.093998 0.162170
vt 0.093184 0.157771
vt 0.093490 0.158032
vt 0.091981 0.156399
vt 0.326593 0.607447
vt 0.331043 0.604736
vt 0.330238 0.605583
vt 0.997403 0.237305
vt 0.996112 0.233158
vt 0.996833 0.229620
vt 0.337102 0.170285
vt 0.340638 0.169095
vt 0.340892 0.170044
vt 0.345414 0.171021
vt 0.346538 0.168211
vt 0.348948 0.170044
vt 0.354370 0.171799
vt 0.355129 0.168142
vt 0.357005 0.170044
vt 0.362371 0.171775
vt 0.361568 0.169002
vt 0.365061 0.170044
vt 0.418757 0.171771
vt 0.418166 0.168745
vt 0.421458 0.170044
vt 0.426408 0.171516
vt 0.426431 0.168553
vt 0.429515 0.170044
vt 0.443031 0.171815
vt 0.443308 0.168188
vt 0.445628 0.170044
vt 0.453142 0.168303
vt 0.450306 0.171874
vt 0.449950 0.170856
vt 0.104922 0.156514
vt 0.106795 0.161243
vt 0.106607 0.161665
vt 0.106632 0.162068
vt 0.356679 0.607394
vt 0.353075 0.604413
vt 0.354643 0.605402
vt 0.475438 0.171811
vt 0.474413 0.170714
vt 0.472503 0.168213
vt 0.488747 0.171813
vt 0.487551 0.169928
vt 0.486606 0.167098
vt 0.054181 0.043220
vt 0.053140 0.050806
vt 0.053075 0.049065
vt 0.502195 0.171930
vt 0.499973 0.167181
vt 0.501372 0.169927
vt 0.993800 0.177533
vt 0.991748 0.176379
vt 0.996897 0.178172
vt 0.370782 0.605934
vt 0.369442 0.604899
vt 0.373685 0.607477
vt 0.379583 0.606412
vt 0.378113 0.604959
vt 0.382475 0.607438
vt 0.516370 0.171900
vt 0.514092 0.167408
vt 0.515584 0.170101
vt 0.744375 0.229394
vt 0.737117 0.230476
vt 0.736308 0.230450
vt 0.803826 0.402529
vt 0.809656 0.402664
vt 0.807568 0.402755
vt 0.803299 0.402959
vt 0.798123 0.402472
vt 0.804556 0.402999
vt 0.414375 0.606070
vt 0.413387 0.605644
vt 0.418467 0.607374
vt 0.416026 0.607054
vt 0.522588 0.169697
vt 0.520936 0.171839
vt 0.523512 0.167985
vt 0.431590 0.607363
vt 0.432042 0.604184
vt 0.433916 0.605835
vt 0.581719 0.171674
vt 0.581390 0.169191
vt 0.584306 0.170288
vt 0.612547 0.171911
vt 0.611659 0.169196
vt 0.614580 0.170288
vt 0.636756 0.171505
vt 0.634110 0.169587
vt 0.637285 0.170288
vt 0.052954 0.009622
vt 0.053558 0.012241
vt 0.054236 0.015901
vt 0.756637 0.229353
vt 0.754557 0.230433
vt 0.754152 0.230254
vt 0.749563 0.229889
vt 0.732559 0.171809
vt 0.731667 0.170993
vt 0.730316 0.167827
vt 0.118235 0.159115
vt 0.117702 0.155648
vt 0.118965 0.162082
vt 0.801180 0.230484
vt 0.799141 0.229492
vt 0.804306 0.230953
vt 0.738466 0.170508
vt 0.737006 0.171857
vt 0.739607 0.168558
vt 0.814240 0.402496
vt 0.817315 0.402472
vt 0.823799 0.402999
vt 0.750523 0.171629
vt 0.752256 0.167942
vt 0.750509 0.171804
vt 0.750794 0.170008
vt 0.266479 0.179036
vt 0.267155 0.176440
vt 0.266112 0.181591
vt 0.265940 0.181040
vt 0.783912 0.171421
vt 0.785363 0.168445
vt 0.785677 0.169038
vt 0.783667 0.171816
vt 0.785193 0.170675
vt 0.784387 0.171553
vt 0.843860 0.171697
vt 0.841646 0.169714
vt 0.844556 0.170410
vt 0.864176 0.171715
vt 0.865088 0.168875
vt 0.866528 0.170410
vt 0.871030 0.171256
vt 0.873243 0.169184
vt 0.873853 0.170410
vt 0.938598 0.168916
vt 0.939771 0.170410
vt 0.704390 0.403527
vt 0.708481 0.402934
vt 0.711236 0.402688
vt 0.707478 0.403026
vt 0.961470 0.170896
vt 0.963522 0.170622
vt 0.958801 0.171819
vt 0.780486 0.605553
vt 0.782320 0.605120
vt 0.777275 0.606490
vt 0.729861 0.258275
vt 0.729564 0.261032
vt 0.728996 0.261358
vt 0.729502 0.264216
vt 0.755954 0.177462
vt 0.754202 0.176490
vt 0.759274 0.177498
vt 0.526660 0.611208
vt 0.526645 0.606673
vt 0.527047 0.610927
vt 0.526484 0.613202
vt 0.150850 0.159343
vt 0.151372 0.162101
vt 0.150171 0.157337
vt 0.788275 0.482954
vt 0.788967 0.480652
vt 0.788887 0.481397
vt 0.788104 0.486364
vt 0.802589 0.605175
vt 0.806394 0.606423
vt 0.803471 0.605559
vt 0.310376 0.161735
vt 0.312812 0.160767
vt 0.843024 0.565446
vt 0.843112 0.562285
vt 0.843558 0.558299
vt 0.811684 0.606374
vt 0.810979 0.606333
vt 0.815286 0.605218
vt 0.859363 0.605428
vt 0.855100 0.606467
vt 0.854711 0.606381
vt 0.366449 0.159083
vt 0.366190 0.162041
vt 0.364703 0.159311
vt 0.788896 0.466373
vt 0.788120 0.460558
vt 0.788651 0.463330
vt 0.406655 0.161822
vt 0.411398 0.161262
vt 0.406095 0.161996
vt 0.338592 0.453266
vt 0.338530 0.448730
vt 0.338854 0.452906
vt 0.338408 0.454996
vt 0.933905 0.213647
vt 0.939188 0.213577
vt 0.941211 0.213795
vt 0.934798 0.213771
vt 0.997691 0.985144
vt 0.996838 0.988509
vt 0.997410 0.983767
vt 0.406106 0.156625
vt 0.409459 0.155500
vt 0.406734 0.156661
vt 0.447221 0.161865
vt 0.450603 0.161345
vt 0.452234 0.162111
vt 0.555639 0.162119
vt 0.555957 0.159838
vt 0.557205 0.161011
vt 0.587415 0.229675
vt 0.593221 0.229396
vt 0.593766 0.229493
vt 0.789824 0.177126
vt 0.788624 0.177170
vt 0.792626 0.176468
vt 0.718999 0.161334
vt 0.723031 0.162102
vt 0.721600 0.161939
vt 0.732053 0.161392
vt 0.727537 0.162167
vt 0.728493 0.161925
vt 0.727593 0.156751
vt 0.731349 0.155962
vt 0.728675 0.156638
vt 0.828391 0.403080
vt 0.832808 0.402962
vt 0.834837 0.403093
vt 0.662250 0.260373
vt 0.662367 0.258671
vt 0.662174 0.263924
vt 0.839446 0.402610
vt 0.843515 0.402710
vt 0.841722 0.403005
vt 0.799388 0.161441
vt 0.801980 0.161239
vt 0.799464 0.161226
vt 0.801111 0.156183
vt 0.799096 0.156666
vt 0.802134 0.155874
vt 0.996791 0.910468
vt 0.996908 0.907832
vt 0.997501 0.907097
vt 0.149183 0.148413
vt 0.149111 0.148643
vt 0.147482 0.149892
vt 0.515852 0.407031
vt 0.515989 0.402573
vt 0.516202 0.406512
vt 0.064694 0.136921
vt 0.065652 0.134493
vt 0.065621 0.134821
vt 0.059194 0.129189
vt 0.059904 0.126871
vt 0.059122 0.129825
vt 0.264681 0.149342
vt 0.262003 0.149801
vt 0.262826 0.149510
vt 0.259489 0.229356
vt 0.263442 0.229381
vt 0.261191 0.229491
vt 0.532717 0.259874
vt 0.532837 0.258242
vt 0.532803 0.261676
vt 0.073941 0.120651
vt 0.074008 0.119056
vt 0.074085 0.122296
vt 0.400941 0.149321
vt 0.401034 0.149896
vt 0.400684 0.148161
vt 0.464348 0.846642
vt 0.467157 0.846994
vt 0.459216 0.846245
vt 0.461589 0.846402
vt 0.454578 0.846181
vt 0.456828 0.846121
vt 0.450635 0.846193
vt 0.452576 0.846081
vt 0.446013 0.846032
vt 0.448259 0.846052
vt 0.472141 0.847287
vt 0.467157 0.846994
vt 0.464348 0.846642
vt 0.461589 0.846402
vt 0.459216 0.846245
vt 0.456828 0.846121
vt 0.454578 0.846181
vt 0.452576 0.846081
vt 0.450635 0.846193
vt 0.448259 0.846052
vt 0.446013 0.846032
vt 0.443385 0.845958
vt 0.442066 0.845908
vt 0.443385 0.845958
vt 0.442066 0.845908
vt 0.436439 0.845573
vt 0.434092 0.845431
vt 0.436439 0.845573
vt 0.434092 0.845431
vt 0.430900 0.845527
vt 0.428686 0.845450
vt 0.430900 0.845527
vt 0.422873 0.845277
vt 0.425569 0.845443
vt 0.428686 0.845450
vt 0.425569 0.845443
vt 0.422873 0.845277
vt 0.416243 0.844864
vt 0.416243 0.844864
vt 0.407150 0.844459
vt 0.405143 0.844362
vt 0.407150 0.844459
vt 0.403924 0.844268
vt 0.405143 0.844362
vt 0.403924 0.844268
vt 0.394984 0.843631
vt 0.394984 0.843631
vt 0.392059 0.843311
vt 0.389986 0.843102
vt 0.392059 0.843311
vt 0.389986 0.843102
vt 0.386937 0.842643
vt 0.384651 0.842392
vt 0.386937 0.842643
vt 0.384651 0.842392
vt 0.382915 0.841966
vt 0.381698 0.841727
vt 0.382915 0.841966
vt 0.381005 0.841049
vt 0.381698 0.841727
vt 0.381005 0.841049
vt 0.380528 0.840807
vt 0.380528 0.840807
vt 0.380139 0.840177
vt 0.379249 0.839761
vt 0.380139 0.840177
vt 0.348907 0.837753
vt 0.350083 0.837479
vt 0.350083 0.837479
vt 0.351225 0.836946
vt 0.326817 0.838951
vt 0.329619 0.839852
vt 0.325725 0.838858
vt 0.326817 0.838951
vt 0.329876 0.839982
vt 0.329619 0.839852
vt 0.325725 0.838858
vt 0.324087 0.837731
vt 0.322577 0.837245
vt 0.324087 0.837731
vt 0.321601 0.836288
vt 0.322577 0.837245
vt 0.315579 0.835335
vt 0.316634 0.835296
vt 0.321601 0.836288
vt 0.321460 0.836116
vt 0.316634 0.835296
vt 0.320774 0.835922
vt 0.321460 0.836116
vt 0.320774 0.835922
vt 0.050626 0.485073
vt 0.051758 0.485510
vt 0.048162 0.484632
vt 0.050626 0.485073
vt 0.048162 0.484632
vt 0.047432 0.484497
vt 0.040663 0.483885
vt 0.045294 0.484335
vt 0.047432 0.484497
vt 0.045294 0.484335
vt 0.040663 0.483885
vt 0.336939 0.657508
vt 0.338723 0.657297
vt 0.336939 0.657508
vt 0.328205 0.658703
vt 0.327598 0.658742
vt 0.328205 0.658703
vt 0.318746 0.659488
vt 0.321797 0.659263
vt 0.327598 0.658742
vt 0.321797 0.659263
vt 0.318746 0.659488
vt 0.316470 0.659746
vt 0.289008 0.465586
vt 0.288294 0.466561
vt 0.287190 0.467971
vt 0.285986 0.469868
vt 0.287190 0.467971
vt 0.288294 0.466561
vt 0.284512 0.471946
vt 0.284147 0.472498
vt 0.285609 0.470696
vt 0.285986 0.469868
vt 0.284512 0.471946
vt 0.285609 0.470696
vt 0.283636 0.473406
vt 0.284147 0.472498
vt 0.283636 0.473406
vt 0.282822 0.474495
vt 0.282822 0.474495
vt 0.280547 0.477571
vt 0.280547 0.477571
vt 0.276260 0.482875
vt 0.274886 0.484684
vt 0.276260 0.482875
vt 0.274186 0.485536
vt 0.274886 0.484684
vt 0.269963 0.491193
vt 0.269875 0.491311
vt 0.274186 0.485536
vt 0.273272 0.487032
vt 0.270225 0.490734
vt 0.269963 0.491193
vt 0.269875 0.491311
vt 0.269582 0.491618
vt 0.273272 0.487032
vt 0.272327 0.488042
vt 0.270225 0.490734
vt 0.272327 0.488042
vt 0.269582 0.491618
vt 0.268176 0.493495
vt 0.266906 0.495305
vt 0.268176 0.493495
vt 0.266906 0.495305
vt 0.265025 0.498133
vt 0.534225 0.491547
vt 0.535176 0.491162
vt 0.533214 0.492172
vt 0.534225 0.491547
vt 0.537772 0.490111
vt 0.541489 0.488990
vt 0.537772 0.490111
vt 0.535176 0.491162
vt 0.528986 0.495255
vt 0.532320 0.492818
vt 0.533214 0.492172
vt 0.532320 0.492818
vt 0.524776 0.499748
vt 0.525596 0.499027
vt 0.542494 0.488814
vt 0.547902 0.488083
vt 0.541660 0.488947
vt 0.541489 0.488990
vt 0.528986 0.495255
vt 0.527467 0.496859
vt 0.527467 0.496859
vt 0.525596 0.499027
vt 0.521899 0.502894
vt 0.524776 0.499748
vt 0.542494 0.488814
vt 0.541660 0.488947
vt 0.521899 0.502894
vt 0.519135 0.506507
vt 0.517725 0.508317
vt 0.519135 0.506507
vt 0.515407 0.511298
vt 0.517725 0.508317
vt 0.515407 0.511298
vt 0.512464 0.514908
vt 0.507874 0.520178
vt 0.511711 0.515905
vt 0.512464 0.514908
vt 0.511711 0.515905
vt 0.507874 0.520178
vt 0.505993 0.522440
vt 0.502705 0.526212
vt 0.505993 0.522440
vt 0.502705 0.526212
vt 0.502309 0.527027
vt 0.502309 0.527027
vt 0.500885 0.529013
vt 0.499160 0.531635
vt 0.500885 0.529013
vt 0.498479 0.532516
vt 0.499160 0.531635
vt 0.498479 0.532516
vt 0.497609 0.534772
vt 0.497609 0.534772
vt 0.497137 0.535420
vt 0.494018 0.539876
vt 0.497137 0.535420
vt 0.494018 0.539876
vt 0.493556 0.540670
vt 0.044034 0.140899
vt 0.044151 0.140816
vt 0.021892 0.145115
vt 0.027414 0.144137
vt 0.021892 0.145115
vt 0.021387 0.145235
vt 0.016910 0.146152
vt 0.020737 0.145431
vt 0.021387 0.145235
vt 0.021159 0.145305
vt 0.020913 0.145369
vt 0.020737 0.145431
vt 0.016910 0.146152
vt 0.013962 0.146896
vt 0.021159 0.145305
vt 0.020913 0.145369
vt 0.009837 0.147899
vt 0.013962 0.146896
vt 0.009837 0.147899
vt 0.009283 0.148102
vt 0.009283 0.148102
vt 0.009051 0.148222
vt 0.009051 0.148222
vt 0.007127 0.148752
vt 0.003880 0.149291
vt 0.007127 0.148752
vt 0.293189 0.411154
vt 0.294199 0.411381
vt 0.298259 0.411799
vt 0.298263 0.411800
vt 0.288039 0.410444
vt 0.289861 0.410771
vt 0.286312 0.410237
vt 0.288039 0.410444
vt 0.298263 0.411800
vt 0.300314 0.412058
vt 0.298259 0.411799
vt 0.294199 0.411381
vt 0.293189 0.411154
vt 0.289861 0.410771
vt 0.286312 0.410237
vt 0.283131 0.409664
vt 0.279803 0.409171
vt 0.283131 0.409664
vt 0.272610 0.408216
vt 0.273710 0.408309
vt 0.301569 0.412268
vt 0.300314 0.412058
vt 0.279803 0.409171
vt 0.277147 0.408879
vt 0.277147 0.408879
vt 0.273710 0.408309
vt 0.302128 0.412310
vt 0.301569 0.412268
vt 0.904914 0.432940
vt 0.905372 0.432961
vt 0.909193 0.432993
vt 0.906999 0.433000
vt 0.908375 0.433023
vt 0.906999 0.433000
vt 0.905372 0.432961
vt 0.904914 0.432940
vt 0.904627 0.432929
vt 0.908634 0.433006
vt 0.909193 0.432993
vt 0.908531 0.433021
vt 0.908375 0.433023
vt 0.908634 0.433006
vt 0.908530 0.433017
vt 0.318399 0.302604
vt 0.321331 0.301408
vt 0.321356 0.301378
vt 0.323680 0.299705
vt 0.321346 0.301393
vt 0.321331 0.301408
vt 0.317423 0.303608
vt 0.318399 0.302604
vt 0.323680 0.299705
vt 0.324328 0.299149
vt 0.321356 0.301378
vt 0.321346 0.301393
vt 0.317423 0.303608
vt 0.317541 0.303761
vt 0.306523 0.302495
vt 0.308101 0.305387
vt 0.324479 0.297955
vt 0.324328 0.299149
vt 0.316488 0.304787
vt 0.317541 0.303761
vt 0.315003 0.305985
vt 0.315480 0.305924
vt 0.306523 0.302495
vt 0.306385 0.301579
vt 0.308855 0.306425
vt 0.308101 0.305387
vt 0.316488 0.304787
vt 0.316244 0.304881
vt 0.315003 0.305985
vt 0.313249 0.306224
vt 0.316244 0.304881
vt 0.315480 0.305924
vt 0.310015 0.307845
vt 0.308855 0.306425
vt 0.313249 0.306224
vt 0.312161 0.306558
vt 0.312161 0.306558
vt 0.310015 0.307845
vt 0.888669 0.288021
vt 0.888881 0.288038
vt 0.880517 0.287207
vt 0.881823 0.287312
vt 0.888669 0.288021
vt 0.884995 0.287618
vt 0.884995 0.287618
vt 0.881823 0.287312
vt 0.880517 0.287207
vt 0.877620 0.286742
vt 0.866871 0.286498
vt 0.867152 0.286505
vt 0.874785 0.286302
vt 0.877620 0.286742
vt 0.870083 0.285992
vt 0.870483 0.286006
vt 0.869517 0.286406
vt 0.867152 0.286505
vt 0.866242 0.286552
vt 0.866871 0.286498
vt 0.861336 0.287454
vt 0.863282 0.287357
vt 0.854166 0.287101
vt 0.859757 0.287423
vt 0.874785 0.286302
vt 0.873735 0.286196
vt 0.873735 0.286196
vt 0.870483 0.286006
vt 0.870083 0.285992
vt 0.869517 0.286406
vt 0.866242 0.286552
vt 0.864696 0.287295
vt 0.864696 0.287295
vt 0.863282 0.287357
vt 0.861336 0.287454
vt 0.859757 0.287423
vt 0.151718 0.182061
vt 0.150953 0.182050
vt 0.149762 0.182001
vt 0.150953 0.182050
vt 0.152998 0.182062
vt 0.151718 0.182061
vt 0.149762 0.182001
vt 0.145650 0.181819
vt 0.144944 0.181763
vt 0.145650 0.181819
vt 0.144944 0.181763
vt 0.143477 0.181666
vt 0.142923 0.181603
vt 0.143477 0.181666
vt 0.140991 0.181575
vt 0.140136 0.181592
vt 0.142923 0.181603
vt 0.141479 0.181456
vt 0.140136 0.181592
vt 0.140092 0.181349
vt 0.141479 0.181456
vt 0.140092 0.181349
vt 0.138653 0.181280
vt 0.136079 0.181170
vt 0.138653 0.181280
vt 0.151488 0.181866
vt 0.152983 0.181826
vt 0.153029 0.181799
vt 0.154855 0.181809
vt 0.153029 0.181799
vt 0.152744 0.181797
vt 0.675824 0.238721
vt 0.677907 0.238438
vt 0.671849 0.238540
vt 0.675824 0.238721
vt 0.678059 0.238412
vt 0.677907 0.238438
vt 0.671849 0.238540
vt 0.671672 0.238534
vt 0.678091 0.238374
vt 0.678059 0.238412
vt 0.770812 0.329001
vt 0.764595 0.328763
vt 0.764471 0.328783
vt 0.764595 0.328763
vt 0.764379 0.328748
vt 0.764471 0.328783
vt 0.452864 0.168578
vt 0.452236 0.169310
vt 0.452236 0.169310
vt 0.451643 0.169574
vt 0.936969 0.170795
vt 0.936984 0.170949
vt 0.311660 0.160337
vt 0.310362 0.161103
vt 0.800716 0.161743
vt 0.799294 0.161440
vt 0.800716 0.161743
vt 0.802032 0.161619
vt 0.435147 0.148444
vt 0.009692 0.951274
vt 0.009864 0.952378
vt 0.009864 0.952378
vt 0.010057 0.953111
vt 0.009692 0.951274
vt 0.009062 0.948220
vt 0.010057 0.953111
vt 0.011469 0.956819
vt 0.011715 0.957577
vt 0.011469 0.956819
vt 0.011798 0.957724
vt 0.011715 0.957577
vt 0.012065 0.957919
vt 0.011798 0.957724
vt 0.013020 0.958468
vt 0.012065 0.957919
vt 0.013020 0.958468
vt 0.017301 0.961032
vt 0.017301 0.961032
vt 0.019561 0.961325
vt 0.023015 0.961717
vt 0.019561 0.961325
vt 0.023015 0.961717
vt 0.026560 0.961745
vt 0.027899 0.961822
vt 0.026560 0.961745
vt 0.032481 0.962667
vt 0.027899 0.961822
vt 0.032481 0.962667
vt 0.034105 0.962948
vt 0.034105 0.962948
vt 0.034717 0.963448
vt 0.035897 0.964119
vt 0.034717 0.963448
vt 0.035897 0.964119
vt 0.036628 0.967806
vt 0.036826 0.968313
vt 0.036628 0.967806
vt 0.036734 0.968575
vt 0.036826 0.968313
vt 0.036734 0.968575
vt 0.036297 0.969793
vt 0.036034 0.971478
vt 0.036297 0.969793
vt 0.036034 0.971478
vt 0.036043 0.972708
vt 0.036295 0.974305
vt 0.036043 0.972708
vt 0.036814 0.975944
vt 0.036295 0.974305
vt 0.037074 0.977263
vt 0.037280 0.978371
vt 0.037074 0.977263
vt 0.036814 0.975944
vt 0.037280 0.978371
vt 0.037116 0.980642
vt 0.037110 0.980687
vt 0.037116 0.980642
vt 0.037057 0.980866
vt 0.037110 0.980687
vt 0.866965 0.914954
vt 0.872090 0.930628
vt 0.873209 0.933881
vt 0.876262 0.942949
vt 0.872987 0.933212
vt 0.872090 0.930628
vt 0.863160 0.903433
vt 0.866965 0.914954
vt 0.876879 0.944552
vt 0.876262 0.942949
vt 0.873209 0.933881
vt 0.872987 0.933212
vt 0.863160 0.903433
vt 0.861278 0.899403
vt 0.878690 0.949180
vt 0.876879 0.944552
vt 0.860544 0.897307
vt 0.861278 0.899403
vt 0.860544 0.897307
vt 0.858058 0.890911
vt 0.855823 0.887135
vt 0.858058 0.890911
vt 0.855823 0.887135
vt 0.855481 0.886137
vt 0.855481 0.886137
vt 0.855059 0.885434
vt 0.852115 0.877823
vt 0.853490 0.881815
vt 0.855059 0.885434
vt 0.853490 0.881815
vt 0.851923 0.877074
vt 0.852115 0.877823
vt 0.851640 0.876176
vt 0.851923 0.877074
vt 0.851640 0.876176
vt 0.852042 0.872752
vt 0.852042 0.872752
vt 0.851306 0.870338
vt 0.850462 0.864403
vt 0.851113 0.866896
vt 0.851522 0.868816
vt 0.851306 0.870338
vt 0.851113 0.866896
vt 0.851522 0.868816
vt 0.013722 0.228412
vt 0.014650 0.231287
vt 0.017855 0.243102
vt 0.018691 0.248176
vt 0.016092 0.235631
vt 0.017135 0.240218
vt 0.015736 0.234358
vt 0.014650 0.231287
vt 0.012128 0.224441
vt 0.013722 0.228412
vt 0.018691 0.248176
vt 0.018841 0.250057
vt 0.017855 0.243102
vt 0.017635 0.242121
vt 0.017635 0.242121
vt 0.017135 0.240218
vt 0.016092 0.235631
vt 0.015736 0.234358
vt 0.018841 0.250057
vt 0.019259 0.253972
vt 0.020010 0.257922
vt 0.019259 0.253972
vt 0.020648 0.261136
vt 0.020010 0.257922
vt 0.378455 0.301500
vt 0.379588 0.299795
vt 0.377077 0.303161
vt 0.378455 0.301500
vt 0.367817 0.307597
vt 0.375066 0.304627
vt 0.379588 0.299795
vt 0.379639 0.299671
vt 0.377077 0.303161
vt 0.376528 0.303981
vt 0.367817 0.307597
vt 0.376528 0.303981
vt 0.375066 0.304627
vt 0.380673 0.298242
vt 0.379639 0.299671
vt 0.381327 0.296397
vt 0.380673 0.298242
vt 0.381327 0.296397
vt 0.381827 0.295448
vt 0.382823 0.293937
vt 0.381827 0.295448
vt 0.382823 0.293937
vt 0.383491 0.292452
vt 0.384152 0.290359
vt 0.383491 0.292452
vt 0.370664 0.266471
vt 0.369964 0.264946
vt 0.370664 0.266471
vt 0.369964 0.264946
vt 0.369251 0.263394
vt 0.367542 0.260305
vt 0.369251 0.263394
vt 0.367542 0.260305
vt 0.367516 0.260258
vt 0.367516 0.260258
vt 0.367486 0.260159
vt 0.919028 0.262810
vt 0.917864 0.265159
vt 0.917709 0.266408
vt 0.917864 0.265159
vt 0.918363 0.262459
vt 0.919028 0.262810
vt 0.633327 0.459666
vt 0.634549 0.459551
vt 0.633293 0.459668
vt 0.633327 0.459666
vt 0.908565 0.433632
vt 0.908530 0.433659
vt 0.908792 0.433462
vt 0.908565 0.433632
vt 0.908792 0.433462
vt 0.909318 0.432997
vt 0.908530 0.433659
vt 0.908446 0.433788
vt 0.907947 0.434744
vt 0.908446 0.433788
vt 0.907275 0.436033
vt 0.907117 0.436286
vt 0.907600 0.435513
vt 0.907947 0.434744
vt 0.907275 0.436033
vt 0.907600 0.435513
vt 0.037829 0.484412
vt 0.038036 0.487147
vt 0.037829 0.484412
vt 0.037780 0.483768
vt 0.039113 0.501198
vt 0.038036 0.487147
vt 0.039113 0.501198
vt 0.039131 0.501400
vt 0.039131 0.501400
vt 0.039144 0.501545
vt 0.039856 0.508472
vt 0.039144 0.501545
vt 0.039856 0.508472
vt 0.040619 0.516745
vt 0.041594 0.526189
vt 0.040619 0.516745
vt 0.041594 0.526189
vt 0.042136 0.532958
vt 0.042136 0.532958
vt 0.042525 0.536801
vt 0.042789 0.539794
vt 0.042525 0.536801
vt 0.042789 0.539794
vt 0.043686 0.546110
vt 0.044257 0.549825
vt 0.043686 0.546110
vt 0.044257 0.549825
vt 0.044643 0.553791
vt 0.044983 0.557100
vt 0.044643 0.553791
vt 0.044983 0.557100
vt 0.045423 0.563006
vt 0.045786 0.566844
vt 0.045423 0.563006
vt 0.045786 0.566844
vt 0.046206 0.572571
vt 0.047298 0.582971
vt 0.046873 0.579136
vt 0.046206 0.572571
vt 0.046873 0.579136
vt 0.047550 0.585737
vt 0.047298 0.582971
vt 0.047550 0.585737
vt 0.048133 0.591451
vt 0.048242 0.592635
vt 0.048133 0.591451
vt 0.048242 0.592635
vt 0.048716 0.597924
vt 0.048885 0.599531
vt 0.048716 0.597924
vt 0.935567 0.662234
vt 0.935666 0.660495
vt 0.935094 0.671157
vt 0.935162 0.670122
vt 0.935567 0.662234
vt 0.935162 0.670122
vt 0.934951 0.673578
vt 0.935094 0.671157
vt 0.934951 0.673578
vt 0.934694 0.678123
vt 0.934459 0.681478
vt 0.934694 0.678123
vt 0.934197 0.684295
vt 0.934459 0.681478
vt 0.934197 0.684295
vt 0.933384 0.695121
vt 0.933384 0.695121
vt 0.933143 0.698323
vt 0.932977 0.700262
vt 0.933143 0.698323
vt 0.932904 0.701187
vt 0.932977 0.700262
vt 0.932904 0.701187
vt 0.931835 0.716100
vt 0.931620 0.719204
vt 0.931835 0.716100
vt 0.931392 0.721943
vt 0.931620 0.719204
vt 0.931220 0.724081
vt 0.931392 0.721943
vt 0.931220 0.724081
vt 0.930696 0.732434
vt 0.930483 0.735438
vt 0.930696 0.732434
vt 0.930294 0.738435
vt 0.930483 0.735438
vt 0.930294 0.738435
vt 0.929442 0.750958
vt 0.929442 0.750958
vt 0.929012 0.757963
vt 0.928711 0.762533
vt 0.929012 0.757963
vt 0.928711 0.762533
vt 0.928231 0.769371
vt 0.927889 0.773466
vt 0.928231 0.769371
vt 0.927889 0.773466
vt 0.927420 0.779256
vt 0.927420 0.779256
vt 0.926787 0.788408
vt 0.926484 0.792828
vt 0.926787 0.788408
vt 0.926431 0.794797
vt 0.926484 0.792828
vt 0.926381 0.796689
vt 0.926431 0.794797
vt 0.364814 0.306528
vt 0.364957 0.307702
vt 0.678486 0.363895
vt 0.677614 0.365223
vt 0.679748 0.362304
vt 0.678486 0.363895
vt 0.676464 0.367267
vt 0.677614 0.365223
vt 0.676464 0.367267
vt 0.676264 0.367898
vt 0.676264 0.367898
vt 0.676139 0.368485
vt 0.683109 0.358885
vt 0.680492 0.361512
vt 0.679748 0.362304
vt 0.680235 0.361753
vt 0.676139 0.368485
vt 0.675482 0.371173
vt 0.674926 0.373260
vt 0.673108 0.377971
vt 0.687960 0.356241
vt 0.687625 0.356396
vt 0.685759 0.357202
vt 0.684597 0.357858
vt 0.683109 0.358885
vt 0.684597 0.357858
vt 0.680235 0.361753
vt 0.680492 0.361512
vt 0.675208 0.372408
vt 0.675482 0.371173
vt 0.674926 0.373260
vt 0.675051 0.372857
vt 0.673108 0.377971
vt 0.671783 0.381948
vt 0.687960 0.356241
vt 0.690206 0.355069
vt 0.685759 0.357202
vt 0.687625 0.356396
vt 0.675051 0.372857
vt 0.675208 0.372408
vt 0.670067 0.387223
vt 0.671783 0.381948
vt 0.371016 0.265554
vt 0.370889 0.267208
vt 0.371020 0.264964
vt 0.371021 0.264698
vt 0.371016 0.265554
vt 0.371020 0.264964
vt 0.878047 0.337949
vt 0.878153 0.339112
vt 0.878241 0.333127
vt 0.878146 0.334600
vt 0.878047 0.337949
vt 0.877913 0.336126
vt 0.878153 0.339112
vt 0.878369 0.341490
vt 0.877913 0.336126
vt 0.878146 0.334600
vt 0.878517 0.343553
vt 0.878369 0.341490
vt 0.878610 0.344079
vt 0.878517 0.343553
vt 0.987490 0.324796
vt 0.985426 0.327541
vt 0.553818 0.325693
vt 0.551696 0.329798
vt 0.550968 0.330046
vt 0.551696 0.329798
vt 0.550968 0.330046
vt 0.549346 0.330247
vt 0.547343 0.330827
vt 0.549346 0.330247
vt 0.544260 0.331578
vt 0.547343 0.330827
vt 0.544260 0.331578
vt 0.543063 0.331671
vt 0.543063 0.331671
vt 0.542101 0.331734
vt 0.538560 0.332452
vt 0.542101 0.331734
vt 0.538560 0.332452
vt 0.531499 0.333713
vt 0.530176 0.334226
vt 0.531499 0.333713
vt 0.527860 0.333850
vt 0.530176 0.334226
vt 0.527860 0.333850
vt 0.525992 0.333316
vt 0.525992 0.333316
vt 0.523444 0.332093
vt 0.530501 0.250013
vt 0.531656 0.248772
vt 0.530186 0.250453
vt 0.530501 0.250013
vt 0.529287 0.251743
vt 0.530186 0.250453
vt 0.152075 0.182540
vt 0.151322 0.182246
vt 0.150938 0.182096
vt 0.151322 0.182246
vt 0.149882 0.182056
vt 0.150938 0.182096
vt 0.152514 0.182785
vt 0.152733 0.182906
vt 0.152075 0.182540
vt 0.152514 0.182785
vt 0.149882 0.182056
vt 0.149548 0.182026
vt 0.149548 0.182026
vt 0.148947 0.181972
vt 0.153952 0.183613
vt 0.152733 0.182906
vt 0.146921 0.181954
vt 0.145555 0.182060
vt 0.146921 0.181954
vt 0.147465 0.181912
vt 0.153952 0.183613
vt 0.154296 0.183932
vt 0.155512 0.186436
vt 0.154296 0.183932
vt 0.145555 0.182060
vt 0.144780 0.182143
vt 0.144780 0.182143
vt 0.143424 0.182087
vt 0.141689 0.182145
vt 0.143424 0.182087
vt 0.141547 0.182104
vt 0.141689 0.182145
vt 0.141055 0.181962
vt 0.141547 0.182104
vt 0.141055 0.181962
vt 0.139598 0.181592
vt 0.609104 0.235245
vt 0.608937 0.235421
vt 0.608937 0.235421
vt 0.608009 0.236359
vt 0.609833 0.234597
vt 0.609104 0.235245
vt 0.605178 0.239295
vt 0.608009 0.236359
vt 0.609833 0.234597
vt 0.612015 0.232703
vt 0.612891 0.232093
vt 0.612015 0.232703
vt 0.665710 0.187995
vt 0.666012 0.187748
vt 0.435163 0.148435
vt 0.435120 0.149284
g mesh
usemtl main
f 1/1 2/2 3/3
f 2/2 4/4 3/3
f 5/5 1/1 3/3
f 4/4 2/2 6/6
f 3/3 4/4 7/7
f 5/5 3/3 8/8
f 9/9 4/4 6/6
f 4/4 9/9 7/7
f 3/3 7/7 10/10
f 11/11 5/5 8/8
f 12/12 8/8 3/3
f 7/7 9/9 13/13
f 7/7 13/13 10/10
f 12/12 3/3 10/10
f 14/14 11/11 8/8
f 12/12 15/15 8/8
f 9/9 16/16 13/13
f 13/13 17/17 10/10
f 10/10 18/18 12/12
f 19/19 11/11 14/14
f 14/14 8/8 15/15
f 15/15 12/12 18/18
f 9/9 20/20 16/16
f 13/13 16/16 17/17
f 10/10 17/17 21/21
f 18/18 10/10 22/22
f 14/14 23/23 19/19
f 24/24 14/14 15/15
f 18/18 25/25 15/15
f 16/16 20/20 26/26
f 16/16 26/26 17/17
f 17/17 27/27 21/21
f 10/10 21/21 28/28
f 10/10 28/28 22/22
f 22/22 29/29 18/18
f 19/19 23/23 30/30
f 31/31 24/24 15/15
f 15/15 25/25 31/31
f 25/25 18/18 29/29
f 20/20 32/32 26/26
f 17/17 26/26 27/27
f 28/28 21/21 27/27
f 33/33 22/22 28/28
f 22/22 34/34 29/29
f 35/35 19/19 30/30
f 30/30 23/23 36/36
f 24/24 31/31 37/37
f 31/31 25/25 38/38
f 29/29 39/39 25/25
f 32/32 40/40 26/26
f 26/26 41/41 27/27
f 27/27 42/42 28/28
f 28/28 43/43 33/33
f 22/22 33/33 44/44
f 34/34 22/22 45/45
f 34/34 46/46 29/29
f 47/47 37/37 31/31
f 31/31 38/38 47/47
f 38/38 25/25 48/48
f 48/48 25/25 39/39
f 39/39 29/29 46/46
f 42/42 27/27 41/41
f 43/43 28/28 42/42
f 43/43 49/49 33/33
f 50/50 44/44 33/33
f 44/44 51/51 22/22
f 45/45 22/22 51/51
f 52/52 34/34 45/45
f 46/46 34/34 53/53
f 54/54 47/47 38/38
f 38/38 48/48 55/55
f 48/48 39/39 55/55
f 46/46 56/56 39/39
f 41/41 57/57 42/42
f 42/42 58/58 43/43
f 49/49 43/43 58/58
f 33/33 49/49 59/59
f 50/50 60/60 44/44
f 61/61 50/50 33/33
f 51/51 44/44 60/60
f 51/51 52/52 45/45
f 34/34 52/52 60/60
f 53/53 62/62 46/46
f 34/34 63/63 53/53
f 64/64 54/54 38/38
f 38/38 55/55 65/65
f 55/55 39/39 56/56
f 56/56 46/46 66/66
f 58/58 42/42 57/57
f 58/58 67/67 49/49
f 49/49 68/68 59/59
f 33/33 59/59 69/69
f 34/34 60/60 50/50
f 63/63 50/50 61/61
f 61/61 33/33 70/70
f 60/60 52/52 51/51
f 53/53 71/71 62/62
f 46/46 62/62 66/66
f 34/34 50/50 63/63
f 72/72 53/53 63/63
f 65/65 64/64 38/38
f 65/65 55/55 73/73
f 74/74 55/55 56/56
f 75/75 56/56 66/66
f 68/68 49/49 67/67
f 76/76 59/59 68/68
f 59/59 77/77 69/69
f 78/78 33/33 69/69
f 63/63 61/61 79/79
f 78/78 70/70 33/33
f 79/79 61/61 70/70
f 80/80 71/71 53/53
f 81/81 62/62 71/71
f 62/62 75/75 66/66
f 53/53 72/72 82/82
f 72/72 63/63 83/83
f 84/84 64/64 65/65
f 73/73 84/84 65/65
f 73/73 55/55 74/74
f 56/56 75/75 74/74
f 85/85 59/59 76/76
f 69/69 77/77 86/86
f 77/77 59/59 85/85
f 69/69 79/79 78/78
f 63/63 79/79 69/69
f 70/70 78/78 79/79
f 87/87 71/71 80/80
f 82/82 80/80 53/53
f 75/75 62/62 81/81
f 88/88 81/81 71/71
f 89/89 82/82 72/72
f 83/83 63/63 90/90
f 83/83 89/89 72/72
f 91/91 74/74 75/75
f 76/76 92/92 85/85
f 93/93 86/86 77/77
f 86/86 63/63 69/69
f 77/77 85/85 93/93
f 87/87 94/94 71/71
f 80/80 82/82 87/87
f 81/81 95/95 75/75
f 88/88 96/96 81/81
f 94/94 88/88 71/71
f 97/97 82/82 89/89
f 63/63 98/98 90/90
f 90/90 99/99 83/83
f 89/89 83/83 99/99
f 74/74 91/91 100/100
f 91/91 75/75 101/101
f 76/76 102/102 92/92
f 85/85 92/92 103/103
f 93/93 63/63 86/86
f 93/93 85/85 63/63
f 94/94 87/87 104/104
f 97/97 87/87 82/82
f 75/75 95/95 101/101
f 95/95 81/81 105/105
f 106/106 81/81 96/96
f 88/88 107/107 96/96
f 88/88 94/94 108/108
f 99/99 97/97 89/89
f 103/103 98/98 63/63
f 109/109 90/90 98/98
f 99/99 90/90 110/110
f 111/111 100/100 91/91
f 91/91 101/101 111/111
f 76/76 112/112 102/102
f 113/113 92/92 102/102
f 103/103 63/63 85/85
f 92/92 113/113 103/103
f 114/114 104/104 87/87
f 104/104 115/115 94/94
f 87/87 97/97 116/116
f 117/117 101/101 95/95
f 95/95 105/105 117/117
f 81/81 106/106 105/105
f 106/106 96/96 118/118
f 119/119 96/96 107/107
f 88/88 108/108 107/107
f 115/115 108/108 94/94
f 97/97 99/99 120/120
f 98/98 103/103 109/109
f 109/109 110/110 90/90
f 99/99 110/110 120/120
f 100/100 111/111 121/121
f 102/102 112/112 113/113
f 122/122 103/103 113/113
f 123/123 104/104 114/114
f 87/87 116/116 114/114
f 124/124 115/115 104/104
f 97/97 120/120 116/116
f 125/125 101/101 117/117
f 126/126 117/117 105/105
f 127/127 105/105 106/106
f 118/118 128/128 106/106
f 96/96 119/119 118/118
f 129/129 119/119 107/107
f 130/130 107/107 108/108
f 115/115 124/124 108/108
f 131/131 109/109 103/103
f 110/110 109/109 132/132
f 120/120 110/110 132/132
f 133/133 100/100 121/121
f 134/134 121/121 111/111
f 135/135 103/103 122/122
f 104/104 123/123 136/136
f 137/137 123/123 114/114
f 138/138 114/114 116/116
f 124/124 104/104 136/136
f 138/138 116/116 120/120
f 139/139 125/125 117/117
f 117/117 126/126 139/139
f 126/126 105/105 127/127
f 128/128 127/127 106/106
f 140/140 128/128 118/118
f 141/141 118/118 119/119
f 129/129 142/142 119/119
f 130/130 129/129 107/107
f 130/130 108/108 124/124
f 131/131 103/103 143/143
f 144/144 109/109 131/131
f 144/144 132/132 109/109
f 132/132 138/138 120/120
f 145/145 100/100 133/133
f 143/143 103/103 135/135
f 146/146 136/136 123/123
f 114/114 138/138 137/137
f 123/123 137/137 146/146
f 124/124 136/136 147/147
f 125/125 139/139 148/148
f 149/149 139/139 126/126
f 126/126 127/127 149/149
f 150/150 127/127 128/128
f 150/150 128/128 140/140
f 118/118 141/141 140/140
f 141/141 119/119 142/142
f 129/129 151/151 142/142
f 130/130 152/152 129/129
f 130/130 124/124 147/147
f 143/143 153/153 131/131
f 144/144 131/131 154/154
f 144/144 138/138 132/132
f 155/155 143/143 135/135
f 156/156 136/136 146/146
f 138/138 144/144 137/137
f 157/157 146/146 137/137
f 158/158 147/147 136/136
f 159/159 148/148 139/139
f 139/139 149/149 159/159
f 149/149 127/127 150/150
f 150/150 140/140 160/160
f 161/161 140/140 141/141
f 141/141 142/142 161/161
f 162/162 142/142 151/151
f 151/151 129/129 152/152
f 130/130 163/163 152/152
f 130/130 147/147 164/164
f 131/131 153/153 154/154
f 143/143 165/165 153/153
f 154/154 166/166 144/144
f 143/143 155/155 167/167
f 156/156 158/158 136/136
f 157/157 156/156 146/146
f 168/168 137/137 144/144
f 169/169 157/157 137/137
f 170/170 147/147 158/158
f 171/171 159/159 149/149
f 149/149 150/150 171/171
f 160/160 171/171 150/150
f 172/172 160/160 140/140
f 161/161 172/172 140/140
f 161/161 142/142 162/162
f 162/162 151/151 173/173
f 174/174 151/151 152/152
f 163/163 130/130 164/164
f 163/163 175/175 152/152
f 176/176 164/164 147/147
f 177/177 154/154 153/153
f 153/153 165/165 178/178
f 165/165 143/143 179/179
f 166/166 154/154 180/180
f 144/144 166/166 181/181
f 167/167 155/155 182/182
f 143/143 167/167 183/183
f 184/184 158/158 156/156
f 169/169 156/156 157/157
f 137/137 168/168 169/169
f 181/181 168/168 144/144
f 170/170 176/176 147/147
f 158/158 184/184 170/170
f 185/185 160/160 172/172
f 172/172 161/161 162/162
f 173/173 186/186 162/162
f 187/187 173/173 151/151
f 174/174 188/188 151/151
f 174/174 152/152 189/189
f 164/164 175/175 163/163
f 189/189 152/152 175/175
f 190/190 164/164 176/176
f 191/191 154/154 177/177
f 153/153 178/178 177/177
f 178/178 165/165 179/179
f 179/179 143/143 192/192
f 193/193 166/166 180/180
f 154/154 194/194 180/180
f 166/166 193/193 181/181
f 182/182 195/195 167/167
f 196/196 183/183 167/167
f 143/143 183/183 197/197
f 198/198 184/184 156/156
f 198/198 156/156 169/169
f 199/199 169/169 168/168
f 168/168 181/181 200/200
f 201/201 176/176 170/170
f 170/170 184/184 202/202
f 203/203 185/185 172/172
f 186/186 172/172 162/162
f 186/186 173/173 204/204
f 205/205 173/173 187/187
f 151/151 188/188 187/187
f 206/206 188/188 174/174
f 207/207 174/174 189/189
f 175/175 164/164 208/208
f 189/189 175/175 209/209
f 190/190 208/208 164/164
f 176/176 210/210 190/190
f 211/211 154/154 191/191
f 191/191 177/177 212/212
f 179/179 177/177 178/178
f 213/213 192/192 143/143
f 192/192 214/214 179/179
f 180/180 194/194 193/193
f 154/154 211/211 194/194
f 193/193 215/215 181/181
f 195/195 182/182 216/216
f 217/217 167/167 195/195
f 196/196 197/197 183/183
f 167/167 218/218 196/196
f 143/143 197/197 213/213
f 198/198 202/202 184/184
f 169/169 219/219 198/198
f 169/169 199/199 220/220
f 221/221 200/200 181/181
f 200/200 222/222 168/168
f 176/176 201/201 210/210
f 223/223 201/201 170/170
f 224/224 170/170 202/202
f 203/203 172/172 186/186
f 204/204 203/203 186/186
f 204/204 173/173 225/225
f 206/206 205/205 187/187
f 187/187 188/188 206/206
f 206/206 174/174 207/207
f 189/189 226/226 207/207
f 208/208 227/227 175/175
f 227/227 209/209 175/175
f 209/209 226/226 189/189
f 208/208 190/190 228/228
f 190/190 210/210 229/229
f 211/211 191/191 230/230
f 230/230 191/191 212/212
f 212/212 177/177 231/231
f 214/214 177/177 179/179
f 192/192 213/213 232/232
f 232/232 214/214 192/192
f 215/215 193/193 194/194
f 194/194 211/211 215/215
f 230/230 181/181 215/215
f 216/216 233/233 195/195
f 167/167 217/217 218/218
f 217/217 195/195 234/234
f 196/196 235/235 197/197
f 218/218 236/236 196/196
f 213/213 197/197 235/235
f 237/237 202/202 198/198
f 169/169 220/220 219/219
f 238/238 198/198 219/219
f 199/199 239/239 220/220
f 200/200 221/221 240/240
f 241/241 221/221 181/181
f 200/200 242/242 222/222
f 210/210 201/201 243/243
f 201/201 223/223 244/244
f 170/170 224/224 223/223
f 224/224 202/202 245/245
f 205/205 206/206 246/246
f 206/206 207/207 247/247
f 207/207 226/226 247/247
f 227/227 208/208 248/248
f 209/209 227/227 249/249
f 250/250 226/226 209/209
f 228/228 190/190 251/251
f 208/208 228/228 252/252
f 229/229 251/251 190/190
f 243/243 229/229 210/210
f 230/230 215/215 211/211
f 212/212 181/181 230/230
f 253/253 231/231 177/177
f 231/231 254/254 212/212
f 232/232 177/177 214/214
f 235/235 232/232 213/213
f 216/216 255/255 233/233
f 234/234 195/195 233/233
f 218/218 217/217 256/256
f 257/257 217/217 234/234
f 235/235 196/196 177/177
f 236/236 218/218 256/256
f 196/196 236/236 258/258
f 237/237 245/245 202/202
f 237/237 198/198 238/238
f 219/219 220/220 259/259
f 219/219 259/259 238/238
f 240/240 239/239 199/199
f 260/260 220/220 239/239
f 240/240 242/242 200/200
f 261/261 240/240 221/221
f 221/221 241/241 261/261
f 262/262 241/241 181/181
f 244/244 243/243 201/201
f 244/244 223/223 263/263
f 223/223 224/224 264/264
f 245/245 265/265 224/224
f 246/246 225/225 205/205
f 247/247 246/246 206/206
f 247/247 226/226 266/266
f 249/249 227/227 248/248
f 248/248 208/208 252/252
f 249/249 267/267 209/209
f 266/266 226/226 250/250
f 209/209 267/267 250/250
f 251/251 268/268 228/228
f 228/228 268/268 252/252
f 251/251 229/229 269/269
f 229/229 243/243 270/270
f 254/254 181/181 212/212
f 231/231 253/253 271/271
f 272/272 253/253 177/177
f 271/271 254/254 231/231
f 177/177 232/232 235/235
f 233/233 255/255 273/273
f 234/234 233/233 274/274
f 217/217 275/275 256/256
f 257/257 234/234 276/276
f 275/275 217/217 257/257
f 177/177 196/196 258/258
f 277/277 236/236 256/256
f 236/236 278/278 258/258
f 279/279 245/245 237/237
f 279/279 237/237 238/238
f 199/199 242/242 240/240
f 239/239 240/240 261/261
f 220/220 260/260 280/280
f 239/239 281/281 260/260
f 239/239 261/261 241/241
f 262/262 181/181 258/258
f 239/239 241/241 262/262
f 243/243 244/244 282/282
f 283/283 244/244 263/263
f 263/263 223/223 284/284
f 264/264 284/284 223/223
f 265/265 264/264 224/224
f 265/265 245/245 285/285
f 286/286 249/249 248/248
f 252/252 287/287 248/248
f 288/288 267/267 249/249
f 289/289 266/266 250/250
f 289/289 250/250 267/267
f 268/268 251/251 290/290
f 252/252 268/268 291/291
f 292/292 269/269 229/229
f 269/269 290/290 251/251
f 270/270 243/243 282/282
f 229/229 270/270 292/292
f 181/181 254/254 271/271
f 293/293 271/271 253/253
f 253/253 272/272 293/293
f 258/258 272/272 177/177
f 294/294 273/273 255/255
f 295/295 233/233 273/273
f 274/274 296/296 234/234
f 274/274 233/233 295/295
f 275/275 297/297 256/256
f 234/234 298/298 276/276
f 299/299 257/257 276/276
f 297/297 275/275 257/257
f 277/277 256/256 300/300
f 277/277 301/301 236/236
f 278/278 236/236 301/301
f 278/278 262/262 258/258
f 245/245 279/279 302/302
f 280/280 260/260 303/303
f 304/304 260/260 281/281
f 281/281 239/239 305/305
f 181/181 272/272 258/258
f 305/305 239/239 262/262
f 282/282 244/244 283/283
f 263/263 306/306 283/283
f 284/284 306/306 263/263
f 307/307 284/284 264/264
f 264/264 265/265 307/307
f 307/307 265/265 285/285
f 285/285 245/245 308/308
f 249/249 286/286 288/288
f 248/248 309/309 286/286
f 310/310 287/287 252/252
f 267/267 288/288 289/289
f 290/290 291/291 268/268
f 310/310 252/252 291/291
f 292/292 311/311 269/269
f 311/311 290/290 269/269
f 270/270 282/282 312/312
f 292/292 270/270 312/312
f 181/181 271/271 293/293
f 181/181 293/293 272/272
f 273/273 294/294 313/313
f 295/295 273/273 314/314
f 295/295 296/296 274/274
f 296/296 298/298 234/234
f 300/300 256/256 297/297
f 298/298 315/315 276/276
f 276/276 316/316 299/299
f 257/257 299/299 297/297
f 300/300 317/317 277/277
f 277/277 318/318 301/301
f 301/301 319/319 278/278
f 262/262 278/278 305/305
f 302/302 320/320 245/245
f 302/302 279/279 321/321
f 260/260 304/304 303/303
f 281/281 322/322 304/304
f 305/305 322/322 281/281
f 282/282 283/283 323/323
f 323/323 283/283 306/306
f 306/306 284/284 324/324
f 284/284 307/307 325/325
f 307/307 285/285 326/326
f 308/308 245/245 320/320
f 285/285 308/308 327/327
f 286/286 328/328 288/288
f 328/328 286/286 309/309
f 309/309 287/287 310/310
f 291/291 290/290 329/329
f 330/330 310/310 291/291
f 331/331 311/311 292/292
f 332/332 290/290 311/311
f 312/312 282/282 323/323
f 312/312 333/333 292/292
f 313/313 294/294 334/334
f 314/314 273/273 313/313
f 314/314 335/335 295/295
f 335/335 296/296 295/295
f 298/298 296/296 336/336
f 297/297 337/337 300/300
f 316/316 276/276 315/315
f 316/316 338/338 299/299
f 337/337 297/297 299/299
f 300/300 339/339 317/317
f 277/277 317/317 340/340
f 277/277 341/341 318/318
f 342/342 301/301 318/318
f 301/301 343/343 319/319
f 320/320 302/302 344/344
f 344/344 302/302 321/321
f 345/345 303/303 304/304
f 346/346 304/304 322/322
f 305/305 347/347 322/322
f 323/323 306/306 348/348
f 348/348 306/306 324/324
f 324/324 284/284 325/325
f 325/325 307/307 349/349
f 349/349 307/307 326/326
f 326/326 285/285 327/327
f 320/320 350/350 308/308
f 350/350 327/327 308/308
f 288/288 328/328 351/351
f 309/309 352/352 328/328
f 310/310 330/330 309/309
f 329/329 353/353 291/291
f 290/290 332/332 329/329
f 353/353 330/330 291/291
f 354/354 311/311 331/331
f 333/333 331/331 292/292
f 311/311 354/354 332/332
f 312/312 323/323 355/355
f 333/333 312/312 356/356
f 313/313 334/334 357/357
f 294/294 358/358 334/334
f 313/313 359/359 314/314
f 314/314 360/360 335/335
f 335/335 361/361 296/296
f 361/361 336/336 296/296
f 336/336 362/362 298/298
f 300/300 337/337 363/363
f 315/315 364/364 316/316
f 338/338 316/316 365/365
f 299/299 338/338 337/337
f 363/363 339/339 300/300
f 317/317 339/339 366/366
f 340/340 317/317 367/367
f 277/277 340/340 341/341
f 318/318 341/341 368/368
f 301/301 342/342 343/343
f 342/342 318/318 369/369
f 319/319 343/343 370/370
f 344/344 350/350 320/320
f 304/304 346/346 345/345
f 322/322 347/347 346/346
f 348/348 355/355 323/323
f 324/324 371/371 348/348
f 325/325 372/372 324/324
f 349/349 373/373 325/325
f 349/349 326/326 374/374
f 326/326 327/327 375/375
f 327/327 350/350 376/376
f 328/328 352/352 377/377
f 352/352 309/309 353/353
f 353/353 309/309 330/330
f 378/378 353/353 329/329
f 332/332 378/378 329/329
f 331/331 379/379 354/354
f 379/379 331/331 333/333
f 332/332 354/354 380/380
f 355/355 356/356 312/312
f 381/381 333/333 356/356
f 382/382 357/357 334/334
f 357/357 383/383 313/313
f 334/334 358/358 382/382
f 383/383 359/359 313/313
f 359/359 360/360 314/314
f 360/360 361/361 335/335
f 384/384 298/298 362/362
f 337/337 385/385 363/363
f 316/316 364/364 365/365
f 365/365 385/385 338/338
f 338/338 385/385 337/337
f 339/339 363/363 386/386
f 366/366 339/339 386/386
f 366/366 387/387 317/317
f 317/317 387/387 367/367
f 367/367 388/388 340/340
f 340/340 389/389 341/341
f 368/368 341/341 390/390
f 368/368 391/391 318/318
f 343/343 342/342 392/392
f 369/369 318/318 393/393
f 342/342 369/369 394/394
f 370/370 343/343 395/395
f 346/346 396/396 345/345
f 396/396 346/346 347/347
f 348/348 397/397 355/355
f 371/371 397/397 348/348
f 372/372 371/371 324/324
f 398/398 372/372 325/325
f 373/373 398/398 325/325
f 373/373 349/349 399/399
f 375/375 374/374 326/326
f 374/374 399/399 349/349
f 375/375 327/327 376/376
f 376/376 350/350 400/400
f 377/377 352/352 401/401
f 352/352 353/353 401/401
f 401/401 353/353 378/378
f 402/402 378/378 332/332
f 354/354 379/379 380/380
f 333/333 381/381 379/379
f 380/380 402/402 332/332
f 355/355 403/403 356/356
f 356/356 403/403 381/381
f 363/363 385/385 404/404
f 404/404 386/386 363/363
f 386/386 387/387 366/366
f 367/367 387/387 405/405
f 389/389 340/340 388/388
f 388/388 367/367 406/406
f 389/389 407/407 341/341
f 341/341 407/407 390/390
f 390/390 391/391 368/368
f 391/391 393/393 318/318
f 392/392 342/342 394/394
f 343/343 392/392 408/408
f 369/369 393/393 394/394
f 395/395 343/343 408/408
f 395/395 409/409 370/370
f 397/397 403/403 355/355
f 397/397 371/371 410/410
f 411/411 371/371 372/372
f 412/412 372/372 398/398
f 413/413 398/398 373/373
f 414/414 373/373 399/399
f 375/375 415/415 374/374
f 374/374 414/414 399/399
f 376/376 416/416 375/375
f 400/400 350/350 417/417
f 400/400 418/418 376/376
f 419/419 378/378 402/402
f 380/380 379/379 420/420
f 420/420 379/379 381/381
f 402/402 380/380 419/419
f 381/381 403/403 421/421
f 385/385 422/422 404/404
f 404/404 423/423 386/386
f 386/386 424/424 387/387
f 387/387 424/424 405/405
f 405/405 406/406 367/367
f 388/388 407/407 389/389
f 406/406 425/425 388/388
f 390/390 407/407 426/426
f 390/390 427/427 391/391
f 393/393 391/391 428/428
f 394/394 429/429 392/392
f 392/392 429/429 408/408
f 394/394 393/393 430/430
f 408/408 409/409 395/395
f 370/370 409/409 431/431
f 403/403 397/397 421/421
f 421/421 397/397 410/410
f 410/410 371/371 411/411
f 411/411 372/372 412/412
f 398/398 413/413 412/412
f 373/373 414/414 413/413
f 415/415 414/414 374/374
f 416/416 415/415 375/375
f 418/418 416/416 376/376
f 417/417 418/418 400/400
f 380/380 420/420 432/432
f 421/421 420/420 381/381
f 432/432 419/419 380/380
f 385/385 433/433 422/422
f 404/404 422/422 434/434
f 423/423 404/404 434/434
f 423/423 424/424 386/386
f 405/405 424/424 435/435
f 435/435 406/406 405/405
f 388/388 425/425 407/407
f 436/436 425/425 406/406
f 407/407 425/425 426/426
f 426/426 427/427 390/390
f 427/427 428/428 391/391
f 430/430 393/393 428/428
f 394/394 437/437 429/429
f 408/408 429/429 438/438
f 430/430 437/437 394/394
f 409/409 408/408 439/439
f 431/431 409/409 439/439
f 410/410 420/420 421/421
f 410/410 411/411 440/440
f 411/411 412/412 440/440
f 412/412 413/413 440/440
f 414/414 441/441 413/413
f 414/414 415/415 442/442
f 415/415 416/416 442/442
f 443/443 416/416 418/418
f 444/444 418/418 417/417
f 420/420 410/410 432/432
f 445/445 433/433 385/385
f 423/423 434/434 446/446
f 446/446 424/424 423/423
f 447/447 435/435 424/424
f 406/406 435/435 447/447
f 447/447 436/436 406/406
f 425/425 436/436 427/427
f 426/426 425/425 427/427
f 428/428 427/427 448/448
f 428/428 437/437 430/430
f 429/429 437/437 438/438
f 438/438 449/449 408/408
f 408/408 449/449 439/439
f 410/410 440/440 432/432
f 413/413 441/441 440/440
f 442/442 441/441 414/414
f 442/442 416/416 450/450
f 450/450 416/416 443/443
f 443/443 418/418 451/451
f 451/451 418/418 444/444
f 433/433 445/445 452/452
f 434/434 453/453 446/446
f 454/454 424/424 446/446
f 424/424 454/454 447/447
f 427/427 436/436 448/448
f 428/428 448/448 455/455
f 455/455 437/437 428/428
f 437/437 449/449 438/438
f 450/450 441/441 442/442
f 450/450 443/443 456/456
f 443/443 451/451 456/456
f 444/444 457/457 451/451
f 446/446 453/453 458/458
f 454/454 446/446 458/458
f 454/454 459/459 447/447
f 460/460 448/448 436/436
f 461/461 455/455 448/448
f 455/455 449/449 437/437
f 451/451 457/457 456/456
f 459/459 454/454 458/458
f 461/461 448/448 460/460
f 462/462 455/455 461/461
f 463/463 459/459 458/458
f 464/464 462/462 461/461
f 461/461 465/465 464/464
f 464/464 466/466 462/462
f 467/467 466/466 464/464
f 466/466 468/468 462/462
f 467/467 469/469 466/466
f 470/470 468/468 466/466
f 466/466 469/469 470/470
f 471/471 469/469 467/467
f 468/468 470/470 472/472
f 469/469 473/473 470/470
f 474/474 469/469 471/471
f 475/475 472/472 470/470
f 472/472 476/476 468/468
f 470/470 473/473 475/475
f 472/472 475/475 477/477
f 476/476 472/472 478/478
f 479/479 475/475 473/473
f 477/477 475/475 480/480
f 472/472 477/477 478/478
f 475/475 479/479 481/481
f 475/475 481/481 480/480
f 477/477 480/480 482/482
f 478/478 477/477 482/482
f 479/479 483/483 481/481
f 480/480 481/481 484/484
f 482/482 480/480 485/485
f 481/481 483/483 486/486
f 481/481 486/486 484/484
f 480/480 484/484 485/485
f 483/483 487/487 486/486
f 484/484 486/486 488/488
f 484/484 488/488 485/485
f 486/486 487/487 489/489
f 486/486 489/489 488/488
f 487/487 490/490 489/489
f 491/491 488/488 489/489
f 490/490 492/492 489/489
f 489/489 492/492 491/491
f 492/492 490/490 493/493
f 492/492 494/494 491/491
f 493/493 490/490 495/495
f 493/493 496/496 492/492
f 492/492 496/496 494/494
f 491/491 494/494 497/497
f 498/498 495/495 490/490
f 495/495 499/499 493/493
f 496/496 493/493 499/499
f 494/494 496/496 500/500
f 494/494 500/500 497/497
f 491/491 497/497 501/501
f 499/499 502/502 496/496
f 503/503 500/500 496/496
f 497/497 500/500 504/504
f 497/497 504/504 501/501
f 502/502 505/505 496/496
f 496/496 506/506 503/503
f 500/500 503/503 507/507
f 507/507 504/504 500/500
f 496/496 505/505 506/506
f 508/508 503/503 506/506
f 509/509 507/507 503/503
f 504/504 507/507 510/510
f 503/503 508/508 509/509
f 507/507 509/509 511/511
f 511/511 510/510 507/507
f 512/512 509/509 508/508
f 512/512 511/511 509/509
f 508/508 513/513 512/512
f 513/513 514/514 512/512
f 3414/4624 512/512 514/514
f 3415/4625 3414/4624 514/514
f 3415/4626 514/514 515/515
f 3416/4627 3415/4626 515/515
f 512/512 3414/4628 3417/4629
f 3416/4630 515/515 516/516
f 3418/4631 3416/4630 516/516
f 516/516 3419/4632 3418/4633
f 516/516 3420/4634 3419/4635
f 516/516 3421/4636 3420/4637
f 516/516 3422/4638 3421/4639
f 3422/4640 516/516 517/517
f 3423/4641 3422/4640 517/517
f 3423/4642 517/517 518/518
f 3424/4643 3423/4642 518/518
f 517/517 519/519 518/518
f 518/518 3425/4644 3424/4645
f 518/518 519/519 520/520
f 3425/4646 518/518 520/520
f 3426/4647 3425/4646 520/520
f 520/520 3427/4648 3426/4649
f 520/520 3428/4650 3427/4651
f 3428/4652 520/520 521/521
f 3429/4653 3428/4652 521/521
f 3429/4654 521/521 522/522
f 3430/4655 3429/4654 522/522
f 522/522 3431/4656 3430/4657
f 3431/4658 522/522 523/523
f 3432/4659 3431/4658 523/523
f 523/523 3433/4660 3432/4661
f 523/523 522/522 524/524
f 523/523 3434/4662 3433/4663
f 524/524 525/525 523/523
f 3434/4664 523/523 525/525
f 3435/4665 3434/4664 525/525
f 525/525 3436/4666 3435/4667
f 3436/4668 525/525 526/526
f 3437/4669 3436/4668 526/526
f 526/526 525/525 527/527
f 526/526 3438/4670 3437/4671
f 527/527 528/528 526/526
f 526/526 3439/4672 3438/4673
f 527/527 529/529 528/528
f 3440/4674 526/526 528/528
f 3441/4675 3440/4674 528/528
f 526/526 3440/4676 3439/4677
f 530/530 528/528 529/529
f 3441/4678 528/528 531/531
f 3442/4679 3441/4678 531/531
f 531/531 528/528 530/530
f 531/531 3443/4680 3442/4681
f 531/531 3444/4682 3443/4683
f 532/532 3203/4208 3204/4209
f 533/533 3205/4210 3206/4211
f 534/534 3207/4212 3208/4213
f 535/535 3209/4214 3210/4215
f 536/536 3211/4216 3212/4217
f 3213/4218 537/537 532/532
f 3204/4219 3213/4218 532/532
f 3203/4220 532/532 533/533
f 3206/4221 3203/4220 533/533
f 3205/4222 533/533 534/534
f 3208/4223 3205/4222 534/534
f 3207/4224 534/534 535/535
f 3210/4225 3207/4224 535/535
f 3209/4226 535/535 536/536
f 3212/4227 3209/4226 536/536
f 3211/4228 536/536 538/538
f 3214/4229 3211/4228 538/538
f 538/538 3215/4230 3214/4231
f 532/532 537/537 539/539
f 533/533 532/532 540/540
f 534/534 533/533 541/541
f 535/535 534/534 542/542
f 536/536 535/535 542/542
f 538/538 536/536 542/542
f 3215/4232 538/538 543/543
f 3216/4233 3215/4232 543/543
f 543/543 3217/4234 3216/4235
f 539/539 540/540 532/532
f 541/541 533/533 540/540
f 542/542 534/534 541/541
f 544/544 538/538 542/542
f 543/543 538/538 544/544
f 3217/4236 543/543 545/545
f 3218/4237 3217/4236 545/545
f 540/540 539/539 546/546
f 541/541 540/540 547/547
f 541/541 548/548 542/542
f 548/548 544/544 542/542
f 544/544 549/549 543/543
f 545/545 3219/4238 3218/4239
f 550/550 3220/4240 3221/4241
f 545/545 543/543 549/549
f 546/546 547/547 540/540
f 548/548 541/541 547/547
f 548/548 551/551 544/544
f 544/544 552/552 549/549
f 3219/4242 545/545 550/550
f 3221/4243 3219/4242 550/550
f 3220/4244 550/550 553/553
f 3222/4245 3220/4244 553/553
f 549/549 554/554 545/545
f 547/547 546/546 555/555
f 556/556 548/548 547/547
f 548/548 557/557 551/551
f 552/552 544/544 551/551
f 554/554 549/549 552/552
f 550/550 545/545 554/554
f 553/553 550/550 558/558
f 3222/4246 553/553 559/559
f 3223/4247 3222/4246 559/559
f 559/559 3224/4248 3223/4249
f 560/560 555/555 546/546
f 555/555 556/556 547/547
f 556/556 561/561 548/548
f 557/557 548/548 561/561
f 562/562 551/551 557/557
f 551/551 562/562 552/552
f 558/558 554/554 552/552
f 554/554 558/558 550/550
f 563/563 553/553 558/558
f 559/559 553/553 563/563
f 559/559 3225/4250 3224/4251
f 560/560 564/564 555/555
f 556/556 555/555 564/564
f 564/564 561/561 556/556
f 557/557 561/561 565/565
f 558/558 552/552 562/562
f 558/558 566/566 563/563
f 567/567 559/559 563/563
f 3225/4252 559/559 568/568
f 3226/4253 3225/4252 568/568
f 569/569 564/564 560/560
f 564/564 570/570 561/561
f 561/561 570/570 565/565
f 557/557 565/565 570/570
f 571/571 558/558 562/562
f 566/566 558/558 571/571
f 566/566 572/572 563/563
f 568/568 559/559 567/567
f 563/563 572/572 567/567
f 3226/4254 568/568 573/573
f 3227/4255 3226/4254 573/573
f 569/569 574/574 564/564
f 575/575 570/570 564/564
f 570/570 576/576 557/557
f 571/571 562/562 577/577
f 578/578 566/566 571/571
f 572/572 566/566 578/578
f 573/573 568/568 567/567
f 572/572 579/579 567/567
f 573/573 3228/4256 3227/4257
f 564/564 574/574 580/580
f 564/564 580/580 575/575
f 570/570 575/575 581/581
f 576/576 570/570 582/582
f 583/583 571/571 577/577
f 571/571 583/583 578/578
f 579/579 572/572 578/578
f 584/584 573/573 567/567
f 584/584 567/567 579/579
f 3228/4258 573/573 585/585
f 3229/4259 3228/4258 585/585
f 574/574 586/586 580/580
f 587/587 575/575 580/580
f 581/581 575/575 587/587
f 570/570 581/581 588/588
f 582/582 570/570 589/589
f 582/582 590/590 576/576
f 583/583 577/577 591/591
f 578/578 583/583 579/579
f 585/585 573/573 584/584
f 584/584 579/579 592/592
f 585/585 3230/4260 3229/4261
f 580/580 586/586 589/589
f 586/586 574/574 593/593
f 594/594 587/587 580/580
f 587/587 594/594 581/581
f 588/588 581/581 594/594
f 570/570 588/588 589/589
f 589/589 595/595 582/582
f 590/590 582/582 595/595
f 590/590 596/596 576/576
f 583/583 591/591 579/579
f 597/597 585/585 584/584
f 592/592 598/598 584/584
f 579/579 599/599 592/592
f 3230/4262 585/585 597/597
f 3231/4263 3230/4262 597/597
f 586/586 595/595 589/589
f 600/600 580/580 589/589
f 601/601 593/593 574/574
f 602/602 586/586 593/593
f 600/600 594/594 580/580
f 594/594 600/600 588/588
f 589/589 588/588 600/600
f 595/595 603/603 590/590
f 596/596 590/590 603/603
f 596/596 604/604 576/576
f 579/579 591/591 599/599
f 598/598 597/597 584/584
f 605/605 598/598 592/592
f 592/592 599/599 605/605
f 597/597 3232/4264 3231/4265
f 595/595 586/586 603/603
f 601/601 606/606 593/593
f 607/607 602/602 593/593
f 603/603 604/604 596/596
f 604/604 586/586 576/576
f 597/597 598/598 608/608
f 605/605 609/609 598/598
f 597/597 3233/4266 3232/4267
f 586/586 604/604 603/603
f 606/606 601/601 610/610
f 606/606 607/607 593/593
f 607/607 611/611 602/602
f 3233/4268 597/597 608/608
f 3234/4269 3233/4268 608/608
f 598/598 609/609 608/608
f 612/612 610/610 601/601
f 607/607 606/606 610/610
f 611/611 607/607 613/613
f 3234/4270 608/608 614/614
f 3235/4271 3234/4270 614/614
f 608/608 609/609 615/615
f 614/614 3236/4272 3235/4273
f 612/612 601/601 616/616
f 612/612 617/617 610/610
f 610/610 618/618 607/607
f 619/619 613/613 607/607
f 613/613 620/620 611/611
f 615/615 614/614 608/608
f 621/621 612/612 616/616
f 622/622 617/617 612/612
f 617/617 623/623 610/610
f 607/607 618/618 624/624
f 623/623 618/618 610/610
f 607/607 624/624 619/619
f 613/613 619/619 625/625
f 620/620 613/613 626/626
f 620/620 627/627 611/611
f 628/628 621/621 616/616
f 612/612 621/621 629/629
f 612/612 630/630 622/622
f 617/617 622/622 631/631
f 623/623 617/617 631/631
f 618/618 632/632 624/624
f 623/623 633/633 618/618
f 624/624 632/632 619/619
f 632/632 625/625 619/619
f 625/625 626/626 613/613
f 626/626 627/627 620/620
f 627/627 634/634 611/611
f 628/628 616/616 635/635
f 636/636 621/621 628/628
f 621/621 636/636 629/629
f 630/630 612/612 629/629
f 637/637 622/622 630/630
f 622/622 638/638 631/631
f 631/631 639/639 623/623
f 618/618 640/640 632/632
f 623/623 641/641 633/633
f 618/618 633/633 642/642
f 625/625 632/632 626/626
f 626/626 643/643 627/627
f 627/627 643/643 634/634
f 635/635 616/616 644/644
f 635/635 645/645 628/628
f 628/628 646/646 636/636
f 647/647 629/629 636/636
f 629/629 648/648 630/630
f 649/649 637/637 630/630
f 650/650 622/622 637/637
f 622/622 651/651 638/638
f 638/638 652/652 631/631
f 631/631 653/653 639/639
f 623/623 639/639 641/641
f 654/654 640/640 618/618
f 640/640 655/655 632/632
f 641/641 656/656 633/633
f 633/633 657/657 642/642
f 618/618 642/642 654/654
f 626/626 632/632 643/643
f 634/634 643/643 658/658
f 659/659 3237/4274 3238/4275
f 645/645 635/635 644/644
f 646/646 628/628 645/645
f 660/660 636/636 646/646
f 629/629 647/647 648/648
f 636/636 660/660 647/647
f 630/630 648/648 649/649
f 637/637 649/649 661/661
f 650/650 637/637 662/662
f 650/650 651/651 622/622
f 638/638 651/651 663/663
f 664/664 652/652 638/638
f 652/652 665/665 631/631
f 631/631 665/665 653/653
f 653/653 666/666 639/639
f 639/639 667/667 641/641
f 654/654 668/668 640/640
f 640/640 669/669 655/655
f 632/632 655/655 670/670
f 671/671 656/656 641/641
f 633/633 656/656 672/672
f 633/633 672/672 657/657
f 657/657 668/668 642/642
f 642/642 668/668 654/654
f 643/643 632/632 673/673
f 658/658 643/643 674/674
f 658/658 675/675 634/634
f 659/659 3238/4276 3239/4277
f 648/648 647/647 676/676
f 660/660 677/677 647/647
f 678/678 649/649 648/648
f 678/678 661/661 649/649
f 661/661 662/662 637/637
f 662/662 679/679 650/650
f 650/650 680/680 651/651
f 651/651 681/681 663/663
f 663/663 664/664 638/638
f 664/664 682/682 652/652
f 652/652 683/683 665/665
f 665/665 684/684 653/653
f 653/653 684/684 666/666
f 639/639 666/666 667/667
f 641/641 667/667 671/671
f 640/640 668/668 669/669
f 669/669 685/685 655/655
f 655/655 686/686 670/670
f 632/632 670/670 673/673
f 687/687 656/656 671/671
f 672/672 656/656 688/688
f 657/657 672/672 689/689
f 657/657 690/690 668/668
f 674/674 643/643 673/673
f 674/674 691/691 658/658
f 691/691 675/675 658/658
f 692/692 676/676 647/647
f 676/676 678/678 648/648
f 647/647 677/677 693/693
f 661/661 678/678 694/694
f 661/661 695/695 662/662
f 662/662 695/695 679/679
f 650/650 679/679 680/680
f 680/680 696/696 651/651
f 651/651 696/696 681/681
f 681/681 697/697 663/663
f 698/698 664/664 663/663
f 664/664 698/698 682/682
f 652/652 682/682 683/683
f 665/665 683/683 684/684
f 666/666 684/684 699/699
f 667/667 666/666 700/700
f 671/671 667/667 700/700
f 668/668 701/701 669/669
f 669/669 701/701 685/685
f 655/655 685/685 686/686
f 670/670 686/686 702/702
f 670/670 703/703 673/673
f 656/656 687/687 704/704
f 700/700 687/687 671/671
f 704/704 688/688 656/656
f 688/688 705/705 672/672
f 689/689 672/672 706/706
f 657/657 689/689 690/690
f 668/668 690/690 707/707
f 673/673 691/691 674/674
f 691/691 708/708 675/675
f 676/676 692/692 709/709
f 693/693 692/692 647/647
f 676/676 709/709 678/678
f 693/693 677/677 710/710
f 695/695 661/661 694/694
f 711/711 694/694 678/678
f 695/695 712/712 679/679
f 679/679 713/713 680/680
f 680/680 714/714 696/696
f 681/681 696/696 715/715
f 716/716 697/697 681/681
f 697/697 698/698 663/663
f 682/682 698/698 717/717
f 683/683 682/682 718/718
f 684/684 683/683 699/699
f 699/699 719/719 666/666
f 700/700 666/666 720/720
f 668/668 707/707 701/701
f 701/701 721/721 685/685
f 686/686 685/685 722/722
f 702/702 686/686 723/723
f 670/670 702/702 703/703
f 673/673 703/703 691/691
f 724/724 704/704 687/687
f 725/725 687/687 700/700
f 688/688 704/704 726/726
f 705/705 688/688 727/727
f 705/705 706/706 672/672
f 728/728 689/689 706/706
f 690/690 689/689 728/728
f 690/690 729/729 707/707
f 691/691 703/703 708/708
f 675/675 708/708 730/730
f 692/692 731/731 709/709
f 710/710 692/692 693/693
f 678/678 709/709 732/732
f 710/710 677/677 733/733
f 694/694 734/734 695/695
f 694/694 711/711 734/734
f 732/732 711/711 678/678
f 695/695 734/734 712/712
f 679/679 712/712 713/713
f 680/680 713/713 714/714
f 696/696 714/714 735/735
f 735/735 715/715 696/696
f 681/681 715/715 716/716
f 697/697 716/716 736/736
f 698/698 697/697 737/737
f 737/737 717/717 698/698
f 717/717 718/718 682/682
f 718/718 699/699 683/683
f 738/738 719/719 699/699
f 720/720 666/666 719/719
f 720/720 725/725 700/700
f 707/707 739/739 701/701
f 701/701 739/739 721/721
f 685/685 721/721 740/740
f 685/685 740/740 722/722
f 723/723 686/686 722/722
f 741/741 702/702 723/723
f 703/703 702/702 741/741
f 687/687 725/725 724/724
f 704/704 724/724 742/742
f 726/726 704/704 742/742
f 727/727 688/688 726/726
f 706/706 705/705 727/727
f 728/728 706/706 727/727
f 729/729 690/690 728/728
f 707/707 729/729 739/739
f 703/703 743/743 708/708
f 708/708 744/744 730/730
f 745/745 731/731 692/692
f 731/731 746/746 709/709
f 747/747 692/692 710/710
f 748/748 710/710 733/733
f 734/734 711/711 749/749
f 712/712 734/734 750/750
f 713/713 712/712 751/751
f 714/714 713/713 752/752
f 752/752 735/735 714/714
f 715/715 735/735 753/753
f 716/716 715/715 754/754
f 736/736 716/716 754/754
f 736/736 737/737 697/697
f 717/717 737/737 755/755
f 718/718 717/717 756/756
f 699/699 718/718 757/757
f 719/719 738/738 758/758
f 738/738 699/699 757/757
f 720/720 719/719 758/758
f 725/725 720/720 759/759
f 721/721 739/739 760/760
f 740/740 721/721 761/761
f 722/722 740/740 762/762
f 722/722 763/763 723/723
f 723/723 764/764 741/741
f 741/741 743/743 703/703
f 759/759 724/724 725/725
f 724/724 759/759 742/742
f 742/742 765/765 726/726
f 727/727 726/726 765/765
f 766/766 728/728 727/727
f 729/729 728/728 767/767
f 729/729 760/760 739/739
f 708/708 743/743 744/744
f 768/768 3240/4278 3241/4279
f 745/745 692/692 769/769
f 770/770 731/731 745/745
f 771/771 746/746 731/731
f 769/769 692/692 747/747
f 747/747 710/710 772/772
f 772/772 710/710 748/748
f 750/750 734/734 749/749
f 751/751 712/712 750/750
f 751/751 752/752 713/713
f 735/735 752/752 773/773
f 773/773 753/753 735/735
f 753/753 754/754 715/715
f 754/754 774/774 736/736
f 737/737 736/736 774/774
f 755/755 737/737 774/774
f 755/755 756/756 717/717
f 756/756 757/757 718/718
f 758/758 738/738 757/757
f 758/758 759/759 720/720
f 760/760 761/761 721/721
f 761/761 762/762 740/740
f 722/722 762/762 775/775
f 763/763 722/722 776/776
f 763/763 764/764 723/723
f 764/764 743/743 741/741
f 742/742 759/759 777/777
f 765/765 742/742 777/777
f 778/778 727/727 765/765
f 767/767 728/728 766/766
f 766/766 727/727 778/778
f 760/760 729/729 767/767
f 768/768 3242/4280 3240/4281
f 3243/4282 779/779 768/768
f 3241/4283 3243/4282 768/768
f 731/731 770/770 771/771
f 750/750 749/749 780/780
f 750/750 780/780 751/751
f 752/752 751/751 781/781
f 781/781 773/773 752/752
f 753/753 773/773 782/782
f 754/754 753/753 783/783
f 774/774 754/754 783/783
f 774/774 784/784 755/755
f 756/756 755/755 784/784
f 757/757 756/756 784/784
f 758/758 757/757 777/777
f 758/758 777/777 759/759
f 761/761 760/760 785/785
f 762/762 761/761 786/786
f 786/786 775/775 762/762
f 776/776 722/722 775/775
f 776/776 787/787 763/763
f 764/764 763/763 787/787
f 743/743 764/764 788/788
f 765/765 777/777 789/789
f 778/778 765/765 790/790
f 767/767 766/766 778/778
f 767/767 785/785 760/760
f 3242/4284 768/768 791/791
f 3244/4285 3242/4284 791/791
f 768/768 779/779 792/792
f 791/791 3245/4286 3244/4287
f 780/780 749/749 793/793
f 751/751 780/780 781/781
f 773/773 781/781 794/794
f 782/782 773/773 795/795
f 783/783 753/753 782/782
f 774/774 783/783 796/796
f 784/784 774/774 796/796
f 777/777 757/757 784/784
f 785/785 786/786 761/761
f 775/775 786/786 797/797
f 776/776 775/775 798/798
f 787/787 776/776 799/799
f 787/787 788/788 764/764
f 790/790 765/765 789/789
f 800/800 767/767 778/778
f 767/767 800/800 785/785
f 791/791 768/768 792/792
f 791/791 3246/4288 3245/4289
f 801/801 3247/4290 3248/4291
f 802/802 780/780 793/793
f 781/781 780/780 803/803
f 804/804 794/794 781/781
f 794/794 795/795 773/773
f 782/782 795/795 805/805
f 783/783 782/782 796/796
f 784/784 796/796 806/806
f 777/777 784/784 807/807
f 786/786 785/785 800/800
f 797/797 786/786 800/800
f 798/798 775/775 797/797
f 799/799 776/776 798/798
f 788/788 787/787 799/799
f 808/808 800/800 778/778
f 3246/4292 791/791 809/809
f 3249/4293 3246/4292 809/809
f 801/801 3248/4294 3250/4295
f 803/803 780/780 802/802
f 802/802 793/793 810/810
f 781/781 803/803 804/804
f 796/796 782/782 805/805
f 811/811 784/784 806/806
f 807/807 784/784 811/811
f 800/800 812/812 797/797
f 798/798 797/797 812/812
f 799/799 798/798 813/813
f 814/814 788/788 799/799
f 812/812 800/800 808/808
f 3249/4296 809/809 801/801
f 3250/4297 3249/4296 801/801
f 803/803 802/802 810/810
f 810/810 804/804 803/803
f 812/812 808/808 798/798
f 813/813 798/798 808/808
f 815/815 799/799 813/813
f 814/814 799/799 815/815
f 807/816 816/817 777/818
f 789/819 777/818 816/817
f 816/817 817/820 789/819
f 817/820 816/817 818/821
f 819/822 789/819 817/820
f 818/821 820/823 817/820
f 790/824 789/819 819/822
f 819/822 817/820 820/823
f 820/823 818/821 821/825
f 790/824 819/822 778/826
f 822/827 819/822 820/823
f 821/825 823/828 820/823
f 824/829 778/826 819/822
f 824/829 819/822 822/827
f 820/823 825/830 822/827
f 821/825 826/831 823/828
f 825/830 820/823 823/828
f 808/832 778/826 824/829
f 824/829 822/827 827/833
f 827/833 822/827 825/830
f 828/834 823/828 826/831
f 829/835 825/830 823/828
f 813/836 808/832 824/829
f 830/837 824/829 827/833
f 825/830 831/838 827/833
f 823/828 828/834 829/835
f 828/834 826/831 832/839
f 831/838 825/830 829/835
f 813/836 824/829 830/837
f 827/833 833/840 830/837
f 831/838 833/840 827/833
f 829/835 828/834 832/839
f 832/839 826/831 834/841
f 835/842 831/838 829/835
f 836/843 830/837 833/840
f 833/840 831/838 835/842
f 829/835 832/839 837/844
f 834/841 838/845 832/839
f 829/835 837/844 835/842
f 836/843 833/840 839/846
f 839/846 833/840 835/842
f 837/844 832/839 840/847
f 840/847 832/839 838/845
f 839/846 835/842 837/844
f 839/846 841/848 836/843
f 841/848 837/844 840/847
f 840/847 838/845 842/849
f 841/848 839/846 837/844
f 843/850 836/843 841/848
f 840/847 844/851 841/848
f 844/851 840/847 842/849
f 845/852 836/843 843/850
f 844/851 843/850 841/848
f 842/849 846/853 844/851
f 847/854 845/852 843/850
f 848/855 843/850 844/851
f 848/855 844/851 846/853
f 846/853 842/849 849/856
f 850/857 847/854 843/850
f 843/850 848/855 850/857
f 851/858 848/855 846/853
f 846/853 849/856 852/859
f 850/857 853/860 847/854
f 854/861 850/857 848/855
f 854/861 848/855 851/858
f 851/858 846/853 852/859
f 855/862 852/859 849/856
f 856/863 853/860 850/857
f 850/857 854/861 857/864
f 851/858 858/865 854/861
f 851/858 852/859 859/866
f 852/859 855/862 860/867
f 861/868 856/863 850/857
f 857/864 861/868 850/857
f 858/865 857/864 854/861
f 858/865 851/858 859/866
f 860/867 859/866 852/859
f 862/869 860/867 855/862
f 856/863 861/868 863/870
f 861/868 857/864 864/871
f 865/872 857/864 858/865
f 866/873 858/865 859/866
f 867/874 859/866 860/867
f 868/875 860/867 862/869
f 864/871 863/870 861/868
f 865/872 864/871 857/864
f 869/876 865/872 858/865
f 858/865 866/873 870/877
f 866/873 859/866 867/874
f 867/874 860/867 868/875
f 871/878 868/875 862/869
f 872/879 864/871 865/872
f 873/880 865/872 869/876
f 858/865 870/877 869/876
f 874/881 870/877 866/873
f 875/882 866/873 867/874
f 868/875 876/883 867/874
f 871/878 877/884 868/875
f 878/885 872/879 865/872
f 865/872 873/880 878/885
f 879/886 873/880 869/876
f 880/887 869/876 870/877
f 870/877 874/881 880/887
f 874/881 866/873 875/882
f 881/888 875/882 867/874
f 868/875 877/884 876/883
f 882/889 867/874 876/883
f 871/878 883/890 877/884
f 884/891 878/885 873/880
f 885/892 873/880 879/886
f 869/876 880/887 879/886
f 886/893 880/887 874/881
f 887/894 874/881 875/882
f 875/882 881/888 887/894
f 881/888 867/874 882/889
f 876/883 877/884 882/889
f 883/890 888/895 877/884
f 873/880 885/892 884/891
f 889/896 885/892 879/886
f 879/886 880/887 889/896
f 890/897 880/887 886/893
f 874/881 891/898 886/893
f 892/899 874/881 887/894
f 893/900 887/894 881/888
f 894/901 881/888 882/889
f 877/884 895/902 882/889
f 895/902 877/884 888/895
f 889/896 884/891 885/892
f 889/896 880/887 890/897
f 896/903 890/897 886/893
f 891/898 874/881 892/899
f 891/898 897/904 886/893
f 898/905 892/899 887/894
f 887/894 893/900 898/905
f 893/900 881/888 894/901
f 894/901 882/889 895/902
f 888/895 899/906 895/902
f 900/907 884/891 889/896
f 896/903 889/896 890/897
f 886/893 897/904 896/903
f 898/905 891/898 892/899
f 891/898 898/905 897/904
f 893/900 894/901 901/908
f 895/902 902/909 894/901
f 888/895 903/910 899/906
f 902/909 895/902 899/906
f 897/904 898/905 896/903
f 901/908 894/901 902/909
f 904/911 899/906 903/910
f 904/911 902/909 899/906
f 557/912 905/913 562/914
f 905/913 557/912 906/915
f 562/914 905/913 577/916
f 557/912 576/917 906/915
f 907/918 905/913 906/915
f 905/913 908/919 577/916
f 576/917 909/920 906/915
f 907/918 910/921 905/913
f 906/915 909/920 907/918
f 908/919 905/913 911/922
f 577/916 908/919 591/923
f 909/920 576/917 912/924
f 910/921 907/918 909/920
f 910/921 913/925 905/913
f 911/922 905/913 914/926
f 911/922 915/927 908/919
f 591/923 908/919 916/928
f 576/917 917/929 912/924
f 909/920 912/924 910/921
f 913/925 910/921 912/924
f 913/925 918/930 905/913
f 918/930 914/926 905/913
f 914/926 576/917 911/922
f 919/931 908/919 915/927
f 911/922 920/932 915/927
f 921/933 591/923 916/928
f 908/919 919/931 916/928
f 917/929 576/917 914/926
f 912/924 917/929 913/925
f 918/930 913/925 917/929
f 917/929 914/926 918/930
f 576/917 586/934 911/922
f 922/935 919/931 915/927
f 920/932 911/922 923/936
f 915/927 920/932 924/937
f 591/923 921/933 599/938
f 925/939 921/933 916/928
f 919/931 926/940 916/928
f 911/922 586/934 923/936
f 926/940 919/931 922/935
f 922/935 915/927 927/941
f 920/932 923/936 928/942
f 929/943 915/927 924/937
f 920/932 930/944 924/937
f 931/945 599/938 921/933
f 931/945 921/933 925/939
f 916/928 926/940 925/939
f 923/936 586/934 932/946
f 926/940 922/935 933/947
f 927/941 931/945 922/935
f 915/927 929/943 927/941
f 923/936 934/948 928/942
f 928/942 935/949 920/932
f 924/937 936/950 929/943
f 930/944 920/932 937/951
f 924/937 930/944 938/952
f 925/939 933/947 931/945
f 933/947 925/939 926/940
f 586/934 939/953 932/946
f 932/946 940/954 923/936
f 922/935 931/945 933/947
f 927/941 929/943 941/955
f 923/936 942/956 934/948
f 928/942 934/948 943/957
f 920/932 935/949 937/951
f 935/949 928/942 944/958
f 936/950 924/937 945/959
f 929/943 936/950 946/960
f 947/961 930/944 937/951
f 948/962 924/937 938/952
f 938/952 930/944 949/963
f 586/934 950/964 939/953
f 932/946 939/953 951/965
f 940/954 932/946 952/966
f 923/936 940/954 953/967
f 941/955 929/943 954/968
f 942/956 923/936 955/969
f 943/957 934/948 942/956
f 943/957 956/970 928/942
f 937/951 935/949 957/971
f 958/972 935/949 944/958
f 944/958 928/942 959/973
f 924/937 948/962 945/959
f 960/974 936/950 945/959
f 946/960 961/975 929/943
f 946/960 936/950 962/976
f 963/977 930/944 947/961
f 957/971 947/961 937/951
f 948/962 938/952 964/978
f 949/963 965/979 938/952
f 949/963 930/944 963/977
f 586/934 966/980 950/964
f 939/953 950/964 967/981
f 951/965 939/953 968/982
f 932/946 951/965 969/983
f 932/946 969/983 952/966
f 952/966 970/984 940/954
f 955/969 923/936 953/967
f 940/954 971/985 953/967
f 954/968 929/943 961/975
f 942/956 955/969 972/986
f 973/987 943/957 942/956
f 956/970 959/973 928/942
f 974/988 956/970 943/957
f 957/971 935/949 958/972
f 975/989 958/972 944/958
f 959/973 975/989 944/958
f 945/959 948/962 976/990
f 962/976 936/950 960/974
f 976/990 960/974 945/959
f 962/976 961/975 946/960
f 963/977 947/961 977/991
f 958/972 947/961 957/971
f 978/992 948/962 964/978
f 964/978 938/952 979/993
f 963/977 965/979 949/963
f 965/979 979/993 938/952
f 586/934 980/994 966/980
f 950/964 966/980 967/981
f 967/981 968/982 939/953
f 968/982 970/984 951/965
f 969/983 951/965 970/984
f 970/984 952/966 969/983
f 970/984 968/982 940/954
f 953/967 981/995 955/969
f 940/954 602/996 971/985
f 971/985 982/997 953/967
f 954/968 961/975 983/998
f 972/986 973/987 942/956
f 972/986 955/969 984/999
f 943/957 973/987 985/1000
f 959/973 956/970 974/988
f 985/1000 974/988 943/957
f 958/972 975/989 986/1001
f 987/1002 975/989 959/973
f 976/990 948/962 978/992
f 962/976 960/974 988/1003
f 978/992 960/974 976/990
f 983/998 961/975 962/976
f 977/991 989/1004 963/977
f 977/991 947/961 990/1005
f 990/1005 947/961 958/972
f 991/1006 978/992 964/978
f 979/993 991/1006 964/978
f 992/1007 965/979 963/977
f 979/993 965/979 992/1007
f 586/934 602/996 980/994
f 966/980 980/994 993/1008
f 967/981 966/980 993/1008
f 968/982 967/981 940/954
f 981/995 953/967 994/1009
f 995/1010 955/969 981/995
f 602/996 940/954 967/981
f 971/985 602/996 996/1011
f 971/985 997/1012 982/997
f 982/997 994/1009 953/967
f 984/999 973/987 972/986
f 984/999 955/969 995/1010
f 985/1000 973/987 984/999
f 974/988 987/1002 959/973
f 974/988 985/1000 998/1013
f 986/1001 999/1014 958/972
f 986/1001 975/989 987/1002
f 988/1003 1000/1015 962/976
f 988/1003 960/974 1001/1016
f 1001/1016 960/974 978/992
f 1000/1015 983/998 962/976
f 990/1005 989/1004 977/991
f 989/1004 992/1007 963/977
f 999/1014 990/1005 958/972
f 978/992 991/1006 1002/1017
f 1003/1018 991/1006 979/993
f 992/1007 1003/1018 979/993
f 993/1008 980/994 602/996
f 967/981 993/1008 602/996
f 1004/1019 981/995 994/1009
f 995/1010 981/995 1005/1020
f 996/1011 602/996 611/1021
f 1006/1022 971/985 996/1011
f 971/985 1007/1023 997/1012
f 982/997 997/1012 1008/1024
f 1009/1025 994/1009 982/997
f 1010/1026 984/999 995/1010
f 998/1013 985/1000 984/999
f 987/1002 974/988 1011/1027
f 1011/1027 974/988 998/1013
f 987/1002 999/1014 986/1001
f 1001/1016 1000/1015 988/1003
f 1012/1028 1001/1016 978/992
f 1013/1029 989/1004 990/1005
f 989/1004 1003/1018 992/1007
f 1013/1029 990/1005 999/1014
f 1002/1017 1012/1028 978/992
f 1002/1017 991/1006 1003/1018
f 981/995 1004/1019 1014/1030
f 1015/1031 1004/1019 994/1009
f 1005/1020 1010/1026 995/1010
f 981/995 1014/1030 1005/1020
f 1006/1022 996/1011 611/1021
f 971/985 1006/1022 1007/1023
f 1007/1023 1016/1032 997/1012
f 982/997 1008/1024 1017/1033
f 1008/1024 997/1012 1018/1034
f 994/1009 1009/1025 1019/1035
f 982/997 1017/1033 1009/1025
f 984/999 1010/1026 1020/1036
f 1020/1036 998/1013 984/999
f 1011/1027 1013/1029 987/1002
f 1011/1027 998/1013 1021/1037
f 1013/1029 999/1014 987/1002
f 1022/1038 1000/1015 1001/1016
f 1022/1038 1001/1016 1012/1028
f 989/1004 1013/1029 1023/1039
f 1003/1018 989/1004 1023/1039
f 1003/1018 1012/1028 1002/1017
f 1024/1040 1014/1030 1004/1019
f 1004/1019 1015/1031 1025/1041
f 1019/1035 1015/1031 994/1009
f 1026/1042 1010/1026 1005/1020
f 1005/1020 1014/1030 1027/1043
f 1006/1022 611/1021 1028/1044
f 1007/1023 1006/1022 1029/1045
f 1007/1023 1030/1046 1016/1032
f 997/1012 1016/1032 1031/1047
f 1017/1033 1008/1024 1032/1048
f 1033/1049 1008/1024 1018/1034
f 1018/1034 997/1012 1034/1050
f 1019/1035 1009/1025 1035/1051
f 1036/1052 1009/1025 1017/1033
f 1020/1036 1010/1026 1021/1037
f 1021/1037 998/1013 1020/1036
f 1013/1029 1011/1027 1037/1053
f 1021/1037 1038/1054 1011/1027
f 1022/1038 1012/1028 1023/1039
f 1013/1029 1039/1055 1023/1039
f 1023/1039 1012/1028 1003/1018
f 1025/1041 1024/1040 1004/1019
f 1027/1043 1014/1030 1024/1040
f 1025/1041 1015/1031 1035/1051
f 1035/1051 1015/1031 1019/1035
f 1021/1037 1010/1026 1026/1042
f 1027/1043 1026/1042 1005/1020
f 611/1021 634/1056 1028/1044
f 1028/1044 1029/1045 1006/1022
f 1029/1045 1040/1057 1007/1023
f 1030/1046 1007/1023 1041/1058
f 1016/1032 1030/1046 1042/1059
f 1031/1047 1034/1050 997/1012
f 1031/1047 1016/1032 1043/1060
f 1032/1048 1036/1052 1017/1033
f 1032/1048 1008/1024 1033/1049
f 1044/1061 1033/1049 1018/1034
f 1034/1050 1044/1061 1018/1034
f 1035/1051 1009/1025 1036/1052
f 1013/1029 1037/1053 1039/1055
f 1037/1053 1011/1027 1045/1062
f 1038/1054 1021/1037 1026/1042
f 1046/1063 1011/1027 1038/1054
f 1047/1064 1022/1038 1023/1039
f 1023/1039 1039/1055 1047/1064
f 1048/1065 1024/1040 1025/1041
f 1024/1040 1026/1042 1027/1043
f 1048/1065 1025/1041 1035/1051
f 1029/1045 1028/1044 634/1056
f 1040/1057 1029/1045 1049/1066
f 1041/1058 1007/1023 1040/1057
f 1050/1067 1030/1046 1041/1058
f 1042/1059 1043/1060 1016/1032
f 1042/1059 1030/1046 1051/1068
f 1034/1050 1031/1047 1052/1069
f 1031/1047 1043/1060 1053/1070
f 1033/1049 1036/1052 1032/1048
f 1033/1049 1044/1061 1054/1071
f 1055/1072 1044/1061 1034/1050
f 1035/1051 1036/1052 1056/1073
f 1037/1053 1057/1074 1039/1055
f 1011/1027 1046/1063 1045/1062
f 1037/1053 1045/1062 1058/1075
f 1038/1054 1026/1042 1024/1040
f 1046/1063 1038/1054 1059/1076
f 1060/1077 1022/1038 1047/1064
f 1047/1064 1039/1055 1061/1078
f 1024/1040 1048/1065 1038/1054
f 1056/1073 1048/1065 1035/1051
f 634/1056 1062/1079 1029/1045
f 1029/1045 1062/1079 1049/1066
f 1040/1057 1049/1066 1063/1080
f 1041/1058 1040/1057 1064/1081
f 1051/1068 1030/1046 1050/1067
f 1064/1081 1050/1067 1041/1058
f 1051/1068 1043/1060 1042/1059
f 1052/1069 1055/1072 1034/1050
f 1052/1069 1031/1047 1053/1070
f 1053/1070 1043/1060 1051/1068
f 1065/1082 1036/1052 1033/1049
f 1054/1071 1066/1083 1033/1049
f 1054/1071 1044/1061 1055/1072
f 1056/1073 1036/1052 1065/1082
f 1039/1055 1057/1074 1067/1084
f 1037/1053 1058/1075 1057/1074
f 1046/1063 1068/1085 1045/1062
f 1045/1062 1068/1085 1058/1075
f 1046/1063 1059/1076 1068/1085
f 1038/1054 1069/1086 1059/1076
f 1022/1038 1060/1077 1070/1087
f 1071/1088 1060/1077 1047/1064
f 1072/1089 1047/1064 1061/1078
f 1061/1078 1039/1055 1067/1084
f 1048/1065 1073/1090 1038/1054
f 1065/1082 1048/1065 1056/1073
f 1062/1079 634/1056 1074/1091
f 1075/1092 1040/1057 1063/1080
f 1063/1080 1049/1066 1076/1093
f 1064/1081 1040/1057 1077/1094
f 1051/1068 1050/1067 1078/1095
f 1077/1094 1050/1067 1064/1081
f 1055/1072 1052/1069 1079/1096
f 1080/1097 1052/1069 1053/1070
f 1080/1097 1053/1070 1051/1068
f 1066/1083 1065/1082 1033/1049
f 1055/1072 1066/1083 1054/1071
f 1057/1074 1081/1098 1067/1084
f 1069/1086 1038/1054 1082/1099
f 1083/1100 1070/1087 1060/1077
f 1083/1100 1060/1077 1071/1088
f 1047/1064 1072/1089 1071/1088
f 1067/1084 1072/1089 1061/1078
f 1073/1090 1048/1065 1065/1082
f 1073/1090 1082/1099 1038/1054
f 1084/1101 1074/1091 634/1056
f 1077/1094 1040/1057 1075/1092
f 1063/1080 1076/1093 1075/1092
f 1078/1095 1080/1097 1051/1068
f 1078/1095 1050/1067 1085/1102
f 1085/1102 1050/1067 1077/1094
f 1055/1072 1079/1096 1073/1090
f 1079/1096 1052/1069 1080/1097
f 1073/1090 1065/1082 1066/1083
f 1073/1090 1066/1083 1055/1072
f 1086/1103 1067/1084 1081/1098
f 1070/1087 1083/1100 1087/1104
f 1088/1105 1083/1100 1071/1088
f 1072/1089 1089/1106 1071/1088
f 1090/1107 1072/1089 1067/1084
f 1082/1099 1073/1090 1079/1096
f 675/1108 1084/1101 634/1056
f 1084/1101 1091/1109 1074/1091
f 1092/1110 1077/1094 1075/1092
f 1075/1092 1076/1093 1093/1111
f 1085/1102 1080/1097 1078/1095
f 1094/1112 1085/1102 1077/1094
f 1080/1097 1095/1113 1079/1096
f 1090/1107 1067/1084 1086/1103
f 1096/1114 1086/1103 1081/1098
f 1087/1104 1083/1100 1097/1115
f 1098/1116 1083/1100 1088/1105
f 1088/1105 1071/1088 1089/1106
f 1099/1117 1089/1106 1072/1089
f 1099/1117 1072/1089 1090/1107
f 1079/1096 1100/1118 1082/1099
f 675/1108 730/1119 1084/1101
f 1084/1101 730/1119 1091/1109
f 1093/1111 1092/1110 1075/1092
f 1077/1094 1092/1110 1101/1120
f 1076/1093 1102/1121 1093/1111
f 1095/1113 1080/1097 1085/1102
f 1095/1113 1085/1102 1094/1112
f 1101/1120 1094/1112 1077/1094
f 1103/1122 1079/1096 1095/1113
f 1104/1123 1090/1107 1086/1103
f 1086/1103 1096/1114 1104/1123
f 1105/1124 1096/1114 1081/1098
f 1097/1115 1083/1100 1098/1116
f 1106/1125 1087/1104 1097/1115
f 1090/1107 1104/1123 1099/1117
f 1100/1118 1079/1096 1103/1122
f 1107/1126 1092/1110 1093/1111
f 1101/1120 1092/1110 1108/1127
f 1093/1111 1102/1121 1109/1128
f 1095/1113 1094/1112 1108/1127
f 1108/1127 1094/1112 1101/1120
f 1110/1129 1103/1122 1095/1113
f 1104/1123 1096/1114 1111/1130
f 1112/1131 1097/1115 1098/1116
f 1106/1125 1113/1132 1087/1104
f 1097/1115 1112/1131 1106/1125
f 1108/1127 1092/1110 1107/1126
f 1109/1128 1107/1126 1093/1111
f 1109/1128 1102/1121 1114/1133
f 1108/1127 1115/1134 1095/1113
f 1095/1113 1115/1134 1110/1129
f 1115/1134 1108/1127 1107/1126
f 1114/1133 1107/1126 1109/1128
f 1115/1134 1107/1126 1116/1135
f 1116/1135 1107/1126 1114/1133
f 1117/1136 1115/1137 1116/1138
f 1110/1139 1115/1137 1117/1136
f 1117/1136 1116/1138 1118/1140
f 1117/1136 1119/1141 1110/1139
f 1120/1142 1117/1136 1118/1140
f 1118/1140 1116/1138 1121/1143
f 1119/1141 1117/1136 1120/1142
f 1120/1142 1118/1140 1122/1144
f 1123/1145 1121/1143 1116/1138
f 1118/1140 1121/1143 1124/1146
f 1125/1147 1119/1141 1120/1142
f 1122/1144 1118/1140 1124/1146
f 1126/1148 1120/1142 1122/1144
f 1116/1138 1114/1149 1123/1145
f 1127/1150 1121/1143 1123/1145
f 1121/1143 1127/1150 1124/1146
f 1128/1151 1119/1141 1125/1147
f 1120/1142 1126/1148 1125/1147
f 1122/1144 1124/1146 1129/1152
f 1129/1152 1126/1148 1122/1144
f 1114/1149 1102/1153 1123/1145
f 1130/1154 1127/1150 1123/1145
f 1124/1146 1127/1150 1131/1155
f 1128/1151 1132/1156 1119/1141
f 1128/1151 1125/1147 1133/1157
f 1125/1147 1126/1148 1129/1152
f 1124/1146 1134/1158 1129/1152
f 1123/1145 1102/1153 1135/1159
f 1127/1150 1130/1154 1131/1155
f 1123/1145 1135/1159 1130/1154
f 1131/1155 1136/1160 1124/1146
f 1132/1156 1128/1151 1133/1157
f 1133/1157 1125/1147 1129/1152
f 1124/1146 1136/1160 1134/1158
f 1134/1158 1137/1161 1129/1152
f 1102/1153 1076/1162 1135/1159
f 1131/1155 1130/1154 1138/1163
f 1139/1164 1130/1154 1135/1159
f 1138/1163 1136/1160 1131/1155
f 1133/1157 1140/1165 1132/1156
f 1137/1161 1133/1157 1129/1152
f 1134/1158 1136/1160 1141/1166
f 1137/1161 1134/1158 1142/1167
f 1135/1159 1076/1162 1139/1164
f 1130/1154 1139/1164 1138/1163
f 1136/1160 1138/1163 1143/1168
f 1140/1165 1133/1157 1144/1169
f 1133/1157 1137/1161 1144/1169
f 1136/1160 1145/1170 1141/1166
f 1142/1167 1134/1158 1141/1166
f 1146/1171 1137/1161 1142/1167
f 1143/1168 1139/1164 1076/1162
f 1139/1164 1143/1168 1138/1163
f 1143/1168 1147/1172 1136/1160
f 1144/1169 1137/1161 1146/1171
f 1136/1160 1148/1173 1145/1170
f 1145/1170 1149/1174 1141/1166
f 1141/1166 1149/1174 1142/1167
f 1142/1167 1150/1175 1146/1171
f 1076/1162 1049/1176 1143/1168
f 1151/1177 1147/1172 1143/1168
f 1147/1172 1152/1178 1136/1160
f 1146/1171 1150/1175 1144/1169
f 1136/1160 1152/1178 1148/1173
f 1148/1173 1153/1179 1145/1170
f 1153/1179 1149/1174 1145/1170
f 1142/1167 1149/1174 1150/1175
f 1151/1177 1143/1168 1049/1176
f 1154/1180 1147/1172 1151/1177
f 1147/1172 1155/1181 1152/1178
f 1148/1173 1152/1178 1156/1182
f 1157/1183 1153/1179 1148/1173
f 1149/1174 1153/1179 1158/1184
f 1150/1175 1149/1174 1159/1185
f 1049/1176 1062/1186 1151/1177
f 1160/1187 1154/1180 1151/1177
f 1154/1180 1161/1188 1147/1172
f 1147/1172 1161/1188 1155/1181
f 1152/1178 1155/1181 1162/1189
f 1163/1190 1156/1182 1152/1178
f 1148/1173 1156/1182 1157/1183
f 1153/1179 1157/1183 1158/1184
f 1158/1184 1164/1191 1149/1174
f 1159/1185 1149/1174 1164/1191
f 1062/1186 1160/1187 1151/1177
f 1165/1192 1154/1180 1160/1187
f 1166/1193 1161/1188 1154/1180
f 1155/1181 1161/1188 1167/1194
f 1162/1189 1155/1181 1167/1194
f 1162/1189 1163/1190 1152/1178
f 1156/1182 1163/1190 1168/1195
f 1157/1183 1156/1182 1169/1196
f 1158/1184 1157/1183 1169/1196
f 1164/1191 1158/1184 1170/1197
f 1159/1185 1164/1191 1171/1198
f 1172/1199 1160/1187 1062/1186
f 1172/1199 1165/1192 1160/1187
f 1166/1193 1154/1180 1165/1192
f 1166/1193 1173/1200 1161/1188
f 1167/1194 1161/1188 1174/1201
f 1162/1189 1167/1194 1175/1202
f 1163/1190 1162/1189 1176/1203
f 1176/1203 1168/1195 1163/1190
f 1168/1195 1169/1196 1156/1182
f 1158/1184 1169/1196 1177/1204
f 1177/1204 1170/1197 1158/1184
f 1170/1197 1178/1205 1164/1191
f 1171/1198 1164/1191 1178/1205
f 1179/1206 1172/1199 1062/1186
f 1179/1206 1165/1192 1172/1199
f 1165/1192 1180/1207 1166/1193
f 1161/1188 1173/1200 1181/1208
f 1182/1209 1173/1200 1166/1193
f 1183/1210 1174/1201 1161/1188
f 1167/1194 1174/1201 1184/1211
f 1175/1202 1167/1194 1184/1211
f 1175/1202 1176/1203 1162/1189
f 1168/1195 1176/1203 1185/1212
f 1169/1196 1168/1195 1186/1213
f 1177/1204 1169/1196 1186/1213
f 1170/1197 1177/1204 1187/1214
f 1178/1205 1170/1197 1188/1215
f 1171/1198 1178/1205 1188/1215
f 1074/1216 1179/1206 1062/1186
f 1179/1206 1180/1207 1165/1192
f 1166/1193 1180/1207 1182/1209
f 1189/1217 1181/1208 1173/1200
f 1181/1208 1183/1210 1161/1188
f 1190/1218 1173/1200 1182/1209
f 1174/1201 1183/1210 1191/1219
f 1184/1211 1174/1201 1191/1219
f 1175/1202 1184/1211 1192/1220
f 1176/1203 1175/1202 1192/1220
f 1192/1220 1185/1212 1176/1203
f 1185/1212 1186/1213 1168/1195
f 1186/1213 1193/1221 1177/1204
f 1187/1214 1177/1204 1193/1221
f 1188/1215 1170/1197 1187/1214
f 1074/1216 1180/1207 1179/1206
f 1180/1207 1194/1222 1182/1209
f 1173/1200 1190/1218 1189/1217
f 1181/1208 1189/1217 1195/1223
f 1183/1210 1181/1208 1195/1223
f 1182/1209 1194/1222 1190/1218
f 1191/1219 1183/1210 1196/1224
f 1184/1211 1191/1219 1197/1225
f 1197/1225 1192/1220 1184/1211
f 1185/1212 1192/1220 1198/1226
f 1186/1213 1185/1212 1198/1226
f 1193/1221 1186/1213 1198/1226
f 1193/1221 1199/1227 1187/1214
f 1187/1214 1199/1227 1188/1215
f 1074/1216 1091/1228 1180/1207
f 1091/1228 1194/1222 1180/1207
f 1190/1218 1200/1229 1189/1217
f 1195/1223 1189/1217 1201/1230
f 1195/1223 1196/1224 1183/1210
f 1194/1222 1202/1231 1190/1218
f 1191/1219 1196/1224 1203/1232
f 1197/1225 1191/1219 1203/1232
f 1192/1220 1197/1225 1204/1233
f 1198/1226 1192/1220 1205/1234
f 1193/1221 1198/1226 1206/1235
f 1199/1227 1193/1221 1206/1235
f 872/1236 1188/1215 1199/1227
f 1091/1228 1207/1237 1194/1222
f 1190/1218 1202/1231 1200/1229
f 1189/1217 1200/1229 1208/1238
f 1189/1217 1208/1238 1201/1230
f 1195/1223 1201/1230 1209/1239
f 1196/1224 1195/1223 1209/1239
f 1202/1231 1194/1222 1207/1237
f 1203/1232 1196/1224 1209/1239
f 1197/1225 1203/1232 1204/1233
f 1205/1234 1192/1220 1204/1233
f 1198/1226 1205/1234 1210/1240
f 1206/1235 1198/1226 1210/1240
f 1199/1227 1206/1235 1211/1241
f 872/1236 1199/1227 1211/1241
f 730/1242 1207/1237 1091/1228
f 1212/1243 1200/1229 1202/1231
f 1213/1244 1208/1238 1200/1229
f 1208/1238 1213/1244 1201/1230
f 1209/1239 1201/1230 1214/1245
f 1207/1237 1215/1246 1202/1231
f 1203/1232 1209/1239 1216/1247
f 1204/1233 1203/1232 1216/1247
f 1205/1234 1204/1233 1217/1248
f 1210/1240 1205/1234 1217/1248
f 1206/1235 1210/1240 1218/1249
f 1211/1241 1206/1235 1218/1249
f 872/1236 1211/1241 864/1250
f 730/1242 744/1251 1207/1237
f 1202/1231 1215/1246 1212/1243
f 1200/1229 1212/1243 1213/1244
f 1201/1230 1213/1244 1219/1252
f 1201/1230 1219/1252 1214/1245
f 1214/1245 1216/1247 1209/1239
f 1207/1237 1220/1253 1215/1246
f 1216/1247 1221/1254 1204/1233
f 1221/1254 1217/1248 1204/1233
f 1210/1240 1217/1248 1218/1249
f 1218/1249 864/1250 1211/1241
f 744/1251 1220/1253 1207/1237
f 1212/1243 1215/1246 1222/1255
f 1222/1255 1213/1244 1212/1243
f 1213/1244 1222/1255 1219/1252
f 1214/1245 1219/1252 1223/1256
f 1216/1247 1214/1245 1224/1257
f 1215/1246 1220/1253 1225/1258
f 1221/1254 1216/1247 1224/1257
f 1217/1248 1221/1254 1226/1259
f 1218/1249 1217/1248 1226/1259
f 864/1250 1218/1249 863/1260
f 744/1251 1227/1261 1220/1253
f 1225/1258 1222/1255 1215/1246
f 1228/1262 1219/1252 1222/1255
f 1219/1252 1229/1263 1223/1256
f 1224/1257 1214/1245 1223/1256
f 814/1264 1225/1258 1220/1253
f 1221/1254 1224/1257 1230/1265
f 1226/1259 1221/1254 1230/1265
f 1218/1249 1226/1259 856/1266
f 863/1260 1218/1249 856/1266
f 744/1251 743/1267 1227/1261
f 1220/1253 1227/1261 814/1264
f 1222/1255 1225/1258 1228/1262
f 1219/1252 1228/1262 1229/1263
f 1223/1256 1229/1263 1231/1268
f 1224/1257 1223/1256 1232/1269
f 1225/1258 814/1264 1228/1262
f 1230/1265 1224/1257 1233/1270
f 1230/1265 856/1266 1226/1259
f 1227/1261 743/1267 1234/1271
f 1227/1261 1234/1271 814/1264
f 1228/1262 815/1272 1229/1263
f 1235/1273 1231/1268 1229/1263
f 1223/1256 1231/1268 836/1274
f 1232/1269 1223/1256 845/1275
f 1224/1257 1232/1269 847/1276
f 1228/1262 814/1264 815/1272
f 1233/1270 1224/1257 847/1276
f 1233/1270 853/1277 1230/1265
f 856/1266 1230/1265 853/1277
f 788/1278 1234/1271 743/1267
f 1234/1271 788/1278 814/1264
f 1229/1263 815/1272 1235/1273
f 1231/1268 1235/1273 830/1279
f 1231/1268 830/1279 836/1274
f 1223/1256 836/1274 845/1275
f 1232/1269 845/1275 847/1276
f 847/1276 853/1277 1233/1270
f 815/1272 813/1280 1235/1273
f 1235/1273 813/1280 830/1279
f 462/1281 1236/1282 455/1283
f 468/1284 1236/1282 462/1281
f 1236/1282 1237/1285 455/1283
f 476/1286 1236/1282 468/1284
f 1237/1285 1238/1287 455/1283
f 1239/1288 1237/1285 1236/1282
f 1236/1282 476/1286 1239/1288
f 1238/1287 449/1289 455/1283
f 1238/1287 1237/1285 1240/1290
f 1241/1291 1237/1285 1239/1288
f 1239/1288 476/1286 478/1292
f 1242/1293 449/1289 1238/1287
f 1243/1294 1240/1290 1237/1285
f 1238/1287 1240/1290 1244/1295
f 1237/1285 1241/1291 1243/1294
f 478/1292 1241/1291 1239/1288
f 449/1289 1242/1293 439/1296
f 1238/1287 1245/1297 1242/1293
f 1240/1290 1243/1294 1246/1298
f 1247/1299 1238/1287 1244/1295
f 1240/1290 1248/1300 1244/1295
f 1249/1301 1243/1294 1241/1291
f 482/1302 1241/1291 478/1292
f 1242/1293 431/1303 439/1296
f 1250/1304 1242/1293 1245/1297
f 1238/1287 1247/1299 1245/1297
f 1246/1298 1243/1294 1249/1301
f 1240/1290 1246/1298 1251/1305
f 1244/1295 1252/1306 1247/1299
f 1248/1300 1240/1290 1253/1307
f 1252/1306 1244/1295 1248/1300
f 1241/1291 482/1302 1249/1301
f 1242/1293 1250/1304 431/1303
f 1250/1304 1245/1297 1254/1308
f 1255/1309 1245/1297 1247/1299
f 1246/1298 1249/1301 1256/1310
f 1246/1298 1257/1311 1251/1305
f 1251/1305 1258/1312 1240/1290
f 1259/1313 1247/1299 1252/1306
f 1260/1314 1248/1300 1253/1307
f 1253/1307 1240/1290 1258/1312
f 1248/1300 1260/1314 1252/1306
f 1256/1310 1249/1301 482/1302
f 370/1315 431/1303 1250/1304
f 1250/1304 1254/1308 1261/1316
f 1254/1308 1245/1297 1255/1309
f 1255/1309 1247/1299 1262/1317
f 1246/1298 1256/1310 1257/1311
f 1251/1305 1257/1311 1263/1318
f 1258/1312 1251/1305 1264/1319
f 1262/1317 1247/1299 1259/1313
f 1252/1306 1260/1314 1259/1313
f 1253/1307 1265/1320 1260/1314
f 1265/1320 1253/1307 1258/1312
f 1261/1316 370/1315 1250/1304
f 1266/1321 1261/1316 1254/1308
f 1254/1308 1255/1309 1262/1317
f 1267/1322 1257/1311 1256/1310
f 1257/1311 1267/1322 1263/1318
f 1263/1318 1264/1319 1251/1305
f 1264/1319 1268/1323 1258/1312
f 1259/1313 1260/1314 1262/1317
f 1269/1324 1260/1314 1265/1320
f 1258/1312 1268/1323 1265/1320
f 319/1325 370/1315 1261/1316
f 1270/1326 1261/1316 1266/1321
f 1254/1308 1262/1317 1266/1321
f 1263/1318 1267/1322 1271/1327
f 1260/1314 1269/1324 1262/1317
f 1269/1324 1265/1320 1272/1328
f 1273/1329 1265/1320 1268/1323
f 1261/1316 1274/1330 319/1325
f 1275/1331 1261/1316 1270/1326
f 1270/1326 1266/1321 1269/1324
f 1262/1317 1269/1324 1266/1321
f 1269/1324 1272/1328 1276/1332
f 1265/1320 1273/1329 1272/1328
f 278/1333 319/1325 1274/1330
f 1274/1330 1261/1316 1275/1331
f 1277/1334 1275/1331 1270/1326
f 1278/1335 1270/1326 1269/1324
f 1276/1332 1278/1335 1269/1324
f 1279/1336 1276/1332 1272/1328
f 1272/1328 1273/1329 1279/1336
f 1274/1330 1280/1337 278/1333
f 1274/1330 1275/1331 1277/1334
f 1278/1335 1277/1334 1270/1326
f 1278/1335 1276/1332 1281/1338
f 1279/1336 1273/1329 1276/1332
f 1280/1337 1274/1330 1277/1334
f 1280/1337 1282/1339 278/1333
f 1281/1338 1277/1334 1278/1335
f 1276/1332 1283/1340 1281/1338
f 1281/1338 1280/1337 1277/1334
f 305/1341 278/1333 1282/1339
f 1282/1339 1280/1337 1284/1342
f 1280/1337 1281/1338 1283/1340
f 1285/1343 305/1341 1282/1339
f 1284/1342 345/1344 1282/1339
f 1284/1342 1280/1337 1286/1345
f 1287/1346 305/1341 1285/1343
f 1282/1339 345/1344 1285/1343
f 1284/1342 1288/1347 345/1344
f 1284/1342 1286/1345 1289/1348
f 305/1341 1287/1346 347/1349
f 396/1350 1287/1346 1285/1343
f 1285/1343 345/1344 396/1350
f 1290/1351 345/1344 1288/1347
f 1291/1352 1288/1347 1284/1342
f 1289/1348 1292/1353 1284/1342
f 347/1349 1287/1346 396/1350
f 345/1344 1290/1351 303/1354
f 1288/1347 1293/1355 1290/1351
f 1288/1347 1291/1352 1294/1356
f 1284/1342 1292/1353 1291/1352
f 1292/1353 1289/1348 1295/1357
f 1290/1351 1296/1358 303/1354
f 1297/1359 1293/1355 1288/1347
f 1297/1359 1290/1351 1293/1355
f 1288/1347 1294/1356 1297/1359
f 1294/1356 1291/1352 1298/1360
f 1292/1353 1299/1361 1291/1352
f 1295/1357 1299/1361 1292/1353
f 1300/1362 1295/1357 1289/1348
f 1296/1358 259/1363 303/1354
f 1296/1358 1290/1351 1301/1364
f 1301/1364 1290/1351 1297/1359
f 1297/1359 1294/1356 1298/1360
f 1299/1361 1298/1360 1291/1352
f 1299/1361 1295/1357 1302/1365
f 1300/1362 1302/1365 1295/1357
f 1303/1366 1300/1362 1289/1348
f 303/1354 259/1363 1304/1367
f 1301/1364 259/1363 1296/1358
f 238/1368 1301/1364 1297/1359
f 1298/1360 279/1369 1297/1359
f 1299/1361 1305/1370 1298/1360
f 1302/1365 1306/1371 1299/1361
f 1302/1365 1300/1362 1307/1372
f 1300/1362 1303/1366 1308/1373
f 1304/1367 259/1363 220/1374
f 1309/1375 303/1354 1304/1367
f 259/1363 1301/1364 238/1368
f 1297/1359 279/1369 238/1368
f 279/1369 1298/1360 1310/1376
f 1305/1370 1311/1377 1298/1360
f 1305/1370 1299/1361 1306/1371
f 1306/1371 1302/1365 1312/1378
f 1312/1378 1302/1365 1307/1372
f 1307/1372 1300/1362 1313/1379
f 1300/1362 1308/1373 1313/1379
f 1314/1380 1308/1373 1303/1366
f 220/1374 1315/1381 1304/1367
f 1304/1367 1315/1381 1309/1375
f 1316/1382 303/1354 1309/1375
f 1310/1376 1298/1360 1311/1377
f 1310/1376 321/1383 279/1369
f 1311/1377 1305/1370 1317/1384
f 1317/1384 1305/1370 1306/1371
f 1312/1378 1318/1385 1306/1371
f 1312/1378 1307/1372 1319/1386
f 1307/1372 1313/1379 1320/1387
f 1313/1379 1308/1373 1321/1388
f 1322/1389 1308/1373 1314/1380
f 1323/1390 1314/1380 1303/1366
f 1315/1381 220/1374 280/1391
f 1316/1382 1309/1375 1315/1381
f 280/1391 303/1354 1316/1382
f 1311/1377 1324/1392 1310/1376
f 321/1383 1310/1376 1324/1392
f 1325/1393 1311/1377 1317/1384
f 1317/1384 1306/1371 1318/1385
f 1318/1385 1312/1378 1326/1394
f 1326/1394 1312/1378 1319/1386
f 1319/1386 1307/1372 1327/1395
f 1321/1388 1320/1387 1313/1379
f 1307/1372 1320/1387 1328/1396
f 1329/1397 1321/1388 1308/1373
f 1308/1373 1322/1389 1329/1397
f 1314/1380 1330/1398 1322/1389
f 1330/1398 1314/1380 1323/1390
f 1315/1381 280/1391 1316/1382
f 1324/1392 1311/1377 1325/1393
f 1324/1392 1331/1399 321/1383
f 1325/1393 1317/1384 1332/1400
f 1318/1385 1332/1400 1317/1384
f 1333/1401 1318/1385 1326/1394
f 1319/1386 1334/1402 1326/1394
f 1327/1395 1335/1403 1319/1386
f 1327/1395 1307/1372 1328/1396
f 1320/1387 1321/1388 1336/1404
f 1336/1404 1328/1396 1320/1387
f 1329/1397 1337/1405 1321/1388
f 1337/1405 1329/1397 1322/1389
f 1338/1406 1322/1389 1330/1398
f 1325/1393 1331/1399 1324/1392
f 1331/1399 1339/1407 321/1383
f 1340/1408 1325/1393 1332/1400
f 1332/1400 1318/1385 1333/1401
f 1326/1394 1341/1409 1333/1401
f 1334/1402 1342/1410 1326/1394
f 1334/1402 1319/1386 1335/1403
f 1335/1403 1327/1395 1343/1411
f 1328/1396 1343/1411 1327/1395
f 1344/1412 1336/1404 1321/1388
f 1336/1404 1345/1413 1328/1396
f 1321/1388 1337/1405 1346/1414
f 1337/1405 1322/1389 1347/1415
f 1322/1389 1338/1406 1347/1415
f 1348/1416 1338/1406 1330/1398
f 1331/1399 1325/1393 1340/1408
f 1339/1407 1349/1417 321/1383
f 1339/1407 1331/1399 1350/1418
f 1332/1400 1351/1419 1340/1408
f 1352/1420 1332/1400 1333/1401
f 1341/1409 1353/1421 1333/1401
f 1354/1422 1341/1409 1326/1394
f 1342/1410 1354/1422 1326/1394
f 1355/1423 1342/1410 1334/1402
f 1355/1423 1334/1402 1335/1403
f 1343/1411 1355/1423 1335/1403
f 1345/1413 1343/1411 1328/1396
f 1344/1412 1356/1424 1336/1404
f 1321/1388 1346/1414 1344/1412
f 1356/1424 1345/1413 1336/1404
f 1337/1405 1357/1425 1346/1414
f 1347/1415 1357/1425 1337/1405
f 1358/1426 1347/1415 1338/1406
f 1338/1406 1348/1416 1359/1427
f 1360/1428 1331/1399 1340/1408
f 344/1429 321/1383 1349/1417
f 1349/1417 1339/1407 1361/1430
f 1361/1430 1339/1407 1350/1418
f 1350/1418 1331/1399 1360/1428
f 1360/1428 1340/1408 1351/1419
f 1351/1419 1332/1400 1352/1420
f 1333/1401 1353/1421 1352/1420
f 1362/1431 1353/1421 1341/1409
f 1363/1432 1341/1409 1354/1422
f 1364/1433 1354/1422 1342/1410
f 1365/1434 1342/1410 1355/1423
f 1355/1423 1343/1411 1366/1435
f 1343/1411 1345/1413 1367/1436
f 1368/1437 1356/1424 1344/1412
f 1369/1438 1344/1412 1346/1414
f 1370/1439 1345/1413 1356/1424
f 1346/1414 1357/1425 1369/1438
f 1347/1415 1358/1426 1357/1425
f 1338/1406 1359/1427 1358/1426
f 1371/1440 344/1429 1349/1417
f 1372/1441 1349/1417 1361/1430
f 1350/1418 1373/1442 1361/1430
f 1360/1428 1374/1443 1350/1418
f 1351/1419 1375/1444 1360/1428
f 1352/1420 1376/1445 1351/1419
f 1353/1421 1377/1446 1352/1420
f 1378/1447 1353/1421 1362/1431
f 1362/1431 1341/1409 1363/1432
f 1354/1422 1364/1433 1363/1432
f 1342/1410 1365/1434 1364/1433
f 1355/1423 1379/1448 1365/1434
f 1366/1435 1379/1448 1355/1423
f 1366/1435 1343/1411 1367/1436
f 1367/1436 1345/1413 1370/1439
f 1380/1449 1356/1424 1368/1437
f 1381/1450 1368/1437 1344/1412
f 1344/1412 1369/1438 1381/1450
f 1356/1424 1380/1449 1370/1439
f 1357/1425 1382/1451 1369/1438
f 1357/1425 1358/1426 1382/1451
f 417/1452 344/1429 1371/1440
f 1371/1440 1349/1417 1372/1441
f 1361/1430 1383/1453 1372/1441
f 1373/1442 1383/1453 1361/1430
f 1384/1454 1373/1442 1350/1418
f 1374/1443 1384/1454 1350/1418
f 1375/1444 1374/1443 1360/1428
f 1375/1444 1351/1419 1385/1455
f 1376/1445 1386/1456 1351/1419
f 1352/1420 1377/1446 1376/1445
f 1377/1446 1353/1421 1378/1447
f 1378/1447 1362/1431 1387/1457
f 1362/1431 1363/1432 1387/1457
f 1363/1432 1364/1433 1387/1457
f 1364/1433 1365/1434 1388/1458
f 1365/1434 1379/1448 1388/1458
f 1367/1436 1379/1448 1366/1435
f 1367/1436 1370/1439 1389/1459
f 1368/1437 1390/1460 1380/1449
f 1390/1460 1368/1437 1381/1450
f 1391/1461 1381/1450 1369/1438
f 1370/1439 1380/1449 1389/1459
f 1369/1438 1382/1451 1392/1462
f 350/1463 344/1429 417/1452
f 417/1452 1371/1440 1393/1464
f 1372/1441 1394/1465 1371/1440
f 1383/1453 1395/1466 1372/1441
f 1383/1453 1373/1442 1396/1467
f 1397/1468 1373/1442 1384/1454
f 1398/1469 1384/1454 1374/1443
f 1399/1470 1374/1443 1375/1444
f 1386/1456 1385/1455 1351/1419
f 1385/1455 1400/1471 1375/1444
f 1376/1445 1401/1472 1386/1456
f 1377/1446 1401/1472 1376/1445
f 1402/1473 1377/1446 1378/1447
f 1387/1457 1403/1474 1378/1447
f 1387/1457 1364/1433 1388/1458
f 1379/1448 849/1475 1388/1458
f 855/1476 1379/1448 1367/1436
f 1389/1459 855/1476 1367/1436
f 1380/1449 1390/1460 1389/1459
f 1381/1450 1404/1477 1390/1460
f 1405/1478 1381/1450 1391/1461
f 1369/1438 1392/1462 1391/1461
f 1382/1451 1406/1479 1392/1462
f 1393/1464 1407/1480 417/1452
f 1393/1464 1371/1440 1394/1465
f 1372/1441 1395/1466 1394/1465
f 1395/1466 1383/1453 1408/1481
f 1408/1481 1383/1453 1396/1467
f 1396/1467 1373/1442 1397/1468
f 1397/1468 1384/1454 1398/1469
f 1398/1469 1374/1443 1399/1470
f 1375/1444 1400/1471 1399/1470
f 1386/1456 1400/1471 1385/1455
f 1401/1472 1400/1471 1386/1456
f 1401/1472 1377/1446 1402/1473
f 1378/1447 1403/1474 1402/1473
f 1409/1482 1403/1474 1387/1457
f 849/1475 1387/1457 1388/1458
f 855/1476 849/1475 1379/1448
f 855/1476 1389/1459 862/1483
f 1389/1459 1390/1460 1410/1484
f 1390/1460 1404/1477 1410/1484
f 1404/1477 1381/1450 1405/1478
f 1405/1478 1391/1461 1411/1485
f 1412/1486 1391/1461 1392/1462
f 1392/1462 1406/1479 1413/1487
f 1407/1480 444/1488 417/1452
f 1407/1480 1393/1464 1414/1489
f 1394/1465 1414/1489 1393/1464
f 1414/1489 1394/1465 1395/1466
f 1415/1490 1395/1466 1408/1481
f 1396/1467 1416/1491 1408/1481
f 1396/1467 1397/1468 1417/1492
f 1397/1468 1398/1469 1417/1492
f 1398/1469 1399/1470 1403/1474
f 1399/1470 1400/1471 1402/1473
f 1400/1471 1401/1472 1402/1473
f 1402/1473 1403/1474 1399/1470
f 1409/1482 1418/1493 1403/1474
f 1387/1457 849/1475 1409/1482
f 1389/1459 1410/1484 862/1483
f 1410/1484 1404/1477 1419/1494
f 1419/1494 1404/1477 1405/1478
f 1405/1478 1411/1485 1419/1494
f 1411/1485 1391/1461 1412/1486
f 1392/1462 1413/1487 1412/1486
f 457/1495 444/1488 1407/1480
f 1415/1490 1407/1480 1414/1489
f 1395/1466 1415/1490 1414/1489
f 1408/1481 1416/1491 1415/1490
f 1416/1491 1396/1467 1417/1492
f 1403/1474 1417/1492 1398/1469
f 1409/1482 1420/1496 1418/1493
f 1417/1492 1403/1474 1418/1493
f 849/1475 1420/1496 1409/1482
f 1419/1494 862/1483 1410/1484
f 1419/1494 1411/1485 1421/1497
f 1411/1485 1412/1486 1422/1498
f 1423/1499 1412/1486 1413/1487
f 1407/1480 1415/1490 457/1495
f 1416/1491 1424/1500 1415/1490
f 1417/1492 1425/1501 1416/1491
f 1420/1496 1426/1502 1418/1493
f 1418/1493 1425/1501 1417/1492
f 849/1475 842/1503 1420/1496
f 871/1504 862/1483 1419/1494
f 1421/1497 871/1504 1419/1494
f 1427/1505 1421/1497 1411/1485
f 1411/1485 1422/1498 1427/1505
f 1422/1498 1412/1486 1423/1499
f 457/1495 1415/1490 1424/1500
f 1416/1491 1425/1501 1424/1500
f 1426/1502 1420/1496 842/1503
f 1418/1493 1426/1502 1425/1501
f 883/1506 871/1504 1421/1497
f 1421/1497 1427/1505 1428/1507
f 1422/1498 1429/1508 1427/1505
f 1422/1498 1423/1499 1429/1508
f 456/1509 457/1495 1424/1500
f 456/1509 1424/1500 1425/1501
f 1421/1497 1428/1507 883/1506
f 903/1510 1428/1507 1427/1505
f 1427/1505 1429/1508 903/1510
f 883/1506 1428/1507 888/1511
f 1428/1507 903/1510 888/1511
f 1430/1512 168/1513 1431/1514
f 1430/1512 199/1515 168/1513
f 222/1516 1431/1514 168/1513
f 1431/1514 1432/1517 1430/1512
f 1432/1517 199/1515 1430/1512
f 1431/1514 222/1516 242/1518
f 242/1518 1432/1517 1431/1514
f 199/1515 1432/1517 242/1518
f 1271/1519 1433/1520 1434/1521
f 1435/1522 1434/1521 1433/1520
f 1436/1523 1271/1519 1434/1521
f 1435/1522 1437/1524 1434/1521
f 1271/1519 1436/1523 1438/1525
f 1436/1523 1434/1521 1439/1526
f 1437/1524 1435/1522 1440/1527
f 1434/1521 1437/1524 1441/1528
f 1438/1525 1442/1529 1271/1519
f 1439/1526 1438/1525 1436/1523
f 1441/1528 1439/1526 1434/1521
f 1435/1522 1443/1530 1440/1527
f 1437/1524 1440/1527 1444/1531
f 1441/1528 1437/1524 1444/1531
f 1442/1529 1263/1532 1271/1519
f 1442/1529 1438/1525 1445/1533
f 1439/1526 1445/1533 1438/1525
f 1439/1526 1441/1528 1446/1534
f 1443/1530 1435/1522 1447/1535
f 1440/1527 1443/1530 1448/1536
f 1444/1531 1440/1527 1449/1537
f 1450/1538 1441/1528 1444/1531
f 1263/1532 1442/1529 1451/1539
f 1445/1533 1451/1539 1442/1529
f 1445/1533 1439/1526 1452/1540
f 1446/1534 1441/1528 1450/1538
f 1452/1540 1439/1526 1446/1534
f 1447/1535 1448/1536 1443/1530
f 1448/1536 1449/1537 1440/1527
f 1444/1531 1449/1537 1450/1538
f 1451/1539 1264/1541 1263/1532
f 1445/1533 1453/1542 1451/1539
f 1453/1542 1445/1533 1452/1540
f 1446/1534 1450/1538 1454/1543
f 1446/1534 1455/1544 1452/1540
f 1456/1545 1448/1536 1447/1535
f 3445/4684 1449/1537 1448/1536
f 3446/4685 3445/4684 1448/1536
f 1454/1543 1450/1538 1449/1537
f 1451/1539 1457/1546 1264/1541
f 1453/1542 1458/1547 1451/1539
f 1459/1548 1453/1542 1452/1540
f 1455/1544 1446/1534 1454/1543
f 1452/1540 1455/1544 1460/1549
f 3447/4686 1448/1536 1456/1545
f 3448/4687 3447/4686 1456/1545
f 1448/1536 3449/4688 3446/4689
f 3450/4690 1461/1550 1449/1537
f 3445/4691 3450/4690 1449/1537
f 1449/1537 1461/1550 1454/1543
f 1458/1547 1457/1546 1451/1539
f 1462/1551 1264/1541 1457/1546
f 1463/1552 1458/1547 1453/1542
f 1459/1548 1463/1552 1453/1542
f 1460/1549 1459/1548 1452/1540
f 1455/1544 1454/1543 1461/1550
f 1460/1549 1455/1544 1461/1550
f 1456/1545 3451/4692 3448/4693
f 1448/1536 3447/4694 3449/4695
f 1461/1550 3450/4696 3452/4697
f 1462/1551 1457/1546 1458/1547
f 1464/1553 1264/1541 1462/1551
f 1463/1552 1462/1551 1458/1547
f 1463/1552 1459/1548 1465/1554
f 1459/1548 1460/1549 1466/1555
f 1467/1556 1460/1549 1461/1550
f 1456/1545 3453/4698 3451/4699
f 3454/4700 1468/1557 1461/1550
f 3452/4701 3454/4700 1461/1550
f 1264/1541 1464/1553 1469/1558
f 1462/1551 1470/1559 1464/1553
f 1462/1551 1463/1552 1471/1560
f 1465/1554 1459/1548 1466/1555
f 1472/1561 1463/1552 1465/1554
f 1466/1555 1460/1549 1467/1556
f 1461/1550 1468/1557 1467/1556
f 1468/1557 3454/4702 3455/4703
f 1264/1541 1469/1558 1473/1562
f 1470/1559 1469/1558 1464/1553
f 1470/1559 1462/1551 1471/1560
f 1471/1560 1463/1552 1474/1563
f 1466/1555 1475/1564 1465/1554
f 1474/1563 1463/1552 1472/1561
f 1475/1564 1472/1561 1465/1554
f 1466/1555 1467/1556 1468/1557
f 3456/4704 1476/1565 1468/1557
f 3455/4705 3456/4704 1468/1557
f 1264/1541 1473/1562 1477/1566
f 1469/1558 1478/1567 1473/1562
f 1469/1558 1470/1559 1479/1568
f 1471/1560 1479/1568 1470/1559
f 1471/1560 1474/1563 1480/1569
f 1475/1564 1466/1555 1481/1570
f 1472/1561 1480/1569 1474/1563
f 1482/1571 1472/1561 1475/1564
f 1481/1570 1466/1555 1468/1557
f 1481/1570 1468/1557 1476/1565
f 1476/1565 3456/4706 3457/4707
f 1268/1572 1264/1541 1477/1566
f 1473/1562 1483/1573 1477/1566
f 1478/1567 1483/1573 1473/1562
f 1484/1574 1478/1567 1469/1558
f 1479/1568 1484/1574 1469/1558
f 1479/1568 1471/1560 1485/1575
f 1486/1576 1471/1560 1480/1569
f 1481/1570 1487/1577 1475/1564
f 1480/1569 1472/1561 1488/1578
f 1472/1561 1482/1571 1489/1579
f 1482/1571 1475/1564 1487/1577
f 1487/1577 1481/1570 1476/1565
f 1476/1565 3457/4708 3458/4709
f 1477/1566 1490/1580 1268/1572
f 1483/1573 1359/1581 1477/1566
f 1478/1567 1491/1582 1483/1573
f 1484/1574 1492/1583 1478/1567
f 1484/1574 1479/1568 1493/1584
f 1485/1575 1471/1560 1486/1576
f 1485/1575 1493/1584 1479/1568
f 1494/1585 1486/1576 1480/1569
f 1495/1586 1488/1578 1472/1561
f 1488/1578 1494/1585 1480/1569
f 1489/1579 1482/1571 1496/1587
f 1472/1561 1489/1579 1497/1588
f 1496/1587 1482/1571 1487/1577
f 3459/4710 1487/1577 1476/1565
f 3460/4711 3459/4710 1476/1565
f 1476/1565 3458/4712 3460/4713
f 1498/1589 1268/1572 1490/1580
f 1348/1590 1490/1580 1477/1566
f 1348/1590 1477/1566 1359/1581
f 1359/1581 1483/1573 1491/1582
f 1491/1582 1478/1567 1492/1583
f 1492/1583 1484/1574 1499/1591
f 1493/1584 1499/1591 1484/1574
f 1485/1575 1486/1576 1500/1592
f 1493/1584 1485/1575 1500/1592
f 1501/1593 1486/1576 1494/1585
f 1472/1561 1497/1588 1495/1586
f 1488/1578 1495/1586 1502/1594
f 1494/1585 1488/1578 1503/1595
f 1496/1587 1504/1596 1489/1579
f 1497/1588 1489/1579 1505/1597
f 1487/1577 1504/1596 1496/1587
f 3461/4714 1504/1596 1487/1577
f 3459/4715 3461/4714 1487/1577
f 1268/1572 1498/1589 1273/1598
f 1506/1599 1498/1589 1490/1580
f 1348/1590 1507/1600 1490/1580
f 1491/1582 1358/1601 1359/1581
f 1508/1602 1491/1582 1492/1583
f 1509/1603 1492/1583 1499/1591
f 1499/1591 1493/1584 1510/1604
f 1486/1576 1501/1593 1500/1592
f 1500/1592 1510/1604 1493/1584
f 1494/1585 1511/1605 1501/1593
f 1495/1586 1497/1588 1512/1606
f 1488/1578 1502/1594 1513/1607
f 1502/1594 1495/1586 1514/1608
f 1488/1578 1513/1607 1503/1595
f 1503/1595 1511/1605 1494/1585
f 1489/1579 1504/1596 1505/1597
f 1512/1606 1497/1588 1505/1597
f 3462/4716 1515/1609 1504/1596
f 3461/4717 3462/4716 1504/1596
f 1515/1609 3462/4718 3463/4719
f 1273/1598 1498/1589 1516/1610
f 1498/1589 1506/1599 1517/1611
f 1490/1580 1507/1600 1506/1599
f 1348/1590 1518/1612 1507/1600
f 1508/1602 1358/1601 1491/1582
f 1492/1583 1406/1613 1508/1602
f 1509/1603 1406/1613 1492/1583
f 1499/1591 1519/1614 1509/1603
f 1519/1614 1499/1591 1510/1604
f 1501/1593 1511/1605 1500/1592
f 1520/1615 1510/1604 1500/1592
f 1512/1606 1521/1616 1495/1586
f 1513/1607 1502/1594 1522/1617
f 1495/1586 1521/1616 1514/1608
f 1523/1618 1502/1594 1514/1608
f 1513/1607 1524/1619 1503/1595
f 1525/1620 1511/1605 1503/1595
f 1505/1597 1504/1596 1515/1609
f 1505/1597 1521/1616 1512/1606
f 1515/1609 3463/4720 3464/4721
f 1516/1610 1526/1621 1273/1598
f 1516/1610 1498/1589 1527/1622
f 1527/1622 1498/1589 1517/1611
f 1517/1611 1506/1599 1528/1623
f 1506/1599 1507/1600 1529/1624
f 1530/1625 1507/1600 1518/1612
f 1330/1626 1518/1612 1348/1590
f 1508/1602 1382/1627 1358/1601
f 1382/1627 1508/1602 1406/1613
f 1509/1603 1413/1628 1406/1613
f 1519/1614 1423/1629 1509/1603
f 1510/1604 1531/1630 1519/1614
f 1511/1605 1520/1615 1500/1592
f 1531/1630 1510/1604 1520/1615
f 1522/1617 1502/1594 1523/1618
f 1522/1617 1532/1631 1513/1607
f 3465/4722 1514/1608 1521/1616
f 3466/4723 3465/4722 1521/1616
f 1514/1608 1533/1632 1523/1618
f 1524/1619 1525/1620 1503/1595
f 1532/1631 1524/1619 1513/1607
f 1534/1633 1511/1605 1525/1620
f 3467/4724 1505/1597 1515/1609
f 3464/4725 3467/4724 1515/1609
f 3466/4726 1521/1616 1505/1597
f 3467/4727 3466/4726 1505/1597
f 1527/1622 1526/1621 1516/1610
f 1526/1621 1276/1634 1273/1598
f 1535/1635 1527/1622 1517/1611
f 1528/1623 1535/1635 1517/1611
f 1529/1624 1528/1623 1506/1599
f 1529/1624 1507/1600 1323/1636
f 1323/1636 1507/1600 1530/1625
f 1518/1612 1330/1626 1530/1625
f 1413/1628 1509/1603 1423/1629
f 1429/1637 1423/1629 1519/1614
f 1536/1638 1519/1614 1531/1630
f 1537/1639 1520/1615 1511/1605
f 1536/1638 1531/1630 1520/1615
f 1523/1618 1533/1632 1522/1617
f 1538/1640 1532/1631 1522/1617
f 1539/1641 1525/1620 1524/1619
f 1539/1641 1524/1619 1532/1631
f 1511/1605 1534/1633 1537/1639
f 1540/1642 1534/1633 1525/1620
f 1541/1643 1526/1621 1527/1622
f 1276/1634 1526/1621 1542/1644
f 1527/1622 1535/1635 1543/1645
f 1544/1646 1535/1635 1528/1623
f 1528/1623 1529/1624 1544/1646
f 1303/1647 1529/1624 1323/1636
f 1530/1625 1330/1626 1323/1636
f 1429/1637 1519/1614 1536/1638
f 1520/1615 1537/1639 1536/1638
f 1522/1617 1533/1632 1545/1648
f 1532/1631 1538/1640 1546/1649
f 1538/1640 1522/1617 1545/1648
f 1540/1642 1525/1620 1539/1641
f 1532/1631 1547/1650 1539/1641
f 1548/1651 1537/1639 1534/1633
f 1548/1651 1534/1633 1540/1642
f 1542/1644 1526/1621 1541/1643
f 1543/1645 1541/1643 1527/1622
f 1542/1644 1283/1652 1276/1634
f 1543/1645 1535/1635 1549/1653
f 1549/1653 1535/1635 1544/1646
f 1529/1624 1303/1647 1544/1646
f 1429/1637 1536/1638 903/1654
f 1550/1655 1536/1638 1537/1639
f 1546/1649 1538/1640 1545/1648
f 1540/1642 1539/1641 1551/1656
f 1539/1641 1547/1650 1552/1657
f 1550/1655 1537/1639 1548/1651
f 1548/1651 1540/1642 1551/1656
f 1541/1643 1283/1652 1542/1644
f 1549/1653 1541/1643 1543/1645
f 1286/1658 1549/1653 1544/1646
f 1289/1659 1544/1646 1303/1647
f 903/1654 1536/1638 1550/1655
f 1551/1656 1539/1641 1553/1660
f 1552/1657 1553/1660 1539/1641
f 1550/1655 1548/1651 1554/1661
f 1551/1656 1554/1661 1548/1651
f 1541/1643 1280/1662 1283/1652
f 1286/1658 1541/1643 1549/1653
f 1544/1646 1289/1659 1286/1658
f 1550/1655 904/1663 903/1654
f 1554/1661 904/1663 1550/1655
f 1541/1643 1286/1658 1280/1662
f 1555/1664 1556/1665 1557/1666
f 465/1667 1556/1665 1555/1664
f 1556/1665 1558/1668 1557/1666
f 1555/1664 1557/1666 467/1669
f 465/1667 1555/1664 464/1670
f 1559/1671 1558/1668 1556/1665
f 467/1669 1557/1666 471/1672
f 464/1670 1555/1664 467/1669
f 1557/1666 1560/1673 471/1672
f 810/1674 1561/1675 804/1676
f 810/1674 1562/1677 1561/1675
f 804/1676 1561/1675 794/1678
f 1562/1677 1563/1679 1561/1675
f 1564/1680 794/1678 1561/1675
f 1563/1679 1565/1681 1561/1675
f 1566/1682 794/1678 1564/1680
f 1561/1675 1567/1683 1564/1680
f 1565/1681 1563/1679 1568/1684
f 1561/1675 1565/1681 1569/1685
f 795/1686 794/1678 1566/1682
f 1566/1682 1564/1680 1567/1683
f 1567/1683 1561/1675 1569/1685
f 1565/1681 1568/1684 1570/1687
f 1565/1681 1571/1688 1569/1685
f 805/1689 795/1686 1566/1682
f 1567/1683 1572/1690 1566/1682
f 1572/1690 1567/1683 1569/1685
f 1570/1687 1568/1684 1573/1691
f 1571/1688 1565/1681 1570/1687
f 1569/1685 1571/1688 1574/1692
f 1566/1682 1575/1693 805/1689
f 1572/1690 1575/1693 1566/1682
f 1572/1690 1569/1685 1574/1692
f 1573/1691 1576/1694 1570/1687
f 1571/1688 1570/1687 1577/1695
f 1574/1692 1571/1688 1577/1695
f 796/1696 805/1689 1575/1693
f 1575/1693 1572/1690 1578/1697
f 1578/1697 1572/1690 1574/1692
f 1573/1691 1579/1698 1576/1694
f 1577/1695 1570/1687 1576/1694
f 1580/1699 1574/1692 1577/1695
f 1575/1693 1581/1700 796/1696
f 1582/1701 1575/1693 1578/1697
f 1578/1697 1574/1692 1580/1699
f 1579/1698 1583/1702 1576/1694
f 1576/1694 1584/1703 1577/1695
f 1580/1699 1577/1695 1584/1703
f 1581/1700 1575/1693 1582/1701
f 806/1704 796/1696 1581/1700
f 1582/1701 1578/1697 1585/1705
f 1580/1699 1585/1705 1578/1697
f 1583/1702 1579/1698 1586/1706
f 1576/1694 1583/1702 1584/1703
f 1584/1703 1587/1707 1580/1699
f 806/1704 1581/1700 1582/1701
f 1582/1701 1585/1705 1588/1708
f 1585/1705 1580/1699 1587/1707
f 1579/1698 1589/1709 1586/1706
f 1583/1702 1586/1706 1590/1710
f 1583/1702 1591/1711 1584/1703
f 1587/1707 1584/1703 1592/1712
f 806/1704 1582/1701 1588/1708
f 1588/1708 1585/1705 1593/1713
f 1593/1713 1585/1705 1587/1707
f 1594/1714 1589/1709 1579/1698
f 1595/1715 1586/1706 1589/1709
f 1590/1710 1586/1706 1596/1716
f 1591/1711 1583/1702 1590/1710
f 1584/1703 1591/1711 1592/1712
f 1597/1717 1587/1707 1592/1712
f 1598/1718 806/1704 1588/1708
f 1593/1713 1599/1719 1588/1708
f 1593/1713 1587/1707 1597/1717
f 1586/1706 1595/1715 1596/1716
f 1590/1710 1596/1716 1600/1720
f 1591/1711 1590/1710 1592/1712
f 1597/1717 1592/1712 1601/1721
f 1598/1718 811/1722 806/1704
f 1588/1708 1602/1723 1598/1718
f 1599/1719 1603/1724 1588/1708
f 1597/1717 1599/1719 1593/1713
f 1595/1715 1604/1725 1596/1716
f 1604/1725 1600/1720 1596/1716
f 1600/1720 1605/1726 1590/1710
f 1592/1712 1590/1710 1605/1726
f 1592/1712 1605/1726 1601/1721
f 1606/1727 1597/1717 1601/1721
f 807/1728 811/1722 1598/1718
f 1602/1723 1588/1708 1603/1724
f 1607/1729 1598/1718 1602/1723
f 1603/1724 1599/1719 1608/1730
f 1599/1719 1597/1717 1606/1727
f 1600/1720 1604/1725 1609/1731
f 1605/1726 1600/1720 1610/1732
f 1601/1721 1605/1726 1610/1732
f 1601/1721 1611/1733 1606/1727
f 816/1734 807/1728 1598/1718
f 1603/1724 1607/1729 1602/1723
f 816/1734 1598/1718 1607/1729
f 1608/1730 1599/1719 1606/1727
f 1608/1730 1612/1735 1603/1724
f 1613/1736 1609/1731 1604/1725
f 1609/1731 1614/1737 1600/1720
f 1610/1732 1600/1720 1615/1738
f 1601/1721 1610/1732 1616/1739
f 1617/1740 1611/1733 1601/1721
f 1618/1741 1606/1727 1611/1733
f 1603/1724 1619/1742 1607/1729
f 1607/1729 1620/1743 816/1734
f 1621/1744 1608/1730 1606/1727
f 1612/1735 1608/1730 1621/1744
f 1622/1745 1603/1724 1612/1735
f 1609/1731 1613/1736 1623/1746
f 1609/1731 1624/1747 1614/1737
f 1600/1720 1614/1737 1615/1738
f 1610/1732 1615/1738 1616/1739
f 1601/1721 1616/1739 1617/1740
f 1611/1733 1617/1740 1625/1748
f 1621/1744 1606/1727 1618/1741
f 1618/1741 1611/1733 1626/1749
f 1619/1742 1603/1724 1622/1745
f 1627/1750 1607/1729 1619/1742
f 1620/1743 1607/1729 1627/1750
f 818/1751 816/1734 1620/1743
f 1622/1745 1612/1735 1621/1744
f 1623/1746 1624/1747 1609/1731
f 1614/1737 1624/1747 1628/1752
f 1614/1737 1629/1753 1615/1738
f 1616/1739 1615/1738 1629/1753
f 1616/1739 1629/1753 1617/1740
f 1630/1754 1625/1748 1617/1740
f 1611/1733 1625/1748 1631/1755
f 1621/1744 1618/1741 1632/1756
f 1631/1755 1626/1749 1611/1733
f 1618/1741 1626/1749 1632/1756
f 1627/1750 1619/1742 1622/1745
f 818/1751 1620/1743 1627/1750
f 1633/1757 1622/1745 1621/1744
f 1623/1746 1634/1758 1624/1747
f 1635/1759 1628/1752 1624/1747
f 1629/1753 1614/1737 1628/1752
f 1617/1740 1629/1753 1636/1760
f 1617/1740 1636/1760 1630/1754
f 1625/1748 1630/1754 1637/1761
f 1631/1755 1625/1748 1638/1762
f 1621/1744 1632/1756 1639/1763
f 1626/1749 1631/1755 1640/1764
f 1632/1756 1626/1749 1640/1764
f 1627/1750 1622/1745 821/1765
f 1627/1750 821/1765 818/1751
f 821/1765 1622/1745 1633/1757
f 1621/1744 1641/1766 1633/1757
f 1624/1747 1634/1758 1635/1759
f 1628/1752 1635/1759 1642/1767
f 1629/1753 1628/1752 1636/1760
f 1636/1760 1628/1752 1630/1754
f 1643/1768 1637/1761 1630/1754
f 1625/1748 1637/1761 1644/1769
f 1638/1762 1625/1748 1644/1769
f 1645/1770 1631/1755 1638/1762
f 1639/1763 1632/1756 1646/1771
f 1641/1766 1621/1744 1639/1763
f 1645/1770 1640/1764 1631/1755
f 1632/1756 1640/1764 1646/1771
f 1633/1757 826/1772 821/1765
f 826/1772 1633/1757 1641/1766
f 1628/1752 1642/1767 1647/1773
f 1628/1752 1647/1773 1630/1754
f 1630/1754 1647/1773 1643/1768
f 1637/1761 1643/1768 1648/1774
f 1648/1774 1644/1769 1637/1761
f 1644/1769 1649/1775 1638/1762
f 1638/1762 1650/1776 1645/1770
f 1646/1771 1651/1777 1639/1763
f 1639/1763 1652/1778 1641/1766
f 1640/1764 1645/1770 1650/1776
f 1640/1764 1653/1779 1646/1771
f 826/1772 1641/1766 1654/1780
f 1642/1767 1655/1781 1647/1773
f 1647/1773 1655/1781 1643/1768
f 1643/1768 1656/1782 1648/1774
f 1644/1769 1648/1774 1657/1783
f 1657/1783 1649/1775 1644/1769
f 1638/1762 1649/1775 1658/1784
f 1650/1776 1638/1762 1658/1784
f 1651/1777 1646/1771 1659/1785
f 1652/1778 1639/1763 1651/1777
f 1641/1766 1652/1778 1654/1780
f 1650/1776 1660/1786 1640/1764
f 1653/1779 1640/1764 1660/1786
f 1653/1779 1659/1785 1646/1771
f 834/1787 826/1772 1654/1780
f 1655/1781 1642/1767 1661/1788
f 1656/1782 1643/1768 1655/1781
f 1656/1782 1662/1789 1648/1774
f 1648/1774 1662/1789 1657/1783
f 1649/1775 1657/1783 1663/1790
f 1658/1784 1649/1775 1664/1791
f 1650/1776 1658/1784 1665/1792
f 1666/1793 1651/1777 1659/1785
f 1666/1793 1652/1778 1651/1777
f 1654/1780 1652/1778 1667/1794
f 1660/1786 1650/1776 419/1795
f 1653/1779 1660/1786 432/1796
f 1659/1785 1653/1779 440/1797
f 1426/1798 834/1787 1654/1780
f 1668/1799 1655/1781 1661/1788
f 1655/1781 1668/1799 1656/1782
f 1669/1800 1662/1789 1656/1782
f 1657/1783 1662/1789 1670/1801
f 1657/1783 1670/1801 1663/1790
f 1649/1775 1663/1790 1664/1791
f 1664/1791 1665/1792 1658/1784
f 1650/1776 1665/1792 1671/1802
f 1659/1785 1672/1803 1666/1793
f 1667/1794 1652/1778 1666/1793
f 1426/1798 1654/1780 1667/1794
f 1673/1804 419/1795 1650/1776
f 419/1795 432/1796 1660/1786
f 440/1797 1653/1779 432/1796
f 1659/1785 440/1797 441/1805
f 834/1787 1426/1798 838/1806
f 1661/1788 1674/1807 1668/1799
f 1656/1782 1668/1799 1669/1800
f 1669/1800 1675/1808 1662/1789
f 1662/1789 1676/1809 1670/1801
f 1663/1790 1670/1801 1677/1810
f 1664/1791 1663/1790 1678/1811
f 1665/1792 1664/1791 1679/1812
f 1679/1812 1671/1802 1665/1792
f 1673/1804 1650/1776 1671/1802
f 1672/1803 1659/1785 450/1813
f 456/1814 1666/1793 1672/1803
f 1666/1793 1425/1815 1667/1794
f 1426/1798 1667/1794 1425/1815
f 419/1795 1673/1804 378/1816
f 441/1805 450/1813 1659/1785
f 842/1817 838/1806 1426/1798
f 1668/1799 1674/1807 1669/1800
f 1680/1818 1675/1808 1669/1800
f 1681/1819 1662/1789 1675/1808
f 1682/1820 1676/1809 1662/1789
f 1676/1809 1683/1821 1670/1801
f 1683/1821 1677/1810 1670/1801
f 1663/1790 1677/1810 1678/1811
f 1664/1791 1678/1811 1679/1812
f 1671/1802 1679/1812 401/1822
f 1673/1804 1671/1802 378/1816
f 456/1814 1672/1803 450/1813
f 1425/1815 1666/1793 456/1814
f 1669/1800 1674/1807 1680/1818
f 1662/1789 1681/1819 1682/1820
f 1675/1808 1684/1823 1681/1819
f 1685/1824 1676/1809 1682/1820
f 1686/1825 1683/1821 1676/1809
f 1677/1810 1683/1821 1687/1826
f 1677/1810 1687/1826 1678/1811
f 1679/1812 1678/1811 1688/1827
f 1679/1812 377/1828 401/1822
f 378/1816 1671/1802 401/1822
f 1676/1809 1685/1824 1686/1825
f 1689/1829 1683/1821 1686/1825
f 1678/1811 1687/1826 1688/1827
f 1679/1812 1688/1827 1690/1830
f 1690/1830 377/1828 1679/1812
f 1683/1821 1689/1829 1691/1831
f 377/1828 1690/1830 328/1832
f 1683/1821 1691/1831 1692/1833
f 351/1834 328/1832 1690/1830
f 1693/1835 3251/4298 3252/4299
f 1693/1835 3253/4300 3251/4301
f 3253/4302 1693/1835 1694/1836
f 3254/4303 3253/4302 1694/1836
f 1695/1837 3255/4304 3256/4305
f 1694/1836 1693/1835 1696/1838
f 3254/4306 1694/1836 1695/1837
f 3256/4307 3254/4306 1695/1837
f 3511/4814 3255/4308 1695/1837
f 3512/4815 3511/4814 1695/1837
f 3255/4308 3511/4816 3513/4817
f 1694/1836 1696/1838 1697/1839
f 1694/1836 1697/1839 1695/1837
f 1695/1837 3514/4818 3512/4819
f 1696/1838 1698/1840 1697/1839
f 3514/4820 1695/1837 1697/1839
f 3515/4821 3514/4820 1697/1839
f 1697/1839 1698/1840 1699/1841
f 3515/4822 1697/1839 1699/1841
f 3516/4823 3515/4822 1699/1841
f 1699/1841 3517/4824 3516/4825
f 1699/1841 1698/1840 1700/1842
f 3517/4826 1699/1841 1701/1843
f 3518/4827 3517/4826 1701/1843
f 1699/1841 1700/1842 1702/1844
f 1701/1843 1699/1841 1702/1844
f 1701/1843 3519/4828 3518/4829
f 1702/1844 1700/1842 1703/1845
f 1701/1843 1702/1844 1704/1846
f 3519/4830 1701/1843 1704/1846
f 3520/4831 3519/4830 1704/1846
f 1703/1845 1700/1842 1705/1847
f 1702/1844 1703/1845 1704/1846
f 3520/4832 1704/1846 1706/1848
f 3521/4833 3520/4832 1706/1848
f 1700/1842 1707/1849 1705/1847
f 1703/1845 1705/1847 1708/1850
f 1704/1846 1703/1845 1709/1851
f 1709/1851 1706/1848 1704/1846
f 1706/1848 3522/4834 3521/4835
f 1700/1842 1710/1852 1707/1849
f 1705/1847 1707/1849 1711/1853
f 1712/1854 1708/1850 1705/1847
f 1708/1850 1713/1855 1703/1845
f 1709/1851 1703/1845 1713/1855
f 1709/1851 1713/1855 1706/1848
f 3522/4836 1706/1848 1714/1856
f 3523/4837 3522/4836 1714/1856
f 1707/1849 1710/1852 1715/1857
f 1707/1849 1715/1857 1711/1853
f 1705/1847 1711/1853 1712/1854
f 1708/1850 1712/1854 1716/1858
f 1708/1850 1717/1859 1713/1855
f 1706/1848 1713/1855 1718/1860
f 1714/1856 1706/1848 1718/1860
f 1714/1856 3524/4838 3523/4839
f 1711/1853 1715/1857 1719/1861
f 1711/1853 1719/1861 1712/1854
f 1720/1862 1716/1858 1712/1854
f 1716/1858 1721/1863 1708/1850
f 1717/1859 1708/1850 1721/1863
f 1713/1855 1717/1859 1718/1860
f 1714/1856 1718/1860 1722/1864
f 3524/4840 1714/1856 1722/1864
f 3525/4841 3524/4840 1722/1864
f 1719/1861 1715/1857 1723/1865
f 1712/1854 1719/1861 1724/1866
f 1712/1854 1725/1867 1720/1862
f 1716/1858 1720/1862 1726/1868
f 1721/1863 1716/1858 1727/1869
f 1717/1859 1721/1863 1728/1870
f 1718/1860 1717/1859 1722/1864
f 1722/1864 3526/4842 3525/4843
f 1715/1857 1729/1871 1723/1865
f 1719/1861 1723/1865 1724/1866
f 1730/1872 1712/1854 1724/1866
f 1712/1854 1730/1872 1725/1867
f 1731/1873 1720/1862 1725/1867
f 1726/1868 1720/1862 1732/1874
f 1727/1869 1716/1858 1726/1868
f 1733/1875 1721/1863 1727/1869
f 1721/1863 1733/1875 1728/1870
f 1734/1876 1717/1859 1728/1870
f 1717/1859 1734/1876 1722/1864
f 3526/4844 1722/1864 1734/1876
f 3527/4845 3526/4844 1734/1876
f 1723/1865 1729/1871 1735/1877
f 1724/1866 1723/1865 1730/1872
f 1730/1872 1736/1878 1725/1867
f 1725/1867 1736/1878 1731/1873
f 1720/1862 1731/1873 1737/1879
f 1738/1880 1732/1874 1720/1862
f 1726/1868 1732/1874 1739/1881
f 1726/1868 1740/1882 1727/1869
f 1733/1875 1727/1869 1741/1883
f 1728/1870 1733/1875 1742/1884
f 1728/1870 1742/1884 1734/1876
f 1734/1876 3528/4846 3527/4847
f 1735/1877 1736/1878 1723/1865
f 1730/1872 1723/1865 1736/1878
f 1736/1878 1743/1885 1731/1873
f 900/1886 1737/1879 1731/1873
f 1720/1862 1737/1879 1738/1880
f 1732/1874 1738/1880 1744/1887
f 1744/1887 1739/1881 1732/1874
f 1739/1881 1740/1882 1726/1868
f 1741/1883 1727/1869 1740/1882
f 1745/1888 1733/1875 1741/1883
f 1742/1884 1733/1875 1745/1888
f 1734/1876 1742/1884 1746/1889
f 3528/4848 1734/1876 1746/1889
f 3529/4849 3528/4848 1746/1889
f 1736/1878 1735/1877 1743/1885
f 1731/1873 1743/1885 900/1886
f 1737/1879 900/1886 1747/1890
f 1738/1880 1737/1879 1748/1891
f 1748/1891 1744/1887 1738/1880
f 1741/1883 1749/1892 1745/1888
f 1746/1889 1742/1884 1745/1888
f 1750/1893 3530/4850 3531/4851
f 3529/4852 1746/1889 1750/1893
f 3531/4853 3529/4852 1750/1893
f 889/1894 1747/1890 900/1886
f 1747/1890 1751/1895 1737/1879
f 1737/1879 1751/1895 1748/1891
f 1752/1896 1745/1888 1749/1892
f 1746/1889 1745/1888 1752/1896
f 1750/1893 3532/4854 3530/4855
f 1750/1893 1746/1889 1752/1896
f 889/1894 896/1897 1747/1890
f 1751/1895 1747/1890 1753/1898
f 1748/1891 1751/1895 1753/1898
f 1752/1896 1749/1892 1754/1899
f 3532/4856 1750/1893 1755/1900
f 3533/4857 3532/4856 1755/1900
f 1750/1893 1752/1896 1755/1900
f 1753/1898 1747/1890 896/1897
f 1755/1900 1752/1896 1754/1899
f 1755/1900 3534/4858 3533/4859
f 3534/4860 1755/1900 1754/1899
f 3535/4861 3534/4860 1754/1899
f 1754/1899 3536/4862 3535/4863
f 1756/1901 1757/1902 1758/1903
f 1759/1904 1088/1905 1089/1906
f 1759/1904 1089/1906 1760/1907
f 1761/1908 1759/1904 1760/1907
f 1089/1906 1099/1909 1762/1910
f 1762/1910 1099/1909 1763/1911
f 1099/1909 1104/1912 1763/1911
f 1754/1913 3537/4864 3536/4865
f 1764/1914 3538/4866 3539/4867
f 3537/4868 1754/1913 1764/1914
f 3539/4869 3537/4868 1764/1914
f 1764/1914 3540/4870 3538/4871
f 1754/1913 1765/1915 1764/1914
f 3540/4872 1764/1914 1766/1916
f 3541/4873 3540/4872 1766/1916
f 1749/1917 1765/1915 1754/1913
f 1765/1915 1767/1918 1764/1914
f 1766/1916 1764/1914 1768/1919
f 1766/1916 3542/4874 3541/4875
f 1769/1920 1765/1915 1749/1917
f 1770/1921 1767/1918 1765/1915
f 1764/1914 1767/1918 1768/1919
f 1768/1919 1771/1922 1766/1916
f 1766/1916 3543/4876 3542/4877
f 1749/1917 1741/1923 1769/1920
f 1765/1915 1769/1920 1770/1921
f 1767/1918 1770/1921 1772/1924
f 1767/1918 1772/1924 1768/1919
f 1766/1916 1771/1922 1773/1925
f 1768/1919 1774/1926 1771/1922
f 3543/4878 1766/1916 1775/1927
f 3544/4879 3543/4878 1775/1927
f 1776/1928 1769/1920 1741/1923
f 1777/1929 1770/1921 1769/1920
f 1778/1930 1772/1924 1770/1921
f 1772/1924 1779/1931 1768/1919
f 1773/1925 1771/1922 1780/1932
f 1766/1916 1773/1925 1775/1927
f 1768/1919 1779/1931 1774/1926
f 1771/1922 1774/1926 1780/1932
f 3544/4880 1775/1927 1781/1933
f 3545/4881 3544/4880 1781/1933
f 1776/1928 1741/1923 1740/1934
f 1777/1929 1769/1920 1776/1928
f 1778/1930 1770/1921 1777/1929
f 1772/1924 1778/1930 1782/1935
f 1779/1931 1772/1924 1782/1935
f 1773/1925 1780/1932 1775/1927
f 1774/1926 1779/1931 1782/1935
f 1780/1932 1774/1926 1783/1936
f 1784/1937 1781/1933 1775/1927
f 1781/1933 3546/4882 3545/4883
f 1785/1938 1776/1928 1740/1934
f 1786/1939 1777/1929 1776/1928
f 1786/1939 1778/1930 1777/1929
f 1787/1940 1782/1935 1778/1930
f 1780/1932 1784/1937 1775/1927
f 1774/1926 1782/1935 1783/1936
f 1783/1936 1784/1937 1780/1932
f 1781/1933 1784/1937 1788/1941
f 1781/1933 3547/4884 3546/4885
f 1740/1934 1739/1942 1785/1938
f 1776/1928 1785/1938 898/1943
f 898/1943 1786/1939 1776/1928
f 1789/1944 1778/1930 1786/1939
f 1778/1930 1789/1944 1787/1940
f 1782/1935 1787/1940 1790/1945
f 1783/1936 1782/1935 1790/1945
f 1784/1937 1783/1936 1791/1946
f 1788/1941 1784/1937 1792/1947
f 1781/1933 1788/1941 1793/1948
f 3547/4886 1781/1933 1794/1949
f 3548/4887 3547/4886 1794/1949
f 1739/1942 1744/1950 1785/1938
f 896/1951 898/1943 1785/1938
f 898/1943 1789/1944 1786/1939
f 1789/1944 898/1943 1787/1940
f 1790/1945 1787/1940 1795/1952
f 1783/1936 1790/1945 1791/1946
f 1784/1937 1791/1946 1792/1947
f 1792/1947 1791/1946 1788/1941
f 1788/1941 1791/1946 1793/1948
f 1781/1933 1793/1948 1794/1949
f 1794/1949 3549/4888 3548/4889
f 1785/1938 1744/1950 1796/1953
f 896/1951 1785/1938 1796/1953
f 1787/1940 898/1943 1795/1952
f 1790/1945 1795/1952 1797/1954
f 1798/1955 1791/1946 1790/1945
f 1793/1948 1791/1946 1799/1956
f 1794/1949 1793/1948 1800/1957
f 1794/1949 3550/4890 3549/4891
f 1744/1950 1748/1958 1796/1953
f 1753/1959 896/1951 1796/1953
f 1795/1952 898/1943 893/1960
f 893/1960 1797/1954 1795/1952
f 1797/1954 1798/1955 1790/1945
f 1791/1946 1798/1955 1799/1956
f 1799/1956 1801/1961 1793/1948
f 1800/1957 1793/1948 1801/1961
f 1794/1949 1800/1957 1802/1962
f 1794/1949 3551/4892 3550/4893
f 1748/1958 1753/1959 1796/1953
f 1803/1963 1797/1954 893/1960
f 1798/1955 1797/1954 1803/1963
f 1799/1956 1798/1955 1803/1963
f 1799/1956 1804/1964 1801/1961
f 1800/1957 1801/1961 1802/1962
f 3551/4894 1794/1949 1802/1962
f 3552/4895 3551/4894 1802/1962
f 1803/1963 893/1960 901/1965
f 1803/1963 1805/1966 1799/1956
f 1804/1964 1799/1956 1806/1967
f 1801/1961 1804/1964 1802/1962
f 1802/1962 3553/4896 3552/4897
f 1807/1968 1803/1963 901/1965
f 1807/1968 1805/1966 1803/1963
f 1799/1956 1805/1966 1806/1967
f 1802/1962 1804/1964 1806/1967
f 1802/1962 3554/4898 3553/4899
f 1807/1968 901/1965 1808/1969
f 1805/1966 1807/1968 1809/1970
f 1806/1967 1805/1966 1810/1971
f 1802/1962 1806/1967 1811/1972
f 3554/4900 1802/1962 1811/1972
f 3555/4901 3554/4900 1811/1972
f 1808/1969 901/1965 902/1973
f 1809/1970 1807/1968 1808/1969
f 1809/1970 1812/1974 1805/1966
f 1810/1971 1805/1966 1812/1974
f 1811/1972 1806/1967 1810/1971
f 3555/4902 1811/1972 1813/1975
f 3556/4903 3555/4902 1813/1975
f 1808/1969 902/1973 1554/1976
f 1809/1970 1808/1969 1814/1977
f 1812/1974 1809/1970 1815/1978
f 1812/1974 1816/1979 1810/1971
f 1811/1972 1810/1971 1813/1975
f 1813/1975 3557/4904 3556/4905
f 1554/1976 902/1973 904/1980
f 1814/1977 1808/1969 1554/1976
f 1814/1977 1817/1981 1809/1970
f 1815/1978 1809/1970 1817/1981
f 1816/1979 1812/1974 1815/1978
f 1810/1971 1816/1979 1813/1975
f 3557/4906 1813/1975 1818/1982
f 3558/4907 3557/4906 1818/1982
f 1554/1976 1551/1983 1814/1977
f 1814/1977 1819/1984 1817/1981
f 1819/1984 1815/1978 1817/1981
f 1815/1978 1820/1985 1816/1979
f 1813/1975 1816/1979 1821/1986
f 1813/1975 1821/1986 1818/1982
f 1818/1982 3559/4908 3558/4909
f 1819/1984 1814/1977 1551/1983
f 1815/1978 1819/1984 1552/1987
f 1815/1978 1822/1988 1820/1985
f 1821/1986 1816/1979 1820/1985
f 1821/1986 1820/1985 1818/1982
f 3559/4910 1818/1982 1823/1989
f 3560/4911 3559/4910 1823/1989
f 1551/1983 1553/1990 1819/1984
f 1552/1987 1819/1984 1553/1990
f 1824/1991 1815/1978 1552/1987
f 1822/1988 1815/1978 1824/1991
f 1820/1985 1822/1988 1818/1982
f 1825/1992 1823/1989 1818/1982
f 3560/4912 1823/1989 1826/1993
f 3561/4913 3560/4912 1826/1993
f 1824/1991 1552/1987 1547/1994
f 1825/1992 1822/1988 1824/1991
f 1818/1982 1822/1988 1825/1992
f 1825/1992 1824/1991 1823/1989
f 1826/1993 3562/4914 3561/4915
f 1826/1993 3563/4916 3562/4917
f 1826/1993 3564/4918 3563/4919
f 801/1995 3257/4309 3247/4310
f 3257/4311 801/1995 1827/1996
f 3258/4312 3257/4311 1827/1996
f 1827/1996 3259/4313 3258/4314
f 1828/1997 3260/4315 3261/4316
f 3259/4317 1827/1996 1828/1997
f 3261/4318 3259/4317 1828/1997
f 3260/4319 1828/1997 1829/1998
f 3262/4320 3260/4319 1829/1998
f 1829/1998 1828/1997 1830/1999
f 1831/2000 1832/2001 1833/2002
f 1834/2003 1832/2001 1831/2000
f 1832/2001 1835/2004 1833/2002
f 1833/2002 1836/2005 1831/2000
f 1832/2001 1834/2003 1837/2006
f 1831/2000 1836/2005 1834/2003
f 1838/2007 1833/2002 1835/2004
f 1839/2008 1835/2004 1832/2001
f 1836/2005 1833/2002 1840/2009
f 1837/2006 1841/2010 1832/2001
f 1836/2005 1842/2011 1834/2003
f 1833/2002 1838/2007 1840/2009
f 1839/2008 1832/2001 1841/2010
f 1840/2009 1843/2012 1836/2005
f 1842/2011 1836/2005 1843/2012
f 1844/2013 1840/2009 1838/2007
f 1843/2012 1840/2009 1844/2013
f 1843/2012 1845/2014 1842/2011
f 1845/2014 1843/2012 1844/2013
f 1842/2011 1845/2014 1846/2015
f 1844/2013 1847/2016 1845/2014
f 1847/2016 1846/2015 1845/2014
f 1846/2015 1848/2017 1842/2011
f 1846/2015 1847/2016 1849/2018
f 1846/2015 1850/2019 1848/2017
f 1842/2011 1848/2017 1851/2020
f 1849/2018 1847/2016 1852/2021
f 1850/2019 1846/2015 1849/2018
f 1853/2022 1848/2017 1850/2019
f 1851/2020 1848/2017 1854/2023
f 1849/2018 1852/2021 1855/2024
f 1849/2018 1856/2025 1850/2019
f 1854/2023 1848/2017 1853/2022
f 1853/2022 1850/2019 1857/2026
f 1854/2023 1858/2027 1851/2020
f 1082/2028 1855/2024 1852/2021
f 1855/2024 1859/2029 1849/2018
f 1860/2030 1856/2025 1849/2018
f 1857/2026 1850/2019 1856/2025
f 1857/2026 1854/2023 1853/2022
f 3263/4321 1858/2027 1854/2023
f 3264/4322 3263/4321 1854/2023
f 1100/2031 1855/2024 1082/2028
f 1859/2029 1855/2024 1861/2032
f 1860/2030 1849/2018 1859/2029
f 1856/2025 1860/2030 1862/2033
f 1863/2034 1857/2026 1856/2025
f 3265/4323 1854/2023 1857/2026
f 3266/4324 3265/4323 1857/2026
f 1854/2023 3265/4325 3264/4326
f 1100/2031 1864/2035 1855/2024
f 1861/2032 1855/2024 1864/2035
f 1859/2029 1861/2032 1865/2036
f 1859/2029 1866/2037 1860/2030
f 1862/2033 1863/2034 1856/2025
f 1862/2033 1860/2030 1867/2038
f 3267/4327 1857/2026 1863/2034
f 3268/4328 3267/4327 1863/2034
f 1857/2026 3269/4329 3266/4330
f 1103/2039 1864/2035 1100/2031
f 1865/2036 1861/2032 1864/2035
f 1868/2040 1859/2029 1865/2036
f 1859/2029 1868/2040 1866/2037
f 1860/2030 1866/2037 1869/2041
f 1867/2038 1863/2034 1862/2033
f 1869/2041 1867/2038 1860/2030
f 1857/2026 3267/4331 3269/4332
f 1863/2034 3270/4333 3268/4334
f 1103/2039 1870/2042 1864/2035
f 1864/2035 1871/2043 1865/2036
f 1865/2036 1872/2044 1868/2040
f 1866/2037 1868/2040 1873/2045
f 1869/2041 1866/2037 1874/2046
f 3270/4335 1863/2034 1867/2038
f 3271/4336 3270/4335 1867/2038
f 1875/2047 1867/2038 1869/2041
f 1103/2039 1110/2048 1870/2042
f 1870/2042 1876/2049 1864/2035
f 1864/2035 1876/2049 1871/2043
f 1872/2044 1865/2036 1871/2043
f 1868/2040 1872/2044 1877/2050
f 1874/2046 1866/2037 1873/2045
f 1868/2040 1878/2051 1873/2045
f 1875/2047 1869/2041 1874/2046
f 3271/4337 1867/2038 1875/2047
f 3272/4338 3271/4337 1875/2047
f 1110/2048 1119/2052 1870/2042
f 1879/2053 1876/2049 1870/2042
f 1876/2049 1880/2054 1871/2043
f 1871/2043 1881/2055 1872/2044
f 1877/2050 1882/2056 1868/2040
f 1877/2050 1872/2044 1883/2057
f 1875/2047 1874/2046 1873/2045
f 1884/2058 1878/2051 1868/2040
f 1873/2045 1878/2051 1885/2059
f 3272/4339 1875/2047 1886/2060
f 3273/4340 3272/4339 1886/2060
f 1886/2060 3274/4341 3273/4342
f 1119/2052 1879/2053 1870/2042
f 1876/2049 1879/2053 1132/2061
f 1876/2049 1132/2061 1880/2054
f 1880/2054 1887/2062 1871/2043
f 1871/2043 1888/2063 1881/2055
f 1872/2044 1881/2055 1889/2064
f 1883/2057 1882/2056 1877/2050
f 1882/2056 1884/2058 1868/2040
f 1890/2065 1883/2057 1872/2044
f 1885/2059 1875/2047 1873/2045
f 1885/2059 1878/2051 1884/2058
f 1875/2047 1885/2059 1886/2060
f 1886/2060 3275/4343 3274/4344
f 1119/2052 1132/2061 1879/2053
f 1891/2066 1880/2054 1132/2061
f 1892/2067 1871/2043 1887/2062
f 1887/2062 1880/2054 1893/2068
f 1871/2043 1894/2069 1888/2063
f 1895/2070 1881/2055 1888/2063
f 1889/2064 1890/2065 1872/2044
f 1889/2064 1881/2055 1896/2071
f 3276/4345 1882/2056 1883/2057
f 3277/4346 3276/4345 1883/2057
f 1884/2058 1882/2056 1897/2072
f 1883/2057 1890/2065 1898/2073
f 1886/2060 1885/2059 1884/2058
f 3275/4347 1886/2060 1884/2058
f 3278/4348 3275/4347 1884/2058
f 1891/2066 1899/2074 1880/2054
f 1140/2075 1891/2066 1132/2061
f 1900/2076 1871/2043 1892/2067
f 1887/2062 1901/2077 1892/2067
f 1880/2054 1899/2074 1893/2068
f 1902/2078 1887/2062 1893/2068
f 1894/2069 1871/2043 1900/2076
f 1888/2063 1894/2069 1903/2079
f 1896/2071 1881/2055 1895/2070
f 1903/2079 1895/2070 1888/2063
f 1896/2071 1890/2065 1889/2064
f 3279/4349 1897/2072 1882/2056
f 3276/4350 3279/4349 1882/2056
f 3277/4351 1883/2057 1898/2073
f 3280/4352 3277/4351 1898/2073
f 3278/4353 1884/2058 1897/2072
f 3281/4354 3278/4353 1897/2072
f 1898/2073 1890/2065 1904/2080
f 1891/2066 1905/2081 1899/2074
f 1905/2081 1891/2066 1140/2075
f 1906/2082 1900/2076 1892/2067
f 1887/2062 1907/2083 1901/2077
f 1892/2067 1901/2077 1908/2084
f 1899/2074 1909/2085 1893/2068
f 1910/2086 1887/2062 1902/2078
f 1893/2068 1911/2087 1902/2078
f 1912/2088 1894/2069 1900/2076
f 1903/2079 1894/2069 1913/2089
f 1896/2071 1895/2070 1914/2090
f 1913/2089 1895/2070 1903/2079
f 1904/2080 1890/2065 1896/2071
f 1897/2072 3279/4355 3281/4356
f 3280/4357 1898/2073 1904/2080
f 3282/4358 3280/4357 1904/2080
f 1899/2074 1905/2081 1915/2091
f 1140/2075 1916/2092 1905/2081
f 1900/2076 1906/2082 1912/2088
f 1917/2093 1906/2082 1892/2067
f 1887/2062 1910/2086 1907/2083
f 1918/2094 1901/2077 1907/2083
f 1908/2084 1901/2077 1918/2094
f 1919/2095 1909/2085 1899/2074
f 1909/2085 1911/2087 1893/2068
f 1913/2089 1894/2069 1912/2088
f 1914/2090 1904/2080 1896/2071
f 1914/2090 1895/2070 1920/2096
f 1920/2096 1895/2070 1913/2089
f 1904/2080 3283/4359 3282/4360
f 1921/2097 1915/2091 1905/2081
f 1922/2098 1899/2074 1915/2091
f 1140/2075 1144/2099 1916/2092
f 1905/2081 1916/2092 1921/2097
f 1912/2088 1906/2082 1923/2100
f 1906/2082 1917/2093 1923/2100
f 1909/2085 1919/2095 1924/2101
f 1922/2098 1919/2095 1899/2074
f 1911/2087 1909/2085 1925/2102
f 1923/2100 1913/2089 1912/2088
f 1920/2096 1904/2080 1914/2090
f 3283/4361 1904/2080 1920/2096
f 3284/4362 3283/4361 1920/2096
f 1915/2091 1921/2097 1926/2103
f 1927/2104 1922/2098 1915/2091
f 1144/2099 1928/2105 1916/2092
f 1916/2092 1928/2105 1921/2097
f 1927/2104 1924/2101 1919/2095
f 1924/2101 1925/2102 1909/2085
f 1919/2095 1922/2098 1927/2104
f 1911/2087 1925/2102 1929/2106
f 1926/2103 1921/2097 1930/2107
f 1926/2103 1931/2108 1915/2091
f 1927/2104 1915/2091 1931/2108
f 1150/2109 1928/2105 1144/2099
f 1921/2097 1928/2105 1932/2110
f 1924/2101 1927/2104 1931/2108
f 1925/2102 1924/2101 1933/2111
f 1929/2106 1925/2102 1934/2112
f 1935/2113 1930/2107 1921/2097
f 1926/2103 1930/2107 1936/2114
f 1931/2108 1926/2103 1729/2115
f 1928/2105 1150/2109 1932/2110
f 1921/2097 1932/2110 1935/2113
f 1931/2108 1933/2111 1924/2101
f 1933/2111 1934/2112 1925/2102
f 1929/2106 1934/2112 1710/2116
f 1930/2107 1935/2113 1937/2117
f 1936/2114 1930/2107 1938/2118
f 1729/2115 1926/2103 1936/2114
f 1715/2119 1931/2108 1729/2115
f 1932/2110 1150/2109 1159/2120
f 1932/2110 1159/2120 1935/2113
f 1931/2108 1715/2119 1933/2111
f 1934/2112 1933/2111 1715/2119
f 1710/2116 1934/2112 1715/2119
f 1939/2121 1937/2117 1935/2113
f 1937/2117 1938/2118 1930/2107
f 1938/2118 1735/2122 1936/2114
f 1936/2114 1735/2122 1729/2115
f 1935/2113 1159/2120 1171/2123
f 1935/2113 1171/2123 1939/2121
f 1939/2121 1940/2124 1937/2117
f 1940/2124 1938/2118 1937/2117
f 1735/2122 1938/2118 1941/2125
f 1188/2126 1939/2121 1171/2123
f 1942/2127 1940/2124 1939/2121
f 1938/2118 1940/2124 1941/2125
f 1735/2122 1941/2125 1743/2128
f 1939/2121 1188/2126 1942/2127
f 1940/2124 1942/2127 878/2129
f 1941/2125 1940/2124 1943/2130
f 1743/2128 1941/2125 1943/2130
f 1942/2127 1188/2126 872/2131
f 878/2129 1942/2127 872/2131
f 878/2129 1944/2132 1940/2124
f 1943/2130 1940/2124 1944/2132
f 1743/2128 1943/2130 900/2133
f 1944/2132 878/2129 884/2134
f 1944/2132 900/2133 1943/2130
f 900/2133 1944/2132 884/2134
f 488/2135 1945/2136 485/2137
f 1946/2138 1945/2136 488/2135
f 485/2137 1945/2136 1947/2139
f 1945/2136 1946/2138 1948/2140
f 1946/2138 488/2135 1949/2141
f 1947/2139 1256/2142 485/2137
f 1947/2139 1945/2136 1948/2140
f 1946/2138 1950/2143 1948/2140
f 488/2135 491/2144 1949/2141
f 1946/2138 1949/2141 1950/2143
f 482/2145 485/2137 1256/2142
f 1256/2142 1947/2139 1951/2146
f 1951/2146 1947/2139 1948/2140
f 1950/2143 1952/2147 1948/2140
f 1949/2141 491/2144 1953/2148
f 1950/2143 1949/2141 1954/2149
f 1951/2146 1267/2150 1256/2142
f 1952/2147 1951/2146 1948/2140
f 1950/2143 1955/2151 1952/2147
f 501/2152 1953/2148 491/2144
f 1949/2141 1953/2148 1954/2149
f 1954/2149 1955/2151 1950/2143
f 1267/2150 1951/2146 1956/2153
f 1951/2146 1952/2147 1957/2154
f 1952/2147 1955/2151 1958/2155
f 1953/2148 501/2152 1959/2156
f 1954/2149 1953/2148 1959/2156
f 1955/2151 1954/2149 1960/2157
f 1961/2158 1956/2153 1951/2146
f 1267/2150 1956/2153 1271/2159
f 1957/2154 1952/2147 1962/2160
f 1963/2161 1951/2146 1957/2154
f 1958/2155 1955/2151 1964/2162
f 1962/2160 1952/2147 1958/2155
f 1959/2156 501/2152 1965/2163
f 1954/2149 1959/2156 1960/2157
f 1964/2162 1955/2151 1960/2157
f 1951/2146 1963/2161 1961/2158
f 1956/2153 1961/2158 1433/2164
f 1956/2153 1433/2164 1271/2159
f 1962/2160 1966/2165 1957/2154
f 1957/2154 1966/2165 1963/2161
f 1958/2155 1964/2162 1967/2166
f 1958/2155 1966/2165 1962/2160
f 501/2152 504/2167 1965/2163
f 1959/2156 1965/2163 1960/2157
f 1964/2162 1960/2157 1967/2166
f 1961/2158 1963/2161 1968/2168
f 1969/2169 1433/2164 1961/2158
f 1963/2161 1966/2165 1968/2168
f 1970/2170 1958/2155 1967/2166
f 1966/2165 1958/2155 1970/2170
f 510/2171 1965/2163 504/2167
f 1960/2157 1965/2163 1971/2172
f 1967/2166 1960/2157 1972/2173
f 1968/2168 1973/2174 1961/2158
f 1433/2164 1969/2169 1435/2175
f 1974/2176 1969/2169 1961/2158
f 1968/2168 1966/2165 1970/2170
f 1975/2177 1970/2170 1967/2166
f 1965/2163 510/2171 1971/2172
f 1960/2157 1971/2172 1972/2173
f 3468/4728 1967/2166 1972/2173
f 3469/4729 3468/4728 1972/2173
f 1961/2158 1973/2174 1974/2176
f 1973/2174 1968/2168 1975/2177
f 1969/2169 1976/2178 1435/2175
f 1969/2169 1974/2176 1977/2179
f 1968/2168 1970/2170 1975/2177
f 1975/2177 1967/2166 1456/2180
f 3470/4730 1971/2172 510/2171
f 3471/4731 3470/4730 510/2171
f 3472/4732 1972/2173 1971/2172
f 3473/4733 3472/4732 1971/2172
f 1972/2173 3474/4734 3469/4735
f 3453/4736 1456/2180 1967/2166
f 3468/4737 3453/4736 1967/2166
f 1974/2176 1973/2174 1975/2177
f 1977/2179 1976/2178 1969/2169
f 1435/2175 1976/2178 1447/2181
f 1974/2176 1975/2177 1977/2179
f 1977/2179 1975/2177 1456/2180
f 3471/4738 510/2171 511/2182
f 3475/4739 3471/4738 511/2182
f 1971/2172 3470/4740 3476/4741
f 1971/2172 3476/4742 3473/4743
f 1972/2173 3472/4744 3474/4745
f 1976/2178 1977/2179 1447/2181
f 1447/2181 1977/2179 1456/2180
f 3475/4746 511/2182 512/2183
f 3477/4747 3475/4746 512/2183
f 512/2183 3478/4748 3477/4749
f 512/2183 3417/4750 3478/4751
f 1978/2184 3285/4363 3286/4364
f 1978/2184 3287/4365 3285/4366
f 1979/2185 3288/4367 3289/4368
f 3288/4369 1979/2185 1978/2184
f 3286/4370 3288/4369 1978/2184
f 1980/2186 3290/4371 3291/4372
f 3287/4373 1978/2184 1980/2186
f 3291/4374 3287/4373 1980/2186
f 1981/2187 3292/4375 3293/4376
f 1829/2188 3294/4377 3262/4378
f 3295/4379 1982/2189 1979/2185
f 3289/4380 3295/4379 1979/2185
f 1978/2184 1979/2185 1983/2190
f 3290/4381 1980/2186 1984/2191
f 3296/4382 3290/4381 1984/2191
f 1983/2190 1980/2186 1978/2184
f 3296/4383 1984/2191 1981/2187
f 3293/4384 3296/4383 1981/2187
f 1981/2187 3297/4385 3292/4386
f 3294/4387 1829/2188 1982/2189
f 3295/4388 3294/4387 1982/2189
f 1979/2185 1982/2189 1983/2190
f 1984/2191 1980/2186 1985/2192
f 1986/2193 1980/2186 1983/2190
f 1987/2194 1981/2187 1984/2191
f 3297/4389 1981/2187 1988/2195
f 3298/4390 3297/4389 1988/2195
f 1829/2188 1989/2196 1982/2189
f 1982/2189 1989/2196 1983/2190
f 1985/2192 1980/2186 1990/2197
f 1984/2191 1985/2192 1987/2194
f 1983/2190 1989/2196 1986/2193
f 1980/2186 1986/2193 1990/2197
f 1981/2187 1987/2194 1991/2198
f 1988/2195 3299/4391 3298/4392
f 1988/2195 1981/2187 1992/2199
f 1989/2196 1829/2188 1830/2200
f 1985/2192 1990/2197 1993/2201
f 1994/2202 1987/2194 1985/2192
f 1989/2196 1995/2203 1986/2193
f 1996/2204 1990/2197 1986/2193
f 1991/2198 1997/2205 1981/2187
f 1991/2198 1987/2194 1998/2206
f 1988/2195 3300/4393 3299/4394
f 1997/2205 1992/2199 1981/2187
f 1992/2199 1999/2207 1988/2195
f 1830/2200 1995/2203 1989/2196
f 2000/2208 1993/2201 1990/2197
f 1993/2201 1994/2202 1985/2192
f 1994/2202 2001/2209 1987/2194
f 1986/2193 1995/2203 1996/2204
f 1990/2197 1996/2204 2000/2208
f 1997/2205 1991/2198 2002/2210
f 1987/2194 2001/2209 1998/2206
f 1998/2206 2002/2210 1991/2198
f 3300/4395 1988/2195 1999/2207
f 3301/4396 3300/4395 1999/2207
f 1992/2199 1997/2205 2003/2211
f 1999/2207 1992/2199 2004/2212
f 1995/2203 1830/2200 2005/2213
f 1993/2201 2000/2208 2006/2214
f 1993/2201 2001/2209 1994/2202
f 2007/2215 1996/2204 1995/2203
f 2000/2208 1996/2204 2008/2216
f 2003/2211 1997/2205 2002/2210
f 1998/2206 2001/2209 2009/2217
f 2002/2210 1998/2206 2010/2218
f 2011/2219 3302/4397 3303/4398
f 3301/4399 1999/2207 2011/2219
f 3303/4400 3301/4399 2011/2219
f 2003/2211 2012/2220 1992/2199
f 2004/2212 1992/2199 2012/2220
f 1999/2207 2004/2212 2013/2221
f 1995/2203 2005/2213 2007/2215
f 2000/2208 2008/2216 2006/2214
f 2001/2209 1993/2201 2006/2214
f 1996/2204 2007/2215 2008/2216
f 2002/2210 2012/2220 2003/2211
f 2009/2217 2001/2209 2006/2214
f 1998/2206 2009/2217 2014/2222
f 2010/2218 1998/2206 2014/2222
f 2002/2210 2010/2218 2015/2223
f 3302/4401 2011/2219 2016/2224
f 3304/4402 3302/4401 2016/2224
f 2011/2219 1999/2207 2017/2225
f 2012/2220 2013/2221 2004/2212
f 2017/2225 1999/2207 2013/2221
f 2007/2215 2005/2213 2018/2226
f 2008/2216 2019/2227 2006/2214
f 2008/2216 2007/2215 2020/2228
f 2012/2220 2002/2210 2015/2223
f 2006/2214 2014/2222 2009/2217
f 2014/2222 2015/2223 2010/2218
f 2016/2224 3305/4403 3304/4404
f 2016/2224 2011/2219 2021/2229
f 2017/2225 2021/2229 2011/2219
f 2013/2221 2012/2220 2022/2230
f 2013/2221 2023/2231 2017/2225
f 2007/2215 2018/2226 2024/2232
f 2020/2228 2019/2227 2008/2216
f 2019/2227 2025/2233 2006/2214
f 2024/2232 2020/2228 2007/2215
f 2026/2234 2012/2220 2015/2223
f 2025/2233 2014/2222 2006/2214
f 3305/4405 2016/2224 1841/2235
f 3306/4406 3305/4405 1841/2235
f 2021/2229 1841/2235 2016/2224
f 2017/2225 2027/2236 2021/2229
f 2012/2220 2026/2234 2022/2230
f 2023/2231 2028/2237 2017/2225
f 2019/2227 2020/2228 2029/2238
f 2029/2238 2025/2233 2019/2227
f 2020/2228 2024/2232 2029/2238
f 2022/2230 2026/2234 2015/2223
f 3306/4407 1841/2235 1837/2239
f 3307/4408 3306/4407 1837/2239
f 2021/2229 1839/2240 1841/2235
f 2027/2236 2030/2241 2021/2229
f 2028/2237 2027/2236 2017/2225
f 1837/2239 3308/4409 3307/4410
f 2030/2241 1839/2240 2021/2229
f 1837/2239 3309/4411 3308/4412
f 3309/4413 1837/2239 1834/2242
f 3310/4414 3309/4413 1834/2242
f 3310/4415 1834/2242 2031/2243
f 3311/4416 3310/4415 2031/2243
f 2031/2243 3312/4417 3311/4418
f 1842/2244 2031/2243 1834/2242
f 3312/4419 2031/2243 1858/2245
f 3313/4420 3312/4419 1858/2245
f 1851/2246 2031/2243 1842/2244
f 1858/2245 2031/2243 1851/2246
f 2032/2247 2033/2248 2034/2249
f 2035/2250 2033/2248 2032/2247
f 2036/2251 2034/2249 2033/2248
f 2033/2248 2035/2250 2037/2252
f 2033/2248 2038/2253 2036/2251
f 2035/2250 2039/2254 2037/2252
f 2033/2248 2037/2252 2040/2255
f 2038/2253 2033/2248 2041/2256
f 2038/2253 2042/2257 2036/2251
f 2040/2255 2037/2252 2039/2254
f 2043/2258 2039/2254 2035/2250
f 2040/2255 2041/2256 2033/2248
f 2041/2256 2044/2259 2038/2253
f 2042/2257 2038/2253 2045/2260
f 2040/2255 2039/2254 2046/2261
f 2041/2256 2040/2255 2047/2262
f 2044/2259 2041/2256 2048/2263
f 2045/2260 2038/2253 2044/2259
f 569/2264 2042/2257 2045/2260
f 2046/2261 2049/2265 2040/2255
f 2047/2262 2040/2255 2048/2263
f 2041/2256 2047/2262 2048/2263
f 2048/2263 2050/2266 2044/2259
f 2044/2259 2050/2266 2045/2260
f 569/2264 2045/2260 2051/2267
f 2049/2265 2052/2268 2040/2255
f 2048/2263 2040/2255 2052/2268
f 2050/2266 2048/2263 2053/2269
f 2045/2260 2050/2266 2051/2267
f 2051/2267 574/2270 569/2264
f 2052/2268 2049/2265 2054/2271
f 2052/2268 2055/2272 2048/2263
f 2055/2272 2053/2269 2048/2263
f 2051/2267 2050/2266 2053/2269
f 2056/2273 574/2270 2051/2267
f 2049/2265 2057/2274 2054/2271
f 2054/2271 2055/2272 2052/2268
f 2053/2269 2055/2272 2058/2275
f 2053/2269 2056/2273 2051/2267
f 574/2270 2056/2273 2059/2276
f 2055/2272 2054/2271 2060/2277
f 2061/2278 2058/2275 2055/2272
f 2053/2269 2058/2275 2062/2279
f 2056/2273 2053/2269 644/2280
f 2056/2273 2063/2281 2059/2276
f 574/2270 2059/2276 601/2282
f 2060/2277 2054/2271 2064/2283
f 2061/2278 2055/2272 2060/2277
f 2058/2275 2061/2278 2065/2284
f 2065/2284 2062/2279 2058/2275
f 2053/2269 2062/2279 645/2285
f 2053/2269 645/2285 644/2280
f 2056/2273 644/2280 2066/2286
f 2056/2273 2066/2286 2063/2281
f 2067/2287 2059/2276 2063/2281
f 616/2288 601/2282 2059/2276
f 2064/2283 2068/2289 2060/2277
f 2061/2278 2060/2277 2068/2289
f 2061/2278 2069/2290 2065/2284
f 2062/2279 2065/2284 2070/2291
f 645/2285 2062/2279 646/2292
f 2066/2286 644/2280 2071/2293
f 2063/2281 2066/2286 2067/2287
f 616/2288 2059/2276 2067/2287
f 2068/2289 2069/2290 2061/2278
f 2065/2284 2069/2290 2072/2294
f 2073/2295 2070/2291 2065/2284
f 2070/2291 646/2292 2062/2279
f 2071/2293 644/2280 616/2288
f 2071/2293 2074/2296 2066/2286
f 2067/2287 2066/2286 2074/2296
f 2067/2287 2074/2296 616/2288
f 2072/2294 2069/2290 2075/2297
f 2073/2295 2065/2284 2072/2294
f 2070/2291 2073/2295 2076/2298
f 646/2292 2070/2291 660/2299
f 2074/2296 2071/2293 616/2288
f 2072/2294 2075/2297 2073/2295
f 2073/2295 2077/2300 2076/2298
f 2070/2291 2076/2298 2078/2301
f 660/2299 2070/2291 2078/2301
f 2075/2297 2077/2300 2073/2295
f 2076/2298 2077/2300 2079/2302
f 2078/2301 2076/2298 2080/2303
f 660/2299 2078/2301 2081/2304
f 2082/2305 2076/2298 2079/2302
f 2076/2298 2082/2305 2080/2303
f 2078/2301 2080/2303 2083/2306
f 660/2299 2081/2304 2084/2307
f 2078/2301 2085/2308 2081/2304
f 2085/2308 2078/2301 2083/2306
f 2084/2307 2081/2304 2086/2309
f 2084/2307 677/2310 660/2299
f 2087/2311 2081/2304 2085/2308
f 2083/2306 2088/2312 2085/2308
f 2089/2313 2086/2309 2081/2304
f 2090/2314 2084/2307 2086/2309
f 2091/2315 677/2310 2084/2307
f 2081/2304 2087/2311 2089/2313
f 2085/2308 2092/2316 2087/2311
f 2092/2316 2085/2308 2088/2312
f 2090/2314 2086/2309 2089/2313
f 2093/2317 2084/2307 2090/2314
f 677/2310 2091/2315 2094/2318
f 2084/2307 2093/2317 2091/2315
f 2088/2312 2095/2319 2092/2316
f 2094/2318 733/2320 677/2310
f 1692/2321 2096/2322 1683/2323
f 2097/2324 2096/2322 1692/2321
f 1683/2323 2096/2322 1687/2325
f 2097/2324 2098/2326 2096/2322
f 2098/2326 1687/2325 2096/2322
f 2099/2327 2098/2326 2097/2324
f 1687/2325 2098/2326 1688/2328
f 2098/2326 2100/2329 1688/2328
f 2101/2330 2100/2329 2098/2326
f 2098/2326 2102/2331 2101/2330
f 2102/2331 2098/2326 2103/2332
f 1858/2333 3263/4421 3313/4422
f 1920/2334 3314/4423 3284/4424
f 3314/4425 1920/2334 2104/2335
f 3315/4426 3314/4425 2104/2335
f 2105/2336 3316/4427 3317/4428
f 2104/2335 1920/2334 1913/2337
f 3315/4429 2104/2335 2106/2338
f 3318/4430 3315/4429 2106/2338
f 3319/4431 2107/2339 2105/2336
f 3317/4432 3319/4431 2105/2336
f 3316/4433 2105/2336 2108/2340
f 3320/4434 3316/4433 2108/2340
f 2104/2335 1913/2337 1923/2341
f 3318/4435 2106/2338 2107/2339
f 3319/4436 3318/4435 2107/2339
f 2106/2338 2104/2335 1923/2341
f 2105/2336 2107/2339 2109/2342
f 2108/2340 3321/4437 3320/4438
f 2108/2340 2105/2336 2110/2343
f 2106/2338 2111/2344 2107/2339
f 2106/2338 1923/2341 1917/2345
f 2109/2342 2107/2339 1918/2346
f 2105/2336 2109/2342 2110/2343
f 3321/4439 2108/2340 2112/2347
f 3322/4440 3321/4439 2112/2347
f 2108/2340 2110/2343 2113/2348
f 2107/2339 2111/2344 1918/2346
f 1917/2345 2111/2344 2106/2338
f 2109/2342 1918/2346 1907/2349
f 2110/2343 2109/2342 2114/2350
f 2112/2347 2108/2340 2113/2348
f 3322/4441 2112/2347 2115/2351
f 3323/4442 3322/4441 2115/2351
f 2113/2348 2110/2343 2116/2352
f 1918/2346 2111/2344 1908/2353
f 2111/2344 1917/2345 1892/2354
f 2114/2350 2109/2342 1907/2349
f 2113/2348 2117/2355 2112/2347
f 2112/2347 2117/2355 2115/2351
f 3323/4443 2115/2351 1693/2356
f 3324/4444 3323/4443 1693/2356
f 2110/2343 1910/2357 2116/2352
f 1902/2358 2113/2348 2116/2352
f 1908/2353 2111/2344 1892/2354
f 1907/2349 1910/2357 2114/2350
f 1693/2356 3252/4445 3324/4446
f 2117/2355 2113/2348 1902/2358
f 1693/2356 2115/2351 2117/2355
f 1910/2357 1902/2358 2116/2352
f 2118/2359 2117/2355 1902/2358
f 2117/2355 2119/2360 1693/2356
f 2117/2355 2118/2359 2120/2361
f 1902/2358 2121/2362 2118/2359
f 2119/2360 2117/2355 2120/2361
f 1693/2356 2119/2360 1696/2363
f 2118/2359 2121/2362 2120/2361
f 1911/2364 2121/2362 1902/2358
f 2119/2360 2120/2361 1698/2365
f 2119/2360 1698/2365 1696/2363
f 2121/2362 2122/2366 2120/2361
f 1911/2364 2122/2366 2121/2362
f 2120/2361 2122/2366 1698/2365
f 1929/2367 2122/2366 1911/2364
f 1698/2365 2122/2366 2123/2368
f 2122/2366 1929/2367 2123/2368
f 1698/2365 2123/2368 1700/2369
f 2123/2368 1929/2367 1710/2370
f 1710/2370 1700/2369 2123/2368
f 2124/2371 3325/4447 3326/4448
f 2125/2372 3327/4449 3328/4450
f 2126/2373 3329/4451 3330/4452
f 2126/2373 3331/4453 3329/4454
f 2125/2372 3328/4455 3332/4456
f 3333/4457 2125/2372 2124/2371
f 3326/4458 3333/4457 2124/2371
f 3325/4459 2124/2371 2126/2373
f 3330/4460 3325/4459 2126/2373
f 3331/4461 2126/2373 2127/2374
f 3334/4462 3331/4461 2127/2374
f 2127/2374 3335/4463 3334/4464
f 2128/2375 3336/4465 3337/4466
f 3338/4467 2129/2376 2125/2372
f 3332/4468 3338/4467 2125/2372
f 2125/2372 2130/2377 2124/2371
f 2124/2371 2131/2378 2126/2373
f 2132/2379 2127/2374 2126/2373
f 3335/4469 2127/2374 2133/2380
f 3339/4470 3335/4469 2133/2380
f 3339/4471 2133/2380 2128/2375
f 3337/4472 3339/4471 2128/2375
f 3340/4473 2134/2381 2129/2376
f 3338/4474 3340/4473 2129/2376
f 2129/2376 2130/2377 2125/2372
f 2130/2377 2131/2378 2124/2371
f 2131/2378 2135/2382 2126/2373
f 2133/2380 2127/2374 2132/2379
f 2126/2373 2135/2382 2132/2379
f 2136/2383 2128/2375 2133/2380
f 2137/2384 2129/2376 2134/2381
f 2130/2377 2129/2376 2137/2384
f 2131/2378 2130/2377 2138/2385
f 2135/2382 2131/2378 2139/2386
f 2132/2379 2135/2382 2133/2380
f 2133/2380 2140/2387 2136/2383
f 2137/2384 2134/2381 2141/2388
f 2137/2384 2138/2385 2130/2377
f 2131/2378 2138/2385 2142/2389
f 2142/2389 2139/2386 2131/2378
f 2143/2390 2135/2382 2139/2386
f 2135/2382 2140/2387 2133/2380
f 2144/2391 2137/2384 2141/2388
f 2144/2391 2138/2385 2137/2384
f 2144/2391 2142/2389 2138/2385
f 2036/2392 2139/2386 2142/2389
f 2143/2390 2140/2387 2135/2382
f 2139/2386 2036/2392 2143/2390
f 2144/2391 2141/2388 2032/2393
f 2142/2389 2144/2391 2032/2393
f 2142/2389 2034/2394 2036/2392
f 2143/2390 560/2395 2140/2387
f 2036/2392 2042/2396 2143/2390
f 2034/2394 2142/2389 2032/2393
f 2143/2390 2042/2396 560/2395
f 546/2397 2140/2387 560/2395
f 2042/2396 569/2398 560/2395
f 2145/2399 2146/2400 2147/2401
f 2147/2401 2146/2400 2148/2402
f 2145/2399 2147/2401 2149/2403
f 2147/2401 2148/2402 2150/2404
f 2150/2404 2149/2403 2147/2401
f 2149/2403 2151/2405 2145/2399
f 2149/2403 2150/2404 2152/2406
f 2153/2407 2145/2399 2151/2405
f 2151/2405 2149/2403 2154/2408
f 2154/2408 2149/2403 2152/2406
f 2155/2409 2152/2406 2150/2404
f 2153/2407 2151/2405 2154/2408
f 2154/2408 2152/2406 2156/2410
f 2152/2406 2155/2409 2156/2410
f 2157/2411 2155/2409 2150/2404
f 2154/2408 2158/2412 2153/2407
f 2156/2410 2159/2413 2154/2408
f 2155/2409 2160/2414 2156/2410
f 2155/2409 2157/2411 2161/2415
f 2162/2416 2153/2407 2158/2412
f 2158/2412 2154/2408 2159/2413
f 2159/2413 2156/2410 2163/2417
f 2156/2410 2160/2414 2163/2417
f 2155/2409 2161/2415 2160/2414
f 2164/2418 2161/2415 2157/2411
f 2158/2412 2165/2419 2162/2416
f 2159/2413 2166/2420 2158/2412
f 2163/2417 2167/2421 2159/2413
f 2163/2417 2160/2414 2168/2422
f 2160/2414 2161/2415 2169/2423
f 2170/2424 2161/2415 2164/2418
f 2165/2419 2158/2412 2166/2420
f 2166/2420 2159/2413 2167/2421
f 2167/2421 2163/2417 2171/2425
f 2168/2422 2160/2414 2169/2423
f 2168/2422 2171/2425 2163/2417
f 2172/2426 2169/2423 2161/2415
f 2161/2415 2170/2424 2172/2426
f 2166/2420 2173/2427 2165/2419
f 2167/2421 2174/2428 2166/2420
f 2171/2425 2175/2429 2167/2421
f 2169/2423 2176/2430 2168/2422
f 2168/2422 2177/2431 2171/2425
f 2169/2423 2172/2426 2178/2432
f 2179/2433 2172/2426 2170/2424
f 2173/2427 2166/2420 2174/2428
f 2174/2428 2167/2421 2180/2434
f 2180/2434 2167/2421 2175/2429
f 2175/2429 2171/2425 2181/2435
f 2178/2432 2176/2430 2169/2423
f 2176/2430 2182/2436 2168/2422
f 2181/2435 2171/2425 2177/2431
f 2177/2431 2168/2422 2182/2436
f 529/2437 2178/2432 2172/2426
f 2172/2426 2179/2433 529/2437
f 2174/2428 2183/2438 2173/2427
f 2183/2438 2174/2428 2180/2434
f 2180/2434 2175/2429 2181/2435
f 2176/2430 2178/2432 2184/2439
f 2182/2436 2176/2430 2185/2440
f 2181/2435 2177/2431 2186/2441
f 2182/2436 2186/2441 2177/2431
f 2178/2432 529/2437 527/2442
f 2181/2435 2187/2443 2180/2434
f 2184/2439 2178/2432 2188/2444
f 2176/2430 2184/2439 2189/2445
f 2189/2445 2185/2440 2176/2430
f 2185/2440 2190/2446 2182/2436
f 2186/2441 2191/2447 2181/2435
f 2186/2441 2182/2436 2190/2446
f 2178/2432 527/2442 2192/2448
f 2187/2443 2181/2435 2193/2449
f 2178/2432 2192/2448 2188/2444
f 2184/2439 2188/2444 2189/2445
f 2185/2440 2189/2445 2194/2450
f 2190/2446 2185/2440 2195/2451
f 2193/2449 2181/2435 2191/2447
f 2190/2446 2191/2447 2186/2441
f 2192/2448 527/2442 525/2452
f 2188/2444 2192/2448 2189/2445
f 2196/2453 2194/2450 2189/2445
f 2194/2450 2195/2451 2185/2440
f 2195/2451 2197/2454 2190/2446
f 2198/2455 2193/2449 2191/2447
f 2191/2447 2190/2446 2197/2454
f 2196/2453 2192/2448 525/2452
f 2189/2445 2192/2448 2196/2453
f 2194/2450 2196/2453 524/2456
f 524/2456 2195/2451 2194/2450
f 2197/2454 2195/2451 2199/2457
f 2198/2455 2191/2447 2200/2458
f 2200/2458 2191/2447 2197/2454
f 2195/2451 524/2456 522/2459
f 2199/2457 2195/2451 2201/2460
f 2202/2461 2197/2454 2199/2457
f 2203/2462 2198/2455 2200/2458
f 2200/2458 2197/2454 2202/2461
f 522/2459 2204/2463 2195/2451
f 2201/2460 2195/2451 2204/2463
f 2205/2464 2199/2457 2201/2460
f 2199/2457 2205/2464 2202/2461
f 2198/2455 2203/2462 2206/2465
f 2200/2458 2207/2466 2203/2462
f 2207/2466 2200/2458 2202/2461
f 2204/2463 522/2459 521/2467
f 2204/2463 521/2467 2201/2460
f 2201/2460 520/2468 2205/2464
f 2208/2469 2202/2461 2205/2464
f 2209/2470 2206/2465 2203/2462
f 2203/2462 2207/2466 2210/2471
f 2202/2461 2208/2469 2207/2466
f 521/2467 520/2468 2201/2460
f 519/2472 2205/2464 520/2468
f 519/2472 2208/2469 2205/2464
f 2211/2473 2206/2465 2209/2470
f 2203/2462 2210/2471 2209/2470
f 2210/2471 2207/2466 2212/2474
f 2207/2466 2208/2469 2213/2475
f 2214/2476 2208/2469 519/2472
f 2211/2473 2209/2470 2215/2477
f 2209/2470 2210/2471 2216/2478
f 2212/2474 2207/2466 2213/2475
f 2217/2479 2210/2471 2212/2474
f 2213/2475 2208/2469 2218/2480
f 2218/2480 2208/2469 2214/2476
f 519/2472 2219/2481 2214/2476
f 2220/2482 2211/2473 2215/2477
f 2215/2477 2209/2470 2216/2478
f 2216/2478 2210/2471 2217/2479
f 2213/2475 2218/2480 2212/2474
f 2217/2479 2212/2474 2221/2483
f 2222/2484 2218/2480 2214/2476
f 2219/2481 519/2472 517/2485
f 2214/2476 2219/2481 2223/2486
f 2215/2477 2224/2487 2220/2482
f 2216/2478 2225/2488 2215/2477
f 2216/2478 2217/2479 2221/2483
f 2212/2474 2218/2480 2222/2484
f 2221/2483 2212/2474 2222/2484
f 2222/2484 2214/2476 2223/2486
f 2226/2489 2219/2481 517/2485
f 2223/2486 2219/2481 2226/2489
f 2227/2490 2220/2482 2224/2487
f 2224/2487 2215/2477 505/2491
f 505/2491 2215/2477 2225/2488
f 2225/2488 2216/2478 2228/2492
f 2221/2483 2228/2492 2216/2478
f 2221/2483 2222/2484 2229/2493
f 2229/2493 2222/2484 2223/2486
f 2226/2489 517/2485 516/2494
f 2223/2486 2226/2489 516/2494
f 2230/2495 2220/2482 2227/2490
f 2227/2490 2224/2487 502/2496
f 502/2496 2224/2487 505/2491
f 505/2491 2225/2488 506/2497
f 2228/2492 2231/2498 2225/2488
f 2228/2492 2221/2483 2232/2499
f 2229/2493 2232/2499 2221/2483
f 2229/2493 2223/2486 515/2500
f 516/2494 515/2500 2223/2486
f 2230/2495 2227/2490 2233/2501
f 2233/2501 2227/2490 502/2496
f 506/2497 2225/2488 2231/2498
f 2231/2498 2228/2492 2234/2502
f 2232/2499 2235/2503 2228/2492
f 2232/2499 2229/2493 514/2504
f 515/2500 514/2504 2229/2493
f 506/2497 2231/2498 2234/2502
f 2234/2502 2228/2492 2235/2503
f 2235/2503 2232/2499 513/2505
f 514/2504 513/2505 2232/2499
f 506/2497 2234/2502 508/2506
f 2234/2502 2235/2503 513/2505
f 513/2505 508/2506 2234/2502
f 2236/2507 3566/4922 3567/4923
f 2236/2507 3568/4924 3566/4925
f 3569/4926 2237/2508 2236/2507
f 3567/4927 3569/4926 2236/2507
f 2237/2508 3569/4928 3570/4929
f 2237/2508 3570/4930 3571/4931
f 2238/2509 3572/4932 3573/4933
f 3568/4934 2236/2507 2239/2510
f 3574/4935 3568/4934 2239/2510
f 2240/2511 2236/2507 2237/2508
f 2237/2508 3571/4936 3575/4937
f 2241/2512 3576/4938 3577/4939
f 2242/2513 3578/4940 3579/4941
f 2243/2514 3580/4942 3581/4943
f 3572/4944 2238/2509 2243/2514
f 3581/4945 3572/4944 2243/2514
f 3574/4946 2239/2510 2238/2509
f 3573/4947 3574/4946 2238/2509
f 2239/2510 2236/2507 2244/2515
f 2244/2515 2236/2507 2240/2511
f 2237/2508 2245/2516 2240/2511
f 3582/4948 2245/2516 2237/2508
f 3575/4949 3582/4948 2237/2508
f 3576/4950 2241/2512 2246/2517
f 3583/4951 3576/4950 2246/2517
f 2241/2512 3577/4952 3584/4953
f 3578/4954 2242/2513 2247/2518
f 3585/4955 3578/4954 2247/2518
f 3580/4956 2243/2514 2242/2513
f 3579/4957 3580/4956 2242/2513
f 2243/2514 2238/2509 2248/2519
f 2248/2519 2238/2509 2239/2510
f 2249/2520 2239/2510 2244/2515
f 2244/2515 2240/2511 2250/2521
f 2240/2511 2245/2516 2250/2521
f 3583/4958 2246/2517 2245/2516
f 3582/4959 3583/4958 2245/2516
f 2246/2517 2241/2512 2251/2522
f 3586/4960 2252/2523 2241/2512
f 3584/4961 3586/4960 2241/2512
f 2242/2513 2253/2524 2247/2518
f 2242/2513 2243/2514 2253/2524
f 2253/2524 2243/2514 2248/2519
f 2239/2510 2254/2525 2248/2519
f 2255/2526 2239/2510 2249/2520
f 2249/2520 2244/2515 2256/2527
f 2256/2527 2244/2515 2250/2521
f 2250/2521 2245/2516 2257/2528
f 2245/2516 2246/2517 2257/2528
f 2257/2528 2246/2517 2251/2522
f 2251/2522 2241/2512 2258/2529
f 2252/2523 2258/2529 2241/2512
f 2247/2518 2253/2524 2259/2530
f 2253/2524 2248/2519 2254/2525
f 2254/2525 2239/2510 2255/2526
f 2260/2531 2255/2526 2249/2520
f 2261/2532 2249/2520 2256/2527
f 2256/2527 2250/2521 2262/2533
f 2263/2534 2250/2521 2257/2528
f 2251/2522 2264/2535 2257/2528
f 2258/2529 2252/2523 2265/2536
f 2253/2524 2255/2526 2259/2530
f 2255/2526 2253/2524 2254/2525
f 2266/2537 2255/2526 2260/2531
f 2249/2520 2261/2532 2260/2531
f 2261/2532 2256/2527 2267/2538
f 2267/2538 2256/2527 2262/2533
f 2262/2533 2250/2521 2263/2534
f 2257/2528 2268/2539 2263/2534
f 2264/2535 2268/2539 2257/2528
f 2265/2536 2252/2523 2269/2540
f 2265/2536 2270/2541 2258/2529
f 2271/2542 2259/2530 2255/2526
f 2255/2526 2266/2537 2271/2542
f 2272/2543 2266/2537 2260/2531
f 2260/2531 2261/2532 2272/2543
f 2273/2544 2261/2532 2267/2538
f 2267/2538 2262/2533 2274/2545
f 2263/2534 2268/2539 2262/2533
f 2269/2540 2275/2546 2265/2536
f 2276/2547 2258/2529 2270/2541
f 2270/2541 2265/2536 2277/2548
f 2266/2537 2272/2543 2278/2549
f 2272/2543 2261/2532 2273/2544
f 2279/2550 2273/2544 2267/2538
f 2262/2533 2268/2539 2274/2545
f 2274/2545 2280/2551 2267/2538
f 2277/2548 2265/2536 2275/2546
f 2270/2541 2281/2552 2276/2547
f 2282/2553 2270/2541 2277/2548
f 2278/2549 2272/2543 2273/2544
f 2283/2554 2273/2544 2279/2550
f 2279/2550 2267/2538 2284/2555
f 2284/2555 2267/2538 2280/2551
f 2280/2551 2274/2545 2285/2556
f 2286/2557 2276/2547 2281/2552
f 2281/2552 2270/2541 2282/2553
f 2282/2553 2277/2548 2287/2558
f 2278/2549 2273/2544 2283/2554
f 2279/2550 2284/2555 2283/2554
f 2284/2555 2280/2551 2288/2559
f 2289/2560 2285/2556 2274/2545
f 2285/2556 2288/2559 2280/2551
f 2281/2552 2290/2561 2286/2557
f 2291/2562 2281/2552 2282/2553
f 2292/2563 2282/2553 2287/2558
f 2293/2564 2278/2549 2283/2554
f 2285/2556 2289/2560 2294/2565
f 2294/2565 2286/2557 2290/2561
f 2290/2561 2281/2552 2291/2562
f 2291/2562 2282/2553 2292/2563
f 2293/2564 2283/2554 2295/2566
f 2289/2560 2286/2557 2294/2565
f 2294/2565 2290/2561 2291/2562
f 2296/2567 2291/2562 2292/2563
f 2295/2566 2150/2568 2293/2564
f 2291/2562 2297/2569 2294/2565
f 2297/2569 2291/2562 2296/2567
f 2148/2570 2293/2564 2150/2568
f 2298/2571 2294/2565 2297/2569
f 2299/2572 2300/2573 2301/2574
f 2300/2573 2302/2575 2301/2574
f 2303/2576 1058/2577 2304/2578
f 1058/2577 2303/2576 1057/2579
f 1058/2577 1068/2580 2304/2578
f 2305/2581 2303/2576 2304/2578
f 2303/2576 2306/2582 1057/2579
f 2304/2578 1068/2580 2307/2583
f 2304/2578 2308/2584 2305/2581
f 1081/2585 1057/2579 2306/2582
f 2307/2583 1068/2580 1059/2586
f 2304/2578 2307/2583 2308/2584
f 2305/2581 2308/2584 2309/2587
f 1081/2585 2306/2582 2310/2588
f 1059/2586 2311/2589 2307/2583
f 2308/2584 2307/2583 2312/2590
f 2308/2584 2313/2591 2309/2587
f 1069/2592 2311/2589 1059/2586
f 2312/2590 2307/2583 2311/2589
f 2308/2584 2312/2590 2313/2591
f 2309/2587 2313/2591 2314/2593
f 2311/2589 1069/2592 2315/2594
f 2311/2589 2315/2594 2312/2590
f 2313/2591 2312/2590 2316/2595
f 2313/2591 2317/2596 2314/2593
f 2315/2594 1069/2592 2318/2597
f 2315/2594 2319/2598 2312/2590
f 2312/2590 2319/2598 2316/2595
f 2313/2591 2316/2595 1844/2599
f 2317/2596 2313/2591 1844/2599
f 2314/2593 2317/2596 2320/2600
f 2319/2598 2315/2594 2318/2597
f 1069/2592 1082/2601 2318/2597
f 2319/2598 1847/2602 2316/2595
f 1844/2599 2316/2595 1847/2602
f 2317/2596 1844/2599 2320/2600
f 2320/2600 2321/2603 2314/2593
f 2319/2598 2318/2597 1852/2604
f 2318/2597 1082/2601 1852/2604
f 1847/2602 2319/2598 1852/2604
f 2320/2600 1844/2599 1838/2605
f 2322/2606 801/2607 809/2608
f 2323/2609 801/2607 2322/2606
f 809/2608 2324/2610 2322/2606
f 801/2607 2323/2609 1827/2611
f 2322/2606 2325/2612 2323/2609
f 2324/2610 809/2608 2326/2613
f 2322/2606 2324/2610 2325/2612
f 1827/2611 2323/2609 2327/2614
f 2327/2614 2323/2609 2325/2612
f 809/2608 791/2615 2326/2613
f 2324/2610 2326/2613 2328/2616
f 2325/2612 2324/2610 2329/2617
f 1828/2618 1827/2611 2327/2614
f 2327/2614 2325/2612 2330/2619
f 2326/2613 791/2615 792/2620
f 2328/2616 2326/2613 2331/2621
f 2329/2617 2324/2610 2332/2622
f 2330/2619 2325/2612 2329/2617
f 2327/2614 2330/2619 1828/2618
f 2326/2613 792/2620 2331/2621
f 2333/2623 2329/2617 2332/2622
f 2329/2617 2333/2623 2330/2619
f 1830/2624 1828/2618 2330/2619
f 792/2620 2334/2625 2331/2621
f 2333/2623 2332/2622 2335/2626
f 2330/2619 2333/2623 2336/2627
f 1830/2624 2330/2619 2005/2628
f 792/2620 779/2629 2334/2625
f 2331/2621 2334/2625 2337/2630
f 2336/2627 2333/2623 2335/2626
f 2005/2628 2330/2619 2336/2627
f 2334/2625 779/2629 2338/2631
f 2337/2630 2334/2625 1756/2632
f 2339/2633 2336/2627 2335/2626
f 2336/2627 2018/2634 2005/2628
f 2334/2625 2338/2631 1756/2632
f 2337/2630 1756/2632 1758/2635
f 2336/2627 2339/2633 2340/2636
f 2018/2634 2336/2627 2340/2636
f 2340/2636 2339/2633 2341/2637
f 2018/2634 2340/2636 2024/2638
f 2340/2636 2341/2637 2342/2639
f 2024/2638 2340/2636 2343/2640
f 2342/2639 2343/2640 2340/2636
f 2344/2641 2024/2638 2343/2640
f 2343/2640 2342/2639 2344/2641
f 2024/2638 2344/2641 2029/2642
f 2344/2641 2342/2639 2345/2643
f 2029/2642 2344/2641 2346/2644
f 2344/2641 2345/2643 2346/2644
f 2347/2645 2029/2642 2346/2644
f 2029/2642 2347/2645 2348/2646
f 2347/2645 2349/2647 2348/2646
f 2350/2648 2029/2642 2348/2646
f 2348/2646 2349/2647 2351/2649
f 2029/2642 2350/2648 2025/2650
f 2351/2649 2350/2648 2348/2646
f 2025/2650 2350/2648 2352/2651
f 2352/2651 2350/2648 2351/2649
f 2014/2652 2025/2650 2352/2651
f 2353/2653 2352/2651 2351/2649
f 2352/2651 2353/2653 2014/2652
f 2014/2652 2353/2653 2015/2654
f 2354/2655 3341/4475 3342/4476
f 2355/2656 3501/4798 3502/4799
f 2355/2656 3503/4800 3501/4801
f 3503/4802 2355/2656 3343/4477
f 3504/4803 3503/4802 3343/4477
f 2355/2656 3502/4804 3505/4805
f 2356/2657 3344/4478 3345/4479
f 3344/4480 2356/2657 2354/2655
f 3342/4481 3344/4480 2354/2655
f 3341/4482 2354/2655 2357/2658
f 3346/4483 3341/4482 2357/2658
f 2355/2656 3347/4484 3343/4485
f 3506/4806 2358/2659 2355/2656
f 3507/4807 3506/4806 2355/2656
f 3348/4486 2359/2660 2356/2657
f 3345/4487 3348/4486 2356/2657
f 2354/2655 2356/2657 2360/2661
f 2360/2661 2357/2658 2354/2655
f 2361/2662 3508/4808 3509/4809
f 3347/4488 2355/2656 2358/2659
f 3349/4489 3347/4488 2358/2659
f 3510/4810 2362/2663 2358/2659
f 3506/4811 3510/4810 2358/2659
f 2359/2660 2363/2664 2356/2657
f 2356/2657 2363/2664 2360/2661
f 3508/4812 2361/2662 2362/2663
f 3510/4813 3508/4812 2362/2663
f 2359/2660 2358/2659 2362/2663
f 2364/2665 2363/2664 2359/2660
f 2365/2666 2360/2661 2363/2664
f 2366/2667 2362/2663 2361/2662
f 2364/2665 2359/2660 2362/2663
f 2367/2668 2363/2664 2364/2665
f 2363/2664 2368/2669 2365/2666
f 2362/2663 2369/2670 2364/2665
f 2370/2671 2363/2664 2367/2668
f 2368/2669 2363/2664 2371/2672
f 2369/2670 2362/2663 2372/2673
f 2371/2672 2363/2664 2370/2671
f 2372/2673 2362/2663 2373/2674
f 2374/2675 3350/4490 3351/4491
f 2375/2676 3352/4492 3353/4493
f 3354/4494 2376/2677 2374/2675
f 3351/4495 3354/4494 2374/2675
f 2374/2675 3355/4496 3350/4497
f 2375/2676 3353/4498 3356/4499
f 3352/4500 2375/2676 2376/2677
f 3354/4501 3352/4500 2376/2677
f 2374/2675 2376/2677 2377/2678
f 3355/4502 2374/2675 2378/2679
f 3357/4503 3355/4502 2378/2679
f 2379/2680 3358/4504 3359/4505
f 3237/4506 659/2681 2375/2676
f 3356/4507 3237/4506 2375/2676
f 2375/2676 2380/2682 2376/2677
f 2377/2678 2376/2677 2381/2683
f 2374/2675 2377/2678 2378/2679
f 2378/2679 3360/4508 3357/4509
f 2382/2684 3361/4510 3362/4511
f 3358/4512 2379/2680 779/2685
f 3243/4513 3358/4512 779/2685
f 3363/4514 1070/2686 2379/2680
f 3359/4515 3363/4514 2379/2680
f 2375/2676 659/2681 2383/2687
f 2376/2677 2380/2682 2384/2688
f 2383/2687 2380/2682 2375/2676
f 2385/2689 2377/2678 2381/2683
f 2376/2677 2384/2688 2381/2683
f 3360/4516 2378/2679 2377/2678
f 3364/4517 3360/4516 2377/2678
f 3361/4518 2382/2684 2386/2690
f 3365/4519 3361/4518 2386/2690
f 3364/4520 2377/2678 2382/2684
f 3362/4521 3364/4520 2382/2684
f 2338/2691 779/2685 2379/2680
f 3366/4522 1022/2692 1070/2686
f 3363/4523 3366/4522 1070/2686
f 1087/2693 2379/2680 1070/2686
f 2384/2688 2380/2682 2387/2694
f 2383/2687 2388/2695 2380/2682
f 2382/2684 2377/2678 2385/2689
f 2385/2689 2381/2683 2389/2696
f 2381/2683 2384/2688 2390/2697
f 2386/2690 2382/2684 2391/2698
f 3365/4524 2386/2690 2392/2699
f 3367/4525 3365/4524 2392/2699
f 2338/2691 2379/2680 2393/2700
f 3367/4526 2392/2699 1022/2692
f 3366/4527 3367/4526 1022/2692
f 2379/2680 1087/2693 2393/2700
f 2380/2682 2388/2695 2387/2694
f 2387/2694 2394/2701 2384/2688
f 2395/2702 2388/2695 2383/2687
f 2391/2698 2382/2684 2385/2689
f 2381/2683 2390/2697 2389/2696
f 2396/2703 2385/2689 2389/2696
f 2384/2688 2394/2701 2390/2697
f 2391/2698 2396/2703 2386/2690
f 2386/2690 2396/2703 2392/2699
f 2397/2704 2338/2691 2393/2700
f 2398/2705 1022/2692 2392/2699
f 2393/2700 1087/2693 1113/2706
f 2399/2707 2387/2694 2388/2695
f 2394/2701 2387/2694 2399/2707
f 2395/2702 2400/2708 2388/2695
f 2385/2689 2396/2703 2391/2698
f 2389/2696 2390/2697 2401/2709
f 2402/2710 2396/2703 2389/2696
f 2390/2697 2394/2701 927/2711
f 2392/2699 2396/2703 2402/2710
f 1756/2712 2338/2691 2397/2704
f 2397/2704 2393/2700 1757/2713
f 1022/2692 2398/2705 1000/2714
f 2403/2715 2398/2705 2392/2699
f 1757/2713 2393/2700 1113/2706
f 2388/2695 2400/2708 2399/2707
f 2399/2707 2404/2716 2394/2701
f 2405/2717 2400/2708 2395/2702
f 927/2711 2401/2709 2390/2697
f 2401/2709 2402/2710 2389/2696
f 2404/2716 927/2711 2394/2701
f 2402/2710 2406/2718 2392/2699
f 2397/2704 1757/2713 1756/2712
f 1000/2714 2398/2705 983/2719
f 2398/2705 2403/2715 983/2719
f 2406/2718 2403/2715 2392/2699
f 2400/2708 2407/2720 2399/2707
f 2408/2721 2404/2716 2399/2707
f 2405/2717 2407/2720 2400/2708
f 941/2722 2401/2709 927/2711
f 2402/2710 2401/2709 941/2722
f 927/2711 2404/2716 931/2723
f 2406/2718 2402/2710 941/2722
f 983/2719 2403/2715 954/2724
f 2403/2715 2406/2718 954/2724
f 2399/2707 2407/2720 2408/2721
f 2408/2721 599/2725 2404/2716
f 2409/2726 2407/2720 2405/2717
f 599/2725 931/2723 2404/2716
f 954/2724 2406/2718 941/2722
f 2408/2721 2407/2720 605/2727
f 599/2725 2408/2721 605/2727
f 2410/2728 2407/2720 2409/2726
f 2407/2720 609/2729 605/2727
f 2411/2730 2407/2720 2410/2728
f 609/2729 2407/2720 2411/2730
f 615/2731 609/2729 2411/2730
f 2411/2730 2412/2732 615/2731
f 2413/2733 2414/2734 2383/2687
f 1547/2735 2415/2736 1824/2737
f 1547/2735 1532/2738 2415/2736
f 1824/2737 2415/2736 1823/2739
f 2415/2736 1532/2738 2416/2740
f 1823/2739 2415/2736 2417/2741
f 1546/2742 2416/2740 1532/2738
f 2416/2740 2418/2743 2415/2736
f 2415/2736 2418/2743 2417/2741
f 2417/2741 1826/2744 1823/2739
f 1546/2742 2418/2743 2416/2740
f 2417/2741 2418/2743 2419/2745
f 2419/2745 1826/2744 2417/2741
f 3479/4752 2418/2743 1546/2742
f 3480/4753 3479/4752 1546/2742
f 3481/4754 2419/2745 2418/2743
f 3479/4755 3481/4754 2418/2743
f 3482/4756 1826/2744 2419/2745
f 3483/4757 3482/4756 2419/2745
f 3480/4758 1546/2742 1545/2746
f 3484/4759 3480/4758 1545/2746
f 2419/2745 3481/4760 3485/4761
f 3564/4920 1826/2744 3482/4762
f 3565/4921 3564/4920 3482/4762
f 2419/2745 3485/4763 3483/4764
f 1545/2746 3486/4765 3484/4766
f 1545/2746 3487/4767 3486/4768
f 3487/4769 1545/2746 1533/2747
f 3488/4770 3487/4769 1533/2747
f 1533/2747 3489/4771 3488/4772
f 3489/4773 1533/2747 1514/2748
f 3490/4774 3489/4773 1514/2748
f 1514/2748 3465/4775 3490/4776
f 2420/2749 67/2750 2421/2751
f 67/2750 2420/2749 68/2752
f 2421/2751 2422/2753 2420/2749
f 2420/2749 2423/2754 68/2752
f 2423/2754 2420/2749 2422/2753
f 2423/2754 2424/2755 68/2752
f 2422/2753 2425/2756 2423/2754
f 2424/2755 2423/2754 2425/2756
f 2426/2757 68/2752 2424/2755
f 2425/2756 2427/2758 2424/2755
f 2426/2757 2428/2759 68/2752
f 2424/2755 2429/2760 2426/2757
f 2427/2758 2430/2761 2424/2755
f 68/2752 2428/2759 76/2762
f 2431/2763 2428/2759 2426/2757
f 2429/2760 2424/2755 2430/2761
f 2429/2760 2432/2764 2426/2757
f 2433/2765 76/2762 2428/2759
f 2428/2759 2431/2763 2434/2766
f 2435/2767 2431/2763 2426/2757
f 2430/2761 2436/2768 2429/2760
f 2429/2760 2437/2769 2432/2764
f 2438/2770 2426/2757 2432/2764
f 2439/2771 76/2762 2433/2765
f 2434/2766 2433/2765 2428/2759
f 2431/2763 2435/2767 2434/2766
f 2426/2757 2438/2770 2435/2767
f 2436/2768 2437/2769 2429/2760
f 358/2772 2432/2764 2437/2769
f 2432/2764 358/2772 2438/2770
f 76/2762 2439/2771 155/2773
f 2433/2765 2434/2766 2439/2771
f 216/2774 2434/2766 2435/2767
f 2440/2775 2435/2767 2438/2770
f 2437/2769 382/2776 358/2772
f 2438/2770 358/2772 2441/2777
f 155/2773 2442/2778 76/2762
f 2439/2771 182/2779 155/2773
f 182/2779 2439/2771 2434/2766
f 216/2774 182/2779 2434/2766
f 2435/2767 2440/2775 216/2774
f 2441/2777 2440/2775 2438/2770
f 358/2772 294/2780 2441/2777
f 2442/2778 2443/2781 76/2762
f 135/2782 2442/2778 155/2773
f 2440/2775 255/2783 216/2774
f 2441/2777 294/2780 2440/2775
f 2443/2781 2444/2784 76/2762
f 2443/2781 2442/2778 2445/2785
f 135/2782 2445/2785 2442/2778
f 255/2783 2440/2775 294/2780
f 122/2786 76/2762 2444/2784
f 2444/2784 2443/2781 2446/2787
f 2445/2785 2446/2787 2443/2781
f 135/2782 2446/2787 2445/2785
f 112/2788 76/2762 122/2786
f 2444/2784 2447/2789 122/2786
f 2446/2787 2447/2789 2444/2784
f 135/2782 2447/2789 2446/2787
f 113/2790 112/2788 122/2786
f 2447/2789 135/2782 122/2786
f 2128/2791 3368/4528 3336/4529
f 2448/2792 3369/4530 3370/4531
f 3368/4532 2128/2791 2449/2793
f 3371/4533 3368/4532 2449/2793
f 3371/4534 2449/2793 2448/2792
f 3370/4535 3371/4534 2448/2792
f 3369/4536 2448/2792 2450/2794
f 3372/4537 3369/4536 2450/2794
f 2451/2795 3373/4538 3374/4539
f 2449/2793 2128/2791 2136/2796
f 2448/2792 2449/2793 2452/2797
f 2450/2794 3375/4540 3372/4541
f 2453/2798 2450/2794 2448/2792
f 2454/2799 3376/4542 3377/4543
f 3378/4544 2455/2800 2451/2795
f 3374/4545 3378/4544 2451/2795
f 2451/2795 3379/4546 3373/4547
f 2456/2801 3380/4548 3381/4549
f 537/2802 3213/4550 3382/4551
f 2452/2797 2449/2793 2136/2796
f 2457/2803 2448/2792 2452/2797
f 3375/4552 2450/2794 2453/2798
f 3383/4553 3375/4552 2453/2798
f 2448/2792 2458/2804 2453/2798
f 3383/4554 2453/2798 2454/2799
f 3377/4555 3383/4554 2454/2799
f 3376/4556 2454/2799 2455/2800
f 3378/4557 3376/4556 2455/2800
f 2451/2795 2455/2800 2459/2805
f 3379/4558 2451/2795 2459/2805
f 3384/4559 3379/4558 2459/2805
f 3384/4560 2459/2805 2456/2801
f 3381/4561 3384/4560 2456/2801
f 3380/4562 2456/2801 537/2802
f 3382/4563 3380/4562 537/2802
f 2136/2796 2140/2806 2452/2797
f 2458/2804 2448/2792 2457/2803
f 2452/2797 2140/2806 2457/2803
f 2460/2807 2453/2798 2458/2804
f 2453/2798 2460/2807 2454/2799
f 2455/2800 2454/2799 2460/2807
f 2459/2805 2455/2800 2461/2808
f 2456/2801 2459/2805 539/2809
f 537/2802 2456/2801 539/2809
f 2461/2808 2458/2804 2457/2803
f 2140/2806 546/2810 2457/2803
f 2458/2804 2462/2811 2460/2807
f 2460/2807 2462/2811 2455/2800
f 2455/2800 2462/2811 2461/2808
f 2461/2808 539/2809 2459/2805
f 2462/2811 2458/2804 2461/2808
f 2457/2803 546/2810 2461/2808
f 539/2809 2461/2808 546/2810
f 2463/2812 2464/2813 2465/2814
f 3491/4777 3587/4962 3588/4963
f 3589/4964 3492/4778 2466/2815
f 3590/4965 3589/4964 2466/2815
f 3587/4966 3491/4779 3492/4778
f 3589/4967 3587/4966 3492/4778
f 2466/2815 3492/4780 3493/4781
f 3494/4782 2467/2816 2466/2815
f 3493/4783 3494/4782 2466/2815
f 2467/2816 3494/4784 3495/4785
f 2467/2816 3495/4786 3496/4787
f 2468/2817 2469/2818 2470/2819
f 2471/2820 2469/2818 2468/2817
f 2470/2819 2469/2818 2472/2821
f 2471/2820 2473/2822 2469/2818
f 2472/2821 2469/2818 2474/2823
f 2470/2819 2472/2821 463/2824
f 2475/2825 2472/2821 2474/2823
f 2469/2818 2476/2826 2474/2823
f 463/2824 2472/2821 459/2827
f 459/2827 2472/2821 2475/2825
f 2474/2823 2477/2828 2475/2825
f 2474/2823 2476/2826 2478/2829
f 447/2830 459/2827 2475/2825
f 2477/2828 447/2830 2475/2825
f 2479/2831 2477/2828 2474/2823
f 2476/2826 2480/2832 2478/2829
f 2474/2823 2478/2829 2479/2831
f 436/2833 447/2830 2477/2828
f 2479/2831 2481/2834 2477/2828
f 2478/2829 2480/2832 2482/2835
f 2483/2836 2480/2832 2476/2826
f 2479/2831 2478/2829 2484/2837
f 2481/2834 436/2833 2477/2828
f 2479/2831 2485/2838 2481/2834
f 2480/2832 2486/2839 2482/2835
f 2478/2829 2482/2835 2484/2837
f 2483/2836 2486/2839 2480/2832
f 2484/2837 2485/2838 2479/2831
f 436/2833 2481/2834 460/2840
f 2481/2834 2485/2838 460/2840
f 2487/2841 2482/2835 2486/2839
f 2482/2835 2488/2842 2484/2837
f 2485/2838 2484/2837 2489/2843
f 2485/2838 461/2844 460/2840
f 2488/2842 2482/2835 2487/2841
f 2484/2837 2488/2842 2489/2843
f 2485/2838 2489/2843 465/2845
f 461/2844 2485/2838 465/2845
f 2487/2841 2490/2846 2488/2842
f 2488/2842 2491/2847 2489/2843
f 2489/2843 2491/2847 465/2845
f 2492/2848 2491/2847 2488/2842
f 2491/2847 1556/2849 465/2845
f 2492/2848 2493/2850 2491/2847
f 1559/2851 1556/2849 2491/2847
f 2494/2852 2495/2853 2496/2854
f 2497/2855 2498/2856 2499/2857
f 2500/2858 2501/2859 2497/2855
f 2502/2860 3591/4968 3592/4969
f 2252/2861 3586/4970 3593/4971
f 3591/4972 2502/2860 2269/2862
f 3594/4973 3591/4972 2269/2862
f 2502/2860 3592/4974 3595/4975
f 3594/4976 2269/2862 2252/2861
f 3593/4977 3594/4976 2252/2861
f 2269/2862 2502/2860 2503/2863
f 3596/4978 2504/2864 2502/2860
f 3595/4979 3596/4978 2502/2860
f 2275/2865 2269/2862 2503/2863
f 2503/2863 2502/2860 2504/2864
f 3590/4980 2466/2866 2504/2864
f 3596/4981 3590/4980 2504/2864
f 2503/2863 2504/2864 2505/2867
f 2505/2867 2504/2864 2466/2866
f 2505/2867 2466/2866 2467/2868
f 2506/2869 2507/2870 2508/2871
f 2508/2871 2507/2870 2509/2872
f 2508/2871 2510/2873 2506/2869
f 2509/2872 2507/2870 2511/2874
f 2509/2872 2512/2875 2508/2871
f 2512/2875 2510/2873 2508/2871
f 2506/2869 2510/2873 2513/2876
f 2509/2872 2511/2874 2514/2877
f 2512/2875 2509/2872 2515/2878
f 2516/2879 2510/2873 2512/2875
f 2513/2876 2510/2873 2517/2880
f 2518/2881 2514/2877 2511/2874
f 2509/2872 2514/2877 2519/2882
f 2519/2882 2515/2878 2509/2872
f 2515/2878 2520/2883 2512/2875
f 2517/2880 2510/2873 2516/2879
f 2516/2879 2512/2875 2520/2883
f 2513/2876 2517/2880 2521/2884
f 2518/2881 2522/2885 2514/2877
f 2514/2877 2522/2885 2519/2882
f 2515/2878 2519/2882 2523/2886
f 2520/2883 2515/2878 2524/2887
f 2517/2880 2516/2879 2525/2888
f 2516/2879 2520/2883 2525/2888
f 2517/2880 2525/2888 2521/2884
f 2521/2884 2526/2889 2513/2876
f 2522/2885 2230/2890 2519/2882
f 2523/2886 2527/2891 2515/2878
f 2520/2883 2524/2887 2528/2892
f 2524/2887 2515/2878 2527/2891
f 2525/2888 2520/2883 2528/2892
f 2521/2884 2525/2888 2529/2893
f 2527/2891 2523/2886 2530/2894
f 2528/2892 2524/2887 2531/2895
f 2531/2895 2524/2887 2527/2891
f 2532/2896 2525/2888 2528/2892
f 2529/2893 2525/2888 2532/2896
f 2533/2897 2521/2884 2529/2893
f 2530/2894 2534/2898 2527/2891
f 2523/2886 2535/2899 2530/2894
f 2528/2892 2531/2895 2536/2900
f 2531/2895 2527/2891 2534/2898
f 2532/2896 2528/2892 2537/2901
f 2533/2897 2529/2893 2537/2901
f 2534/2898 2536/2900 2531/2895
f 2536/2900 2537/2901 2528/2892
f 2533/2897 2537/2901 2538/2902
f 2534/2898 2539/2903 2536/2900
f 2536/2900 2539/2903 2537/2901
f 2538/2902 2540/2904 2533/2897
f 2537/2901 2539/2903 2541/2905
f 2526/2889 2542/2906 2543/2907
f 2543/2907 2542/2906 2544/2908
f 2544/2908 2542/2906 2533/2897
f 2545/2909 2544/2908 2540/2904
f 2546/2910 2547/2911 2548/2912
f 2549/2913 2550/2914 2551/2915
f 2551/2915 2550/2914 2552/2916
f 2552/2916 2553/2917 2551/2915
f 2554/2918 2555/2919 2556/2920
f 2556/2920 2555/2919 2557/2921
f 2555/2919 2558/2922 2557/2921
f 2559/2923 2353/2924 2560/2925
f 2015/2926 2353/2924 2559/2923
f 2560/2925 2353/2924 2561/2927
f 2559/2923 2560/2925 2562/2928
f 2015/2926 2559/2923 2563/2929
f 2351/2930 2561/2927 2353/2924
f 2561/2927 2564/2931 2560/2925
f 2563/2929 2559/2923 2562/2928
f 2560/2925 2564/2931 2562/2928
f 2565/2932 2015/2926 2563/2929
f 2351/2930 2349/2933 2561/2927
f 2561/2927 2566/2934 2564/2931
f 2015/2926 2565/2932 2022/2935
f 2349/2933 2566/2934 2561/2927
f 2567/2936 2022/2935 2565/2932
f 2013/2937 2022/2935 2567/2936
f 2565/2932 2568/2938 2567/2936
f 2023/2939 2013/2937 2567/2936
f 2567/2936 2568/2938 2569/2940
f 2569/2940 2023/2939 2567/2936
f 2028/2941 2023/2939 2569/2940
f 2569/2940 2570/2942 2028/2941
f 2027/2943 2028/2941 2570/2942
f 2569/2940 2571/2944 2570/2942
f 2570/2942 2572/2945 2027/2943
f 2570/2942 2571/2944 2572/2945
f 2247/2946 3597/4982 3585/4983
f 2573/2947 2574/2948 2575/2949
f 3598/4984 2574/2948 2573/2947
f 3599/4985 3598/4984 2573/2947
f 2573/2947 2575/2949 2576/2950
f 2573/2947 3600/4986 3599/4987
f 2573/2947 2576/2950 2577/2951
f 3600/4988 2573/2947 2577/2951
f 3601/4989 3600/4988 2577/2951
f 2577/2951 2576/2950 2578/2952
f 2577/2951 3602/4990 3601/4991
f 2577/2951 2578/2952 2579/2953
f 2577/2951 3603/4992 3602/4993
f 3603/4994 2577/2951 2579/2953
f 3604/4995 3603/4994 2579/2953
f 3604/4996 2579/2953 2580/2954
f 3605/4997 3604/4996 2580/2954
f 2580/2954 3606/4998 3605/4999
f 3606/5000 2580/2954 2581/2955
f 3607/5001 3606/5000 2581/2955
f 2581/2955 3608/5002 3607/5003
f 2580/2954 2582/2956 2581/2955
f 2581/2955 3609/5004 3608/5005
f 2581/2955 2582/2956 2583/2957
f 2584/2958 2582/2956 2580/2954
f 3609/5006 2581/2955 2585/2959
f 3610/5007 3609/5006 2585/2959
f 2583/2957 2582/2956 2584/2958
f 2581/2955 2583/2957 2585/2959
f 3610/5008 2585/2959 2586/2960
f 3611/5009 3610/5008 2586/2960
f 2583/2957 2587/2961 2585/2959
f 2586/2960 2585/2959 2588/2962
f 2585/2959 2587/2961 2588/2962
f 2589/2963 2183/2964 2590/2965
f 2180/2966 2590/2965 2183/2964
f 2591/2967 2589/2963 2590/2965
f 2590/2965 2180/2966 2592/2968
f 2593/2969 2591/2967 2590/2965
f 2590/2965 2592/2968 2593/2969
f 2592/2968 2180/2966 2187/2970
f 2594/2971 2591/2967 2593/2969
f 2593/2969 2592/2968 2595/2972
f 2596/2973 2592/2968 2187/2970
f 2594/2971 2593/2969 2595/2972
f 2595/2972 2592/2968 2596/2973
f 2187/2970 2193/2974 2596/2973
f 2597/2975 2594/2971 2595/2972
f 2596/2973 2193/2974 2595/2972
f 2598/2976 2594/2971 2597/2975
f 2597/2975 2595/2972 2198/2977
f 2595/2972 2193/2974 2198/2977
f 2599/2978 2598/2976 2597/2975
f 2600/2979 2597/2975 2198/2977
f 2599/2978 2597/2975 2601/2980
f 2601/2980 2597/2975 2600/2979
f 2206/2981 2600/2979 2198/2977
f 2602/2982 2601/2980 2600/2979
f 2206/2981 2211/2983 2600/2979
f 2602/2982 2600/2979 2211/2983
f 2220/2984 2602/2982 2211/2983
f 2603/2985 2602/2982 2220/2984
f 2603/2985 2220/2984 2230/2986
f 2603/2985 2230/2986 2522/2987
f 2604/2988 2605/2989 2606/2990
f 2605/2989 2607/2991 2606/2990
f 2606/2990 2608/2992 2604/2988
f 2606/2990 2607/2991 2609/2993
f 2608/2992 2606/2990 2610/2994
f 2611/2995 2609/2993 2607/2991
f 2606/2990 2609/2993 2612/2996
f 2610/2994 2606/2990 2612/2996
f 2610/2994 2613/2997 2608/2992
f 2609/2993 2611/2995 2612/2996
f 2610/2994 2612/2996 2614/2998
f 2613/2997 2610/2994 2615/2999
f 2612/2996 2611/2995 2616/3000
f 2617/3001 2614/2998 2612/2996
f 2614/2998 2615/2999 2610/2994
f 2618/3002 2613/2997 2615/2999
f 2619/3003 2616/3000 2611/2995
f 2612/2996 2616/3000 2617/3001
f 2614/2998 2617/3001 2620/3004
f 2615/2999 2614/2998 2146/3005
f 2618/3002 2615/2999 2621/3006
f 2616/3000 2619/3003 2622/3007
f 2622/3007 2617/3001 2616/3000
f 2620/3004 2617/3001 2623/3008
f 2620/3004 2146/3005 2614/2998
f 2621/3006 2615/2999 2146/3005
f 2622/3007 2619/3003 2266/3009
f 2622/3007 2624/3010 2617/3001
f 2617/3001 2624/3010 2623/3008
f 2623/3008 2625/3011 2620/3004
f 2620/3004 2625/3011 2146/3005
f 2271/3012 2266/3009 2619/3003
f 2266/3009 2624/3010 2622/3007
f 2623/3008 2624/3010 2278/3013
f 2625/3011 2623/3008 2293/3014
f 2146/3005 2625/3011 2148/3015
f 2624/3010 2266/3009 2278/3013
f 2623/3008 2278/3013 2293/3014
f 2148/3015 2625/3011 2293/3014
f 2499/3016 2498/3017 2626/3018
f 2499/3016 2626/3018 2627/3019
f 2626/3018 2628/3020 2627/3019
f 2629/3021 2628/3020 2626/3018
f 2629/3021 2630/3022 2628/3020
f 2629/3021 2631/3023 2630/3022
f 2628/3020 2630/3022 2632/3024
f 2632/3024 2630/3022 2633/3025
f 2634/3026 2628/3020 2632/3024
f 2633/3025 2630/3022 2635/3027
f 2632/3024 2633/3025 2636/3028
f 2634/3026 2632/3024 2637/3029
f 2630/3022 2548/3030 2635/3027
f 2633/3025 2635/3027 2558/3031
f 2558/3031 2636/3028 2633/3025
f 2636/3028 2638/3032 2632/3024
f 2637/3029 2632/3024 2638/3032
f 2635/3027 2548/3030 2547/3033
f 2635/3027 2550/3034 2558/3031
f 2636/3028 2558/3031 2639/3035
f 2638/3032 2636/3028 2639/3035
f 2638/3032 2640/3036 2637/3029
f 2547/3033 2641/3037 2635/3027
f 2558/3031 2550/3034 2549/3038
f 2558/3031 2555/3039 2639/3035
f 2640/3036 2638/3032 2639/3035
f 2549/3038 2553/3040 2558/3031
f 2558/3031 2553/3040 2557/3041
f 2551/3042 2553/3040 2549/3038
f 2283/3043 2284/3044 2295/3045
f 2295/3045 2284/3044 2642/3046
f 2642/3046 2284/3044 2288/3047
f 2642/3046 2157/3048 2295/3045
f 2642/3046 2288/3047 2643/3049
f 2150/3050 2295/3045 2157/3048
f 2157/3048 2642/3046 2164/3051
f 2643/3049 2288/3047 2298/3052
f 2164/3051 2642/3046 2643/3049
f 2288/3047 2285/3053 2298/3052
f 2643/3049 2298/3052 2170/3054
f 2164/3051 2643/3049 2170/3054
f 2294/3055 2298/3052 2285/3053
f 2170/3054 2298/3052 2179/3056
f 2298/3052 2297/3057 2179/3056
f 2179/3056 2297/3057 2296/3058
f 2179/3056 2296/3058 2644/3059
f 2644/3059 2296/3058 2292/3060
f 2644/3059 2292/3060 2645/3061
f 2292/3060 2646/3062 2645/3061
f 2647/3063 2645/3061 2646/3062
f 2646/3062 2648/3064 2647/3063
f 3497/4788 2645/3061 2647/3063
f 3498/4789 3497/4788 2647/3063
f 2647/3063 2648/3064 2649/3065
f 2647/3063 3499/4790 3498/4791
f 3444/4792 531/3066 2645/3061
f 3497/4793 3444/4792 2645/3061
f 2648/3064 2650/3067 2649/3065
f 530/3068 2645/3061 531/3066
f 529/3069 2645/3061 530/3068
f 2651/3070 2302/3071 2652/3072
f 2651/3070 2652/3072 2653/3073
f 2652/3072 2654/3074 2653/3073
f 2651/3070 2653/3073 2301/3075
f 2653/3073 2654/3074 2655/3076
f 2656/3077 2654/3074 2652/3072
f 2657/3078 2301/3075 2653/3073
f 2654/3074 2468/3079 2655/3076
f 2655/3076 2658/3080 2653/3073
f 2656/3077 2659/3081 2654/3074
f 2657/3078 2653/3073 2660/3082
f 2468/3079 2654/3074 2661/3083
f 2655/3076 2468/3079 2470/3084
f 2653/3073 2658/3080 2660/3082
f 2655/3076 463/3085 2658/3080
f 2661/3083 2654/3074 2659/3081
f 453/3086 2657/3078 2660/3082
f 2661/3083 2662/3087 2468/3079
f 463/3085 2655/3076 2470/3084
f 2658/3080 458/3088 2660/3082
f 2658/3080 463/3085 458/3088
f 453/3086 2660/3082 458/3088
f 2663/3089 2664/3090 2665/3091
f 2666/3092 2664/3090 2663/3089
f 2667/3093 2665/3091 2664/3090
f 2668/3094 2664/3090 2666/3092
f 2664/3090 2669/3095 2667/3093
f 2668/3094 2666/3092 2670/3096
f 2670/3096 2671/3097 2668/3094
f 2671/3097 2670/3096 2672/3098
f 2673/3099 2672/3098 2670/3096
f 2674/3100 2671/3097 2672/3098
f 2670/3096 2675/3101 2673/3099
f 2672/3098 2673/3099 2676/3102
f 2677/3103 2674/3100 2672/3098
f 2675/3101 2678/3104 2673/3099
f 2679/3105 2676/3102 2673/3099
f 2680/3106 2674/3100 2677/3103
f 2677/3103 2672/3098 2681/3107
f 2663/3089 2678/3104 2675/3101
f 2673/3099 2678/3104 2682/3108
f 2673/3099 2682/3108 2679/3105
f 2674/3100 2680/3106 2683/3109
f 2681/3107 2684/3110 2677/3103
f 2682/3108 2678/3104 2685/3111
f 2684/3110 2681/3107 2686/3112
f 2685/3111 2678/3104 2687/3113
f 2687/3113 2678/3104 2688/3114
f 2689/3115 2465/3116 2690/3117
f 2691/3118 2692/3119 2689/3115
f 2693/3120 2694/3121 2689/3115
f 2695/3122 2696/3123 2697/3124
f 2698/3125 2695/3122 2697/3124
f 2697/3124 2699/3126 2698/3125
f 2700/3127 2698/3125 2699/3126
f 2701/3128 2702/3129 2703/3130
f 2701/3128 2591/3131 2702/3129
f 2703/3130 2702/3129 2704/3132
f 2705/3133 2701/3128 2703/3130
f 2702/3129 2591/3131 2594/3134
f 2704/3132 2702/3129 2598/3135
f 2703/3130 2704/3132 2706/3136
f 2703/3130 2706/3136 2705/3133
f 2598/3135 2702/3129 2594/3134
f 2704/3132 2598/3135 2599/3137
f 2706/3136 2704/3132 2707/3138
f 2707/3138 2704/3132 2599/3137
f 2708/3139 2706/3136 2707/3138
f 2599/3137 2601/3140 2707/3138
f 2707/3138 2601/3140 2709/3141
f 2709/3141 2601/3140 2602/3142
f 2709/3141 2602/3142 2603/3143
f 2507/3144 2710/3145 2711/3146
f 2639/3147 2555/3148 2712/3149
f 2713/3150 2714/3151 2715/3152
f 2714/3151 2713/3150 2716/3153
f 2715/3152 2717/3154 2713/3150
f 2713/3150 2717/3154 2716/3153
f 2714/3151 2716/3153 2718/3155
f 2716/3153 2717/3154 2719/3156
f 2720/3157 2714/3151 2718/3155
f 2718/3155 2716/3153 2721/3158
f 3612/5010 2719/3156 2717/3154
f 3613/5011 3612/5010 2717/3154
f 2716/3153 2719/3156 2721/3158
f 2722/3159 2714/3151 2720/3157
f 2718/3155 2611/3160 2720/3157
f 2718/3155 2721/3158 2723/3161
f 3614/5012 2721/3158 2719/3156
f 3612/5013 3614/5012 2719/3156
f 2605/3162 2722/3159 2720/3157
f 2607/3163 2720/3157 2611/3160
f 2724/3164 2611/3160 2718/3155
f 2723/3161 2724/3164 2718/3155
f 2723/3161 2721/3158 2259/3165
f 3597/5014 2247/3166 2721/3158
f 3614/5015 3597/5014 2721/3158
f 2720/3157 2607/3163 2605/3162
f 2611/3160 2724/3164 2619/3167
f 2724/3164 2723/3161 2619/3167
f 2721/3158 2247/3166 2259/3165
f 2723/3161 2259/3165 2271/3168
f 2619/3167 2723/3161 2271/3168
f 3385/4564 3615/5016 3616/5017
f 3617/5018 3386/4565 3385/4564
f 3616/5019 3617/5018 3385/4564
f 3618/5020 3387/4566 3386/4567
f 3617/5021 3618/5020 3386/4567
f 3619/5022 3388/4568 2725/3169
f 3620/5023 3619/5022 2725/3169
f 3615/5024 3385/4569 3388/4568
f 3619/5025 3615/5024 3388/4568
f 3387/4570 3618/5026 3621/5027
f 3387/4570 3621/5028 3622/5029
f 2725/3169 3623/5030 3620/5031
f 2726/3170 3624/5032 3625/5033
f 3624/5034 2726/3170 3389/4571
f 3626/5035 3624/5034 3389/4571
f 3623/5036 2725/3169 2574/3171
f 3627/5037 3623/5036 2574/3171
f 2574/3171 3598/5038 3627/5039
f 2726/3170 3625/5040 3628/5041
f 2726/3170 3390/4572 3389/4573
f 2574/3171 2725/3169 2727/3172
f 2726/3170 3628/5042 3629/5043
f 3390/4574 2726/3170 2728/3173
f 3391/4575 3390/4574 2728/3173
f 2727/3172 2725/3169 2729/3174
f 2574/3171 2727/3172 2730/3175
f 3630/5044 2728/3173 2726/3170
f 3629/5045 3630/5044 2726/3170
f 2728/3173 3392/4576 3391/4577
f 2730/3175 2575/3176 2574/3171
f 3631/5046 3393/4578 2728/3173
f 3630/5047 3631/5046 2728/3173
f 3632/5048 3394/4579 3393/4578
f 3631/5049 3632/5048 3393/4578
f 3392/4580 2728/3173 2731/3177
f 3395/4581 3392/4580 2731/3177
f 3394/4582 3632/5050 3633/5051
f 2731/3177 3396/4583 3395/4584
f 3396/4585 2731/3177 2732/3178
f 3397/4586 3396/4585 2732/3178
f 2732/3178 3398/4587 3397/4588
f 2733/3179 3399/4589 3400/4590
f 614/3180 3401/4591 3236/4592
f 3401/4593 614/3180 2734/3181
f 3402/4594 3401/4593 2734/3181
f 2729/3174 2733/3179 2735/3182
f 2546/3183 2736/3184 2737/3185
f 2546/3183 2737/3185 2738/3186
f 2738/3186 2552/3187 2546/3183
f 2739/3188 2738/3186 2737/3185
f 2552/3187 2738/3186 2740/3189
f 2741/3190 2738/3186 2739/3188
f 2738/3186 2741/3190 2740/3189
f 2742/3191 2740/3189 2741/3190
f 2741/3190 2743/3192 2742/3191
f 2740/3189 2742/3191 2640/3193
f 2743/3192 2627/3194 2742/3191
f 2637/3195 2640/3193 2742/3191
f 2742/3191 2634/3196 2637/3195
f 2552/3187 2641/3197 2547/3198
f 2550/3199 2641/3197 2552/3187
f 2635/3200 2641/3197 2550/3199
f 2744/3201 3634/5052 3635/5053
f 2744/3201 3635/5054 3636/5055
f 2744/3201 3637/5056 3634/5057
f 3613/5058 2717/3202 2744/3201
f 3636/5059 3613/5058 2744/3201
f 3637/5060 2744/3201 2745/3203
f 3638/5061 3637/5060 2745/3203
f 2744/3201 2717/3202 2745/3203
f 2745/3203 3639/5062 3638/5063
f 2746/3204 2747/3205 2748/3206
f 2749/3207 2747/3205 2746/3204
f 2748/3206 2747/3205 2750/3208
f 2748/3206 2751/3209 2746/3204
f 2752/3210 2747/3205 2749/3207
f 2747/3205 2752/3210 2750/3208
f 2750/3208 2751/3209 2748/3206
f 2753/3211 2752/3210 2749/3207
f 2750/3208 2752/3210 37/3212
f 2750/3208 37/3212 2751/3209
f 2752/3210 2754/3213 37/3212
f 2754/3213 2752/3210 2755/3214
f 37/3212 2754/3213 24/3215
f 2755/3214 23/3216 2754/3213
f 2754/3213 23/3216 24/3215
f 36/3217 23/3216 2755/3214
f 24/3215 23/3216 14/3218
f 2756/3219 36/3217 2755/3214
f 2757/3220 2758/3221 2759/3222
f 2760/3223 2761/3224 2762/3225
f 2763/3226 2764/3227 2765/3228
f 2766/3229 2767/3230 2762/3225
f 2768/3231 2684/3232 2769/3233
f 2770/3234 2769/3233 2684/3232
f 2770/3234 2684/3232 2771/3235
f 2684/3232 2772/3236 2771/3235
f 2771/3235 2773/3237 2770/3234
f 2686/3238 2772/3236 2684/3232
f 2774/3239 2770/3234 2773/3237
f 2775/3240 2770/3234 2774/3239
f 2774/3239 2776/3241 2775/3240
f 2777/3242 2775/3240 2776/3241
f 2778/3243 2779/3244 1838/3245
f 2780/3246 2778/3243 1838/3245
f 2780/3246 1838/3245 1835/3247
f 1835/3247 2781/3248 2780/3246
f 2781/3248 1835/3247 2030/3249
f 2030/3249 1835/3247 1839/3250
f 2782/3251 2640/3252 2639/3253
f 2640/3252 2782/3251 2740/3254
f 2783/3255 2782/3251 2639/3253
f 2740/3254 2782/3251 2552/3256
f 2557/3257 2782/3251 2783/3255
f 2712/3258 2783/3255 2639/3253
f 2552/3256 2782/3251 2553/3259
f 2553/3259 2782/3251 2557/3257
f 2556/3260 2557/3257 2783/3255
f 2784/3261 2783/3255 2712/3258
f 2783/3255 2784/3261 2556/3260
f 2785/3262 3403/4595 3404/4596
f 2785/3262 3405/4597 3403/4598
f 3406/4599 2786/3263 2785/3262
f 3404/4600 3406/4599 2785/3262
f 3405/4601 2785/3262 2134/3264
f 3340/4602 3405/4601 2134/3264
f 2787/3265 2785/3262 2786/3263
f 3346/4603 2357/3266 2786/3263
f 3406/4604 3346/4603 2786/3263
f 2134/3264 2785/3262 2787/3265
f 2786/3263 2788/3267 2787/3265
f 2789/3268 2786/3263 2357/3266
f 2141/3269 2134/3264 2787/3265
f 2790/3270 2788/3267 2786/3263
f 2787/3265 2788/3267 2791/3271
f 2792/3272 2786/3263 2789/3268
f 2141/3269 2787/3265 2791/3271
f 2786/3263 2793/3273 2790/3270
f 2791/3271 2788/3267 2794/3274
f 2793/3273 2786/3263 2792/3272
f 2032/3275 2141/3269 2791/3271
f 2043/3276 2032/3275 2791/3271
f 57/3277 2795/3278 58/3279
f 2795/3278 2796/3280 58/3279
f 67/3281 58/3279 2796/3280
f 2796/3280 2797/3282 67/3281
f 2797/3282 2798/3283 67/3281
f 2798/3283 2421/3284 67/3281
f 2799/3285 2324/3286 2328/3287
f 2332/3288 2324/3286 2799/3285
f 2799/3285 2328/3287 2800/3289
f 2332/3288 2799/3285 2801/3290
f 2328/3287 2331/3291 2800/3289
f 2799/3285 2800/3289 2802/3292
f 2801/3290 2799/3285 2802/3292
f 2803/3293 2332/3288 2801/3290
f 2331/3291 2337/3294 2800/3289
f 2802/3292 2800/3289 2804/3295
f 2802/3292 2805/3296 2801/3290
f 2335/3297 2332/3288 2803/3293
f 2803/3293 2801/3290 2805/3296
f 2800/3289 2337/3294 1758/3298
f 2800/3289 1758/3298 2804/3295
f 2804/3295 2806/3299 2802/3292
f 2805/3296 2802/3292 2807/3300
f 2335/3297 2803/3293 2808/3301
f 2808/3301 2803/3293 2805/3296
f 2804/3295 1758/3298 2809/3302
f 2802/3292 2806/3299 2810/3303
f 2807/3300 2802/3292 2810/3303
f 2805/3296 2807/3300 2811/3304
f 2808/3301 2805/3296 2811/3304
f 1758/3298 2812/3305 2809/3302
f 2807/3300 2810/3303 2813/3306
f 2811/3304 2807/3300 2814/3307
f 2815/3308 2807/3300 2813/3306
f 2814/3307 2807/3300 2815/3308
f 2813/3306 2816/3309 2815/3308
f 2817/3310 2816/3309 2813/3306
f 2816/3309 2817/3310 2818/3311
f 2818/3311 2817/3310 2819/3312
f 2817/3310 2820/3313 2819/3312
f 2819/3312 2821/3314 2818/3311
f 2819/3312 2820/3313 2822/3315
f 2822/3315 2821/3314 2819/3312
f 1098/3316 1088/3317 1761/3318
f 2823/3319 1098/3316 1761/3318
f 2824/3320 2745/3321 2717/3322
f 2825/3323 2745/3321 2824/3320
f 2715/3324 2824/3320 2717/3322
f 3639/5064 2745/3321 2825/3323
f 3640/5065 3639/5064 2825/3323
f 2824/3320 2826/3325 2825/3323
f 2827/3326 2824/3320 2715/3324
f 2826/3325 2824/3320 2827/3326
f 2827/3326 2715/3324 2714/3327
f 2827/3326 2828/3328 2826/3325
f 2722/3329 2827/3326 2714/3327
f 2828/3328 2827/3326 2829/3330
f 2830/3331 2827/3326 2722/3329
f 2829/3330 2827/3326 2831/3332
f 2832/3333 2827/3326 2830/3331
f 2722/3329 2833/3334 2830/3331
f 2831/3332 2827/3326 2834/3335
f 2827/3326 2832/3333 2834/3335
f 2830/3331 2835/3336 2832/3333
f 2836/3337 2830/3331 2833/3334
f 2722/3329 2605/3338 2833/3334
f 2835/3336 2830/3331 2837/3339
f 2837/3339 2830/3331 2836/3337
f 2833/3334 2605/3338 2836/3337
f 2836/3337 2838/3340 2837/3339
f 2836/3337 2839/3341 2838/3340
f 2839/3341 2836/3337 2840/3342
f 2841/3343 2842/3344 2843/3345
f 2842/3344 2841/3343 2844/3346
f 2842/3344 2845/3347 2843/3345
f 2843/3345 2846/3348 2841/3343
f 2847/3349 2842/3344 2844/3346
f 2848/3350 2845/3347 2842/3344
f 2848/3350 2842/3344 2847/3349
f 2849/3351 2847/3349 2844/3346
f 2845/3347 2848/3350 2850/3352
f 2848/3350 2847/3349 2851/3353
f 2848/3350 2852/3354 2850/3352
f 2853/3355 2851/3353 2847/3349
f 2851/3353 2852/3354 2848/3350
f 2850/3352 2852/3354 2854/3356
f 2855/3357 2851/3353 2853/3355
f 2856/3358 2852/3354 2851/3353
f 2854/3356 2852/3354 2857/3359
f 2852/3354 2856/3358 2857/3359
f 2533/3360 2542/3361 2521/3362
f 2521/3362 2542/3361 2526/3363
f 2604/3364 2608/3365 2858/3366
f 2859/3367 2858/3366 2608/3365
f 2859/3367 2608/3365 2613/3368
f 2859/3367 2613/3368 2860/3369
f 2860/3369 2861/3370 2859/3367
f 2860/3369 2613/3368 2618/3371
f 2862/3372 2859/3367 2861/3370
f 2861/3370 2860/3369 2863/3373
f 2860/3369 2618/3371 2864/3374
f 2865/3375 134/3376 2866/3377
f 111/3378 2866/3377 134/3376
f 2866/3377 125/3379 2865/3375
f 2866/3377 111/3378 101/3380
f 148/3381 2865/3375 125/3379
f 2866/3377 101/3380 125/3379
f 2644/3382 529/3383 2179/3384
f 529/3383 2644/3382 2645/3385
f 2867/3386 2868/3387 2869/3388
f 2869/3388 2870/3389 2867/3386
f 2870/3389 2871/3390 2867/3386
f 2872/3391 2870/3389 2869/3388
f 2867/3386 2871/3390 2873/3392
f 2874/3393 2870/3389 2872/3391
f 2875/3394 2876/3395 2877/3396
f 2878/3397 2303/3398 2305/3399
f 2306/3400 2303/3398 2878/3397
f 2878/3397 2305/3399 2309/3401
f 2314/3402 2878/3397 2309/3401
f 2321/3403 2878/3397 2314/3402
f 2879/3404 2880/3405 2881/3406
f 2881/3406 2880/3405 2882/3407
f 2883/3408 2879/3404 2881/3406
f 2880/3405 2884/3409 2882/3407
f 2885/3410 2881/3406 2882/3407
f 2885/3410 2886/3411 2881/3406
f 2885/3410 2882/3407 2887/3412
f 2886/3411 2885/3410 2888/3413
f 2888/3413 2885/3410 2887/3412
f 2889/3414 2886/3411 2888/3413
f 2890/3415 2888/3413 2887/3412
f 2891/3416 2888/3413 2890/3415
f 2891/3416 2892/3417 2888/3413
f 2893/3418 2894/3419 2895/3420
f 2895/3420 2894/3419 2896/3421
f 2896/3421 2894/3419 2897/3422
f 2894/3419 2898/3423 2897/3422
f 2897/3422 2899/3424 2896/3421
f 2900/3425 2898/3423 2894/3419
f 2897/3422 2898/3423 2901/3426
f 2902/3427 2899/3424 2897/3422
f 2903/3428 2904/3429 2905/3430
f 2906/3431 2856/3432 2907/3433
f 2906/3431 2908/3434 2856/3432
f 2908/3434 2906/3431 2909/3435
f 2856/3432 2908/3434 2857/3436
f 2857/3436 2908/3434 2909/3435
f 732/3437 709/3438 2910/3439
f 732/3437 2910/3439 2911/3440
f 433/3441 2912/3442 422/3443
f 422/3443 2912/3442 2913/3444
f 2913/3444 2912/3442 434/3445
f 422/3443 2913/3444 434/3445
f 453/3446 434/3445 2912/3442
f 2912/3442 2914/3447 453/3446
f 2914/3447 2299/3448 453/3446
f 453/3446 2299/3448 2657/3449
f 2299/3448 2301/3450 2657/3449
f 2915/3451 2499/3452 2627/3453
f 2627/3453 2743/3454 2915/3451
f 2743/3454 2741/3455 2915/3451
f 2915/3451 2741/3455 2916/3456
f 2916/3456 2917/3457 2915/3451
f 2918/3458 2919/3459 2500/3460
f 2920/3461 2919/3459 2918/3458
f 2918/3458 2921/3462 2920/3461
f 2917/3457 2921/3462 2500/3460
f 2922/3463 2923/3464 2924/3465
f 2534/3466 2923/3464 2922/3463
f 2539/3467 2534/3466 2922/3463
f 2925/3468 2539/3467 2922/3463
f 2922/3463 2926/3469 2925/3468
f 2712/3470 2555/3471 2554/3472
f 2554/3472 2784/3473 2712/3470
f 2556/3474 2784/3473 2554/3472
f 2927/3475 2928/3476 2929/3477
f 2930/3478 2928/3476 2927/3475
f 2927/3475 2929/3477 2931/3479
f 2932/3480 2930/3478 2927/3475
f 2933/3481 2927/3475 2931/3479
f 2934/3482 2927/3475 2933/3481
f 2935/3483 2934/3482 2933/3481
f 2936/3484 2935/3483 2933/3481
f 2937/3485 2938/3486 2930/3478
f 2939/3487 2937/3485 2930/3478
f 2930/3478 2940/3488 2939/3487
f 2941/3489 2942/3490 2920/3491
f 2920/3491 2921/3492 2941/3489
f 2921/3492 2943/3493 2941/3489
f 2916/3494 2943/3493 2921/3492
f 2944/3495 2945/3496 2946/3497
f 2945/3496 2944/3495 2589/3498
f 2589/3498 2944/3495 2183/3499
f 2589/3498 2947/3500 2945/3496
f 2944/3495 2173/3501 2183/3499
f 2948/3502 2945/3496 2947/3500
f 2589/3498 2701/3503 2947/3500
f 2947/3500 2701/3503 2948/3502
f 2591/3504 2701/3503 2589/3498
f 2949/3505 2846/3506 2843/3507
f 2846/3506 2949/3505 2950/3508
f 2843/3507 2845/3509 2949/3505
f 2950/3508 2949/3505 2951/3510
f 2952/3511 2846/3506 2950/3508
f 2845/3509 2953/3512 2949/3505
f 2949/3505 2953/3512 2951/3510
f 2953/3512 2845/3509 2850/3513
f 2951/3510 2953/3512 2662/3514
f 2953/3512 2850/3513 2854/3515
f 2662/3514 2953/3512 2473/3516
f 2854/3515 2954/3517 2953/3512
f 2953/3512 2954/3517 2473/3516
f 2854/3515 2857/3518 2954/3517
f 2473/3516 2954/3517 2486/3519
f 2909/3520 2954/3517 2857/3518
f 2955/3521 2954/3517 2909/3520
f 2954/3517 2955/3521 2956/3522
f 2956/3522 2955/3521 2490/3523
f 2957/3524 2952/3511 2958/3525
f 2287/3526 2277/3527 2959/3528
f 2277/3527 2275/3529 2959/3528
f 2287/3526 2959/3528 2648/3530
f 2648/3530 2646/3531 2287/3526
f 2292/3532 2287/3526 2646/3531
f 2114/3533 1910/3534 2110/3535
f 2960/3536 2874/3537 2961/3538
f 2960/3536 2871/3539 2874/3537
f 2962/3540 2871/3539 2960/3536
f 2963/3541 2962/3540 2960/3536
f 2960/3536 2964/3542 2963/3541
f 2873/3543 2962/3540 2963/3541
f 2965/3544 2966/3545 364/3546
f 2967/3547 364/3546 2966/3545
f 2966/3545 2968/3548 2967/3547
f 364/3546 2967/3547 365/3549
f 445/3550 2967/3547 2968/3548
f 2967/3547 385/3551 365/3549
f 385/3551 2967/3547 445/3550
f 2961/3552 2964/3553 2960/3554
f 2961/3552 2969/3555 2964/3553
f 2964/3553 2969/3555 2873/3556
f 2873/3556 2969/3555 2867/3557
f 2963/3558 2964/3553 2873/3556
f 2970/3559 2971/3560 2972/3561
f 2973/3562 2971/3560 2970/3559
f 2974/3563 2971/3560 2973/3562
f 2970/3559 2975/3564 2973/3562
f 2976/3565 2974/3563 2973/3562
f 2975/3564 2942/3566 2973/3562
f 2974/3563 2976/3565 2977/3567
f 2973/3562 2978/3568 2976/3565
f 2942/3566 2975/3564 2920/3569
f 2979/3570 2974/3563 2977/3567
f 2977/3567 2976/3565 2980/3571
f 2972/3561 2919/3572 2975/3564
f 2725/3573 3388/4605 3407/4606
f 3408/4607 2729/3574 2725/3573
f 3407/4608 3408/4607 2725/3573
f 3399/4609 2733/3575 2729/3574
f 3408/4610 3399/4609 2729/3574
f 2981/3576 2976/3577 2978/3578
f 2982/3579 2976/3577 2981/3576
f 2976/3577 2982/3579 2980/3580
f 2983/3581 2982/3579 2981/3576
f 2980/3580 2982/3579 2924/3582
f 2982/3579 2983/3581 2924/3582
f 2983/3581 2926/3583 2924/3582
f 2100/3584 2984/3585 1688/3586
f 2984/3585 2100/3584 351/3587
f 2984/3585 1690/3588 1688/3586
f 2984/3585 351/3587 1690/3588
f 2985/3589 2986/3590 2876/3591
f 2875/3592 2985/3589 2876/3591
f 2987/3593 2985/3589 2875/3592
f 2875/3592 2988/3594 2987/3593
f 2989/3595 2988/3594 2875/3592
f 2988/3594 2989/3595 2990/3596
f 2877/3597 2989/3595 2875/3592
f 2991/3598 2988/3594 2990/3596
f 2992/3599 2991/3598 2990/3596
f 2993/3600 2994/3601 2995/3602
f 2995/3602 2994/3601 2996/3603
f 2997/3604 2498/3605 2501/3606
f 2529/3607 2532/3608 2537/3609
f 2562/3610 2564/3611 2998/3612
f 2564/3611 2566/3613 2998/3612
f 2562/3610 2998/3612 2999/3614
f 2998/3612 2566/3613 3000/3615
f 2999/3614 3001/3616 2562/3610
f 2999/3614 2998/3612 3000/3615
f 3000/3615 3002/3617 2999/3614
f 3003/3618 2781/3619 2030/3620
f 2030/3620 2027/3621 3003/3618
f 2813/3622 2820/3623 2817/3624
f 2268/3625 2264/3626 2286/3627
f 2276/3628 2286/3627 2264/3626
f 2486/3629 2483/3630 2473/3631
f 2476/3632 2473/3631 2483/3630
f 2469/3633 2473/3631 2476/3632
f 2339/3634 2335/3635 2808/3636
f 2808/3636 2341/3637 2339/3634
f 2341/3637 2808/3636 2342/3638
f 2342/3638 2808/3636 2811/3639
f 3004/3640 3005/3641 2923/3642
f 3006/3643 3004/3640 2923/3642
f 3006/3643 2923/3642 2530/3644
f 2275/3645 3007/3646 2959/3647
f 3007/3646 2275/3645 2503/3648
f 2959/3647 3007/3646 2650/3649
f 3007/3646 2503/3648 2650/3649
f 2650/3649 2648/3650 2959/3647
f 2505/3651 2650/3649 2503/3648
f 2650/3649 2505/3651 2467/3652
f 2649/3653 2650/3649 2467/3652
f 3500/4794 2649/3653 2467/3652
f 3496/4795 3500/4794 2467/3652
f 3499/4796 2647/3654 2649/3653
f 3500/4797 3499/4796 2649/3653
f 2538/3655 2537/3656 2541/3657
f 2538/3655 2541/3657 3008/3658
f 3009/3659 3010/3660 3011/3661
f 3011/3661 3010/3660 64/3662
f 3010/3660 3012/3663 64/3662
f 64/3662 84/3664 3011/3661
f 3013/3665 3012/3663 3010/3660
f 64/3662 3012/3663 54/3666
f 3014/3667 3012/3663 3013/3665
f 3015/3668 3016/3669 3017/3670
f 3017/3670 3016/3669 3018/3671
f 3017/3670 3019/3672 3015/3668
f 2544/3673 2533/3674 2540/3675
f 2473/3676 2471/3677 2662/3678
f 2468/3679 2662/3678 2471/3677
f 2541/3680 2539/3681 2925/3682
f 2925/3682 2926/3683 2541/3680
f 54/3684 3012/3685 3020/3686
f 3020/3686 3012/3685 3021/3687
f 3020/3686 3022/3688 54/3684
f 3021/3687 3012/3685 3014/3689
f 3022/3688 47/3690 54/3684
f 2541/3691 2926/3692 3023/3693
f 3008/3694 2541/3691 3023/3693
f 2924/3695 2926/3696 2922/3697
f 2627/3698 2634/3699 2742/3700
f 2562/3701 3001/3702 2563/3703
f 3024/3704 3016/3705 3025/3706
f 3018/3707 3016/3705 3024/3704
f 3026/3708 3027/3709 3028/3710
f 3029/3711 3030/3712 3031/3713
f 3032/3714 3030/3712 3029/3711
f 3029/3711 3031/3713 2760/3715
f 2764/3716 3029/3711 2760/3715
f 2917/3717 2499/3718 2915/3719
f 2497/3720 2499/3718 2917/3717
f 2497/3720 2917/3717 2500/3721
f 2540/3722 2538/3723 3033/3724
f 2916/3725 2921/3726 2917/3727
f 2755/3728 2752/3729 2753/3730
f 3034/3731 2755/3728 2753/3730
f 2756/3732 2755/3728 3034/3731
f 2753/3730 3035/3733 3034/3731
f 3033/3734 3036/3735 2540/3736
f 47/3737 3037/3738 2751/3739
f 2751/3739 3037/3738 2746/3740
f 2751/3739 37/3741 47/3737
f 2746/3740 3037/3738 2749/3742
f 2498/3743 3038/3744 2626/3745
f 3039/3746 3040/3747 3041/3748
f 3041/3748 3040/3747 3042/3749
f 3042/3749 3043/3750 3041/3748
f 3044/3751 3043/3750 3042/3749
f 3043/3750 3044/3751 2756/3752
f 3044/3751 3042/3749 3045/3753
f 2756/3752 3044/3751 36/3754
f 3046/3755 3047/3756 2588/3757
f 3017/3758 3018/3759 3048/3760
f 3019/3761 3017/3758 3048/3760
f 3049/3762 3048/3760 3050/3763
f 474/3764 473/3765 469/3766
f 3051/3767 3052/3768 3053/3769
f 3054/3770 3053/3769 3052/3768
f 2869/3771 3055/3772 2872/3773
f 2868/3774 3055/3772 2869/3771
f 2530/3775 2923/3776 2534/3777
f 2666/3778 2675/3779 2670/3780
f 2663/3781 2675/3779 2666/3778
f 2196/3782 525/3783 524/3784
f 3056/3785 3057/3786 3058/3787
f 2626/3788 2631/3789 2629/3790
f 3059/3791 3060/3792 3061/3793
f 3062/3794 3063/3795 3064/3796
f 2992/3797 3063/3795 3062/3794
f 3062/3794 2991/3798 2992/3797
f 2882/3799 3065/3800 3066/3801
f 2887/3802 2882/3799 3066/3801
f 2970/3803 2972/3804 2975/3805
f 2488/3806 2490/3807 2492/3808
f 3067/3809 3068/3810 3069/3811
f 3069/3811 3068/3810 3070/3812
f 3070/3812 3068/3810 2841/3813
f 3071/3814 3070/3812 2841/3813
f 287/3815 309/3816 248/3817
f 2977/3818 3072/3819 2979/3820
f 2975/3821 2919/3822 2920/3823
f 2035/3824 2032/3825 2043/3826
f 2546/3827 2552/3828 2547/3829
f 2500/3830 2921/3831 2918/3832
f 3073/3833 2971/3834 2974/3835
f 2979/3836 3073/3833 2974/3835
f 3074/3837 3075/3838 3076/3839
f 3077/3840 3078/3841 3079/3842
f 2809/3843 3080/3844 3081/3845
f 3081/3845 2806/3846 2809/3843
f 2820/3847 2806/3846 3081/3845
f 2813/3848 2806/3846 2820/3847
f 3082/3849 3083/3850 3084/3851
f 3085/3852 3082/3849 3084/3851
f 3082/3849 3085/3852 3086/3853
f 3085/3852 3087/3854 3086/3853
f 3088/3855 3089/3856 2905/3857
f 3090/3858 3091/3859 3092/3860
f 3093/3861 3094/3862 3064/3863
f 3093/3861 3064/3863 3063/3864
f 3095/3865 3093/3861 3063/3864
f 3096/3866 3093/3861 3095/3865
f 3097/3867 3098/3868 3099/3869
f 3098/3868 2889/3870 3099/3869
f 3099/3869 2889/3870 3100/3871
f 3101/3872 3102/3873 3103/3874
f 3104/3875 3101/3872 3103/3874
f 3105/3876 3106/3877 3107/3878
f 2286/3879 2289/3880 2268/3881
f 2871/3882 2962/3883 2873/3884
f 2490/3885 2487/3886 2956/3887
f 2810/3888 2806/3889 2813/3890
f 3031/3891 2761/3892 2760/3893
f 3024/3894 3025/3895 3108/3896
f 225/3897 173/3898 205/3899
f 2809/3900 2812/3901 3080/3902
f 3109/3903 3110/3904 3111/3905
f 2501/3906 2498/3907 2497/3908
f 2258/3909 2276/3910 2251/3911
f 3112/3912 3043/3913 2756/3914
f 2627/3915 2628/3916 2634/3917
f 3113/3918 1623/3919 1613/3920
f 1613/3920 3114/3921 3113/3918
f 3115/3922 3116/3923 3117/3924
f 3118/3925 3015/3926 3019/3927
f 3119/3928 3120/3929 3121/3930
f 2173/3931 3121/3930 3120/3929
f 3121/3930 2944/3932 3119/3928
f 3120/3929 2165/3933 2173/3931
f 3121/3930 2173/3931 2944/3932
f 3071/3934 2841/3935 2952/3936
f 2872/3937 2961/3938 2874/3939
f 3122/3940 2961/3938 2872/3937
f 3123/3941 3048/3942 3049/3943
f 3008/3944 3033/3945 2538/3946
f 3033/3947 3008/3948 3023/3949
f 2662/3950 2661/3951 2951/3952
f 2301/3953 2302/3954 2651/3955
f 659/3956 2413/3957 2383/3958
f 2761/3959 3124/3960 2762/3961
f 2274/3962 2268/3963 2289/3964
f 1761/3965 1088/3966 1759/3967
f 3398/4611 2732/3968 2413/3969
f 3409/4612 3398/4611 2413/3969
f 3409/4613 2413/3969 659/3970
f 3239/4614 3409/4613 659/3970
f 2621/3971 2146/3972 2145/3973
f 2621/3971 2145/3973 2153/3974
f 2761/3975 3125/3976 3124/3977
f 3109/3978 3103/3979 3126/3980
f 3023/3981 3060/3982 3033/3983
f 3127/3984 3094/3985 3096/3986
f 3030/3987 3128/3988 3129/3989
f 3076/3990 3109/3991 3111/3992
f 3109/3993 3130/3994 3110/3995
f 3112/3996 3131/3997 3043/3998
f 2762/3999 3124/4000 3132/4001
f 3133/4002 3134/4003 3092/4004
f 3135/4005 3054/4006 3136/4007
f 3057/4008 3135/4005 3136/4007
f 3056/4009 3135/4005 3057/4008
f 3057/4008 3136/4007 3058/4010
f 3137/4011 3024/4012 3108/4013
f 3138/4014 3137/4011 3108/4013
f 3106/4015 3139/4016 3140/4017
f 2809/4018 2806/4019 2804/4020
f 3030/4021 3129/4022 3031/4023
f 2486/4024 2954/4025 2956/4026
f 2952/4027 2841/4028 2846/4029
f 2264/4030 2251/4031 2276/4032
f 3141/4033 2868/4034 3142/4035
f 2868/4034 3143/4036 3142/4035
f 3063/4037 3144/4038 3095/4039
f 1635/4040 1634/4041 3145/4042
f 3146/4043 3112/4044 2756/4045
f 3032/4046 3147/4047 3148/4048
f 3065/4049 3056/4050 3058/4051
f 2979/4052 3149/4053 3073/4054
f 2979/4052 3072/4055 3149/4053
f 3150/4056 3151/4057 3152/4058
f 3153/4059 3150/4056 3152/4058
f 3154/4060 3153/4061 3152/4062
f 3152/4062 3155/4063 3154/4060
f 3156/4064 3155/4063 3152/4062
f 3155/4063 3156/4064 2759/4065
f 2764/4066 3025/4067 2765/4068
f 1758/4069 1757/4070 2812/4071
f 2762/4072 2767/4073 2760/4074
f 3349/4615 2358/4075 2359/4076
f 3348/4616 3349/4615 2359/4076
f 3157/4077 3013/4078 3158/4079
f 3013/4078 3157/4077 3014/4080
f 3159/4081 3016/4082 3015/4083
f 2749/4084 3160/4085 2753/4086
f 3161/4087 3162/4088 3163/4089
f 3163/4089 3162/4088 3164/4090
f 3025/4091 3026/4092 2765/4093
f 2972/4094 3165/4095 3166/4096
f 3166/4096 2919/4097 2972/4094
f 2761/4098 3031/4099 3129/4100
f 2812/4101 1757/4102 1113/4103
f 2812/4101 1113/4103 3080/4104
f 3167/4105 2868/4106 2867/4107
f 3410/4617 2731/4109 2728/4108
f 3393/4618 3410/4617 2728/4108
f 3101/4110 3162/4111 3168/4112
f 2877/4113 2876/4114 3169/4115
f 3170/4116 2948/4117 3171/4118
f 2676/4119 2681/4120 2672/4121
f 3172/4122 3173/4123 2683/4124
f 3174/4125 3072/4126 2977/4127
f 3073/4128 2993/4129 3175/4130
f 3175/4130 2971/4131 3073/4128
f 3176/4132 3177/4133 3178/4134
f 3178/4134 3179/4135 3176/4132
f 2871/4136 2870/4137 2874/4138
f 3180/4139 3118/4140 3181/4141
f 3013/4142 3010/4143 3009/4144
f 3096/4145 3094/4146 3093/4147
f 2548/4148 2630/4149 2631/4150
f 3182/4151 3133/4152 3183/4153
f 3184/4154 3185/4155 3092/4156
f 2409/4157 2405/4158 3186/4159
f 3187/4160 3188/4161 3189/4162
f 3051/4163 3190/4164 3191/4165
f 2490/4166 3192/4167 2492/4168
f 3110/4169 3035/4170 3111/4171
f 3193/4172 3411/4619 3412/4620
f 3411/4621 3193/4172 2731/4173
f 3410/4622 3411/4621 2731/4173
f 2731/4173 3193/4172 2732/4174
f 2767/4175 2764/4176 2760/4177
f 2621/4178 2864/4179 2618/4180
f 2732/4181 3193/4182 2413/4183
f 3194/4184 3195/4185 3196/4186
f 3197/4187 266/4188 3198/4189
f 3199/4190 1106/4191 3200/4192
f 3201/4193 3202/4194 2506/4195
f 3025/4196 2764/4197 3108/4198
f 2486/4199 2956/4200 2487/4201
f 2659/4202 2951/4203 2661/4204
f 3011/4205 84/4206 3009/4207
f 3413/4623 3641/5066 3642/5067
